text,intent
get time request number 295,GET_TIME
mute command number 569,MUTE
open application number 1244,OPEN_APP
get time request number 325,GET_TIME
mute command number 137,MUTE
open file number 408,OPEN_FILE
mute command number 1141,MUTE
get time request number 729,GET_TIME
mute command number 527,MUTE
unmute command number 1038,UNMUTE
general conversation number 253,GENERAL_CONVERSATION
mute command number 444,MUTE
general conversation number 989,GENERAL_CONVERSATION
get time request number 1346,GET_TIME
get time request number 869,GET_TIME
get time request number 998,GET_TIME
mute command number 1271,MUTE
open file number 636,OPEN_FILE
general conversation number 33,GENERAL_CONVERSATION
open file number 438,OPEN_FILE
search query number 520,WEB_SEARCH
search query number 1039,WEB_SEARCH
mute command number 66,MUTE
open application number 390,OPEN_APP
search query number 1120,WEB_SEARCH
open file number 951,OPEN_FILE
open file number 413,OPEN_FILE
search query number 618,WEB_SEARCH
open application number 949,OPEN_APP
open application number 1132,OPEN_APP
general conversation number 415,GENERAL_CONVERSATION
open file number 87,OPEN_FILE
get time request number 1400,GET_TIME
open application number 121,OPEN_APP
get time request number 290,GET_TIME
search query number 1085,WEB_SEARCH
general conversation number 285,GENERAL_CONVERSATION
unmute command number 682,UNMUTE
mute command number 617,MUTE
search query number 221,WEB_SEARCH
open application number 586,OPEN_APP
open file number 98,OPEN_FILE
open file number 991,OPEN_FILE
mute command number 1424,MUTE
mute command number 52,MUTE
search query number 879,WEB_SEARCH
get time request number 1125,GET_TIME
unmute command number 830,UNMUTE
search query number 415,WEB_SEARCH
search query number 88,WEB_SEARCH
general conversation number 594,GENERAL_CONVERSATION
open file number 929,OPEN_FILE
mute command number 1022,MUTE
general conversation number 55,GENERAL_CONVERSATION
unmute command number 1028,UNMUTE
unmute command number 1097,UNMUTE
open file number 1199,OPEN_FILE
search query number 217,WEB_SEARCH
general conversation number 830,GENERAL_CONVERSATION
unmute command number 1109,UNMUTE
search query number 301,WEB_SEARCH
get time request number 627,GET_TIME
search query number 1034,WEB_SEARCH
get time request number 835,GET_TIME
search query number 1111,WEB_SEARCH
open file number 55,OPEN_FILE
open file number 278,OPEN_FILE
get time request number 854,GET_TIME
get time request number 487,GET_TIME
open file number 1330,OPEN_FILE
open application number 151,OPEN_APP
open application number 881,OPEN_APP
mute command number 579,MUTE
get time request number 940,GET_TIME
get time request number 593,GET_TIME
get time request number 1167,GET_TIME
search query number 324,WEB_SEARCH
search query number 1,WEB_SEARCH
get time request number 1272,GET_TIME
open file number 373,OPEN_FILE
open file number 1220,OPEN_FILE
open application number 555,OPEN_APP
search query number 158,WEB_SEARCH
open application number 1344,OPEN_APP
get time request number 373,GET_TIME
open application number 810,OPEN_APP
get time request number 929,GET_TIME
unmute command number 58,UNMUTE
mute command number 752,MUTE
open application number 323,OPEN_APP
open application number 703,OPEN_APP
open file number 1053,OPEN_FILE
general conversation number 1292,GENERAL_CONVERSATION
get time request number 475,GET_TIME
mute command number 261,MUTE
open file number 865,OPEN_FILE
open file number 239,OPEN_FILE
unmute command number 328,UNMUTE
open application number 461,OPEN_APP
search query number 1048,WEB_SEARCH
unmute command number 340,UNMUTE
open file number 1068,OPEN_FILE
search query number 355,WEB_SEARCH
open application number 127,OPEN_APP
search query number 804,WEB_SEARCH
open application number 906,OPEN_APP
general conversation number 293,GENERAL_CONVERSATION
get time request number 1031,GET_TIME
get time request number 840,GET_TIME
mute command number 1205,MUTE
general conversation number 1071,GENERAL_CONVERSATION
open file number 1230,OPEN_FILE
get time request number 823,GET_TIME
open application number 1220,OPEN_APP
search query number 1303,WEB_SEARCH
search query number 1392,WEB_SEARCH
open application number 1218,OPEN_APP
mute command number 711,MUTE
open file number 956,OPEN_FILE
open file number 869,OPEN_FILE
general conversation number 1341,GENERAL_CONVERSATION
open application number 68,OPEN_APP
general conversation number 960,GENERAL_CONVERSATION
search query number 903,WEB_SEARCH
mute command number 1104,MUTE
open application number 98,OPEN_APP
unmute command number 1398,UNMUTE
search query number 1152,WEB_SEARCH
general conversation number 699,GENERAL_CONVERSATION
search query number 976,WEB_SEARCH
get time request number 752,GET_TIME
search query number 26,WEB_SEARCH
open application number 524,OPEN_APP
mute command number 568,MUTE
mute command number 301,MUTE
search query number 989,WEB_SEARCH
search query number 228,WEB_SEARCH
general conversation number 664,GENERAL_CONVERSATION
mute command number 1311,MUTE
unmute command number 648,UNMUTE
open file number 630,OPEN_FILE
mute command number 651,MUTE
get time request number 195,GET_TIME
general conversation number 332,GENERAL_CONVERSATION
open file number 279,OPEN_FILE
mute command number 1088,MUTE
open application number 1061,OPEN_APP
general conversation number 1424,GENERAL_CONVERSATION
open application number 1158,OPEN_APP
general conversation number 1347,GENERAL_CONVERSATION
search query number 479,WEB_SEARCH
mute command number 818,MUTE
general conversation number 287,GENERAL_CONVERSATION
get time request number 64,GET_TIME
mute command number 35,MUTE
general conversation number 1107,GENERAL_CONVERSATION
open file number 978,OPEN_FILE
open application number 211,OPEN_APP
mute command number 1042,MUTE
get time request number 1092,GET_TIME
mute command number 193,MUTE
open file number 839,OPEN_FILE
mute command number 1232,MUTE
mute command number 873,MUTE
search query number 1238,WEB_SEARCH
general conversation number 789,GENERAL_CONVERSATION
search query number 356,WEB_SEARCH
open file number 4,OPEN_FILE
unmute command number 344,UNMUTE
search query number 247,WEB_SEARCH
search query number 613,WEB_SEARCH
general conversation number 606,GENERAL_CONVERSATION
open application number 88,OPEN_APP
mute command number 1324,MUTE
unmute command number 885,UNMUTE
general conversation number 1079,GENERAL_CONVERSATION
search query number 806,WEB_SEARCH
open file number 753,OPEN_FILE
get time request number 292,GET_TIME
mute command number 1313,MUTE
open file number 199,OPEN_FILE
open file number 827,OPEN_FILE
unmute command number 1242,UNMUTE
search query number 1364,WEB_SEARCH
get time request number 1215,GET_TIME
unmute command number 593,UNMUTE
search query number 530,WEB_SEARCH
get time request number 1121,GET_TIME
search query number 1378,WEB_SEARCH
general conversation number 243,GENERAL_CONVERSATION
open file number 1313,OPEN_FILE
search query number 711,WEB_SEARCH
open application number 1242,OPEN_APP
search query number 666,WEB_SEARCH
general conversation number 993,GENERAL_CONVERSATION
get time request number 8,GET_TIME
open file number 1001,OPEN_FILE
open file number 726,OPEN_FILE
mute command number 144,MUTE
get time request number 66,GET_TIME
general conversation number 106,GENERAL_CONVERSATION
mute command number 814,MUTE
open application number 209,OPEN_APP
open file number 967,OPEN_FILE
mute command number 1083,MUTE
mute command number 95,MUTE
general conversation number 1231,GENERAL_CONVERSATION
search query number 1190,WEB_SEARCH
get time request number 1209,GET_TIME
get time request number 130,GET_TIME
unmute command number 607,UNMUTE
open application number 190,OPEN_APP
open file number 579,OPEN_FILE
unmute command number 518,UNMUTE
open file number 558,OPEN_FILE
general conversation number 69,GENERAL_CONVERSATION
get time request number 1012,GET_TIME
get time request number 1180,GET_TIME
general conversation number 486,GENERAL_CONVERSATION
general conversation number 456,GENERAL_CONVERSATION
open application number 1216,OPEN_APP
unmute command number 979,UNMUTE
search query number 578,WEB_SEARCH
mute command number 422,MUTE
general conversation number 118,GENERAL_CONVERSATION
open file number 1299,OPEN_FILE
search query number 1016,WEB_SEARCH
get time request number 1208,GET_TIME
get time request number 654,GET_TIME
get time request number 478,GET_TIME
search query number 506,WEB_SEARCH
mute command number 599,MUTE
mute command number 499,MUTE
unmute command number 1310,UNMUTE
unmute command number 225,UNMUTE
search query number 537,WEB_SEARCH
search query number 24,WEB_SEARCH
mute command number 250,MUTE
unmute command number 276,UNMUTE
general conversation number 254,GENERAL_CONVERSATION
unmute command number 1402,UNMUTE
get time request number 24,GET_TIME
get time request number 881,GET_TIME
get time request number 1052,GET_TIME
general conversation number 491,GENERAL_CONVERSATION
mute command number 111,MUTE
mute command number 990,MUTE
open file number 381,OPEN_FILE
open file number 1419,OPEN_FILE
general conversation number 99,GENERAL_CONVERSATION
general conversation number 189,GENERAL_CONVERSATION
search query number 1393,WEB_SEARCH
search query number 762,WEB_SEARCH
open file number 1110,OPEN_FILE
unmute command number 1055,UNMUTE
search query number 202,WEB_SEARCH
unmute command number 273,UNMUTE
open file number 491,OPEN_FILE
unmute command number 1158,UNMUTE
mute command number 559,MUTE
open application number 1276,OPEN_APP
unmute command number 1260,UNMUTE
search query number 718,WEB_SEARCH
unmute command number 797,UNMUTE
mute command number 161,MUTE
open application number 752,OPEN_APP
open file number 364,OPEN_FILE
open application number 612,OPEN_APP
open application number 562,OPEN_APP
open file number 471,OPEN_FILE
get time request number 557,GET_TIME
open application number 1367,OPEN_APP
search query number 1366,WEB_SEARCH
search query number 833,WEB_SEARCH
open application number 736,OPEN_APP
search query number 283,WEB_SEARCH
get time request number 797,GET_TIME
get time request number 716,GET_TIME
get time request number 693,GET_TIME
open application number 811,OPEN_APP
open file number 147,OPEN_FILE
unmute command number 594,UNMUTE
open file number 740,OPEN_FILE
get time request number 196,GET_TIME
get time request number 925,GET_TIME
general conversation number 857,GENERAL_CONVERSATION
general conversation number 581,GENERAL_CONVERSATION
search query number 1062,WEB_SEARCH
general conversation number 227,GENERAL_CONVERSATION
mute command number 106,MUTE
open application number 313,OPEN_APP
general conversation number 1177,GENERAL_CONVERSATION
open file number 1339,OPEN_FILE
open file number 655,OPEN_FILE
general conversation number 995,GENERAL_CONVERSATION
unmute command number 375,UNMUTE
open application number 648,OPEN_APP
open application number 178,OPEN_APP
mute command number 896,MUTE
get time request number 9,GET_TIME
get time request number 355,GET_TIME
open application number 1079,OPEN_APP
general conversation number 1159,GENERAL_CONVERSATION
general conversation number 1163,GENERAL_CONVERSATION
open file number 864,OPEN_FILE
general conversation number 1285,GENERAL_CONVERSATION
open application number 119,OPEN_APP
open file number 228,OPEN_FILE
general conversation number 690,GENERAL_CONVERSATION
unmute command number 161,UNMUTE
general conversation number 765,GENERAL_CONVERSATION
search query number 698,WEB_SEARCH
unmute command number 486,UNMUTE
get time request number 1194,GET_TIME
search query number 1252,WEB_SEARCH
get time request number 1066,GET_TIME
open file number 977,OPEN_FILE
unmute command number 864,UNMUTE
unmute command number 650,UNMUTE
general conversation number 1230,GENERAL_CONVERSATION
mute command number 350,MUTE
open application number 1027,OPEN_APP
mute command number 1345,MUTE
open application number 669,OPEN_APP
mute command number 785,MUTE
mute command number 127,MUTE
mute command number 507,MUTE
general conversation number 906,GENERAL_CONVERSATION
get time request number 1342,GET_TIME
general conversation number 795,GENERAL_CONVERSATION
open application number 1087,OPEN_APP
unmute command number 1148,UNMUTE
mute command number 58,MUTE
mute command number 396,MUTE
search query number 1231,WEB_SEARCH
mute command number 1157,MUTE
unmute command number 212,UNMUTE
open application number 1290,OPEN_APP
open file number 1145,OPEN_FILE
general conversation number 150,GENERAL_CONVERSATION
general conversation number 183,GENERAL_CONVERSATION
open file number 528,OPEN_FILE
search query number 325,WEB_SEARCH
open file number 794,OPEN_FILE
unmute command number 455,UNMUTE
general conversation number 263,GENERAL_CONVERSATION
mute command number 573,MUTE
get time request number 618,GET_TIME
unmute command number 1321,UNMUTE
open file number 1390,OPEN_FILE
get time request number 690,GET_TIME
mute command number 1154,MUTE
search query number 468,WEB_SEARCH
open file number 1024,OPEN_FILE
get time request number 120,GET_TIME
open application number 826,OPEN_APP
open application number 1074,OPEN_APP
search query number 353,WEB_SEARCH
general conversation number 258,GENERAL_CONVERSATION
get time request number 551,GET_TIME
unmute command number 1102,UNMUTE
get time request number 1156,GET_TIME
open application number 116,OPEN_APP
get time request number 596,GET_TIME
get time request number 63,GET_TIME
unmute command number 1214,UNMUTE
general conversation number 1167,GENERAL_CONVERSATION
mute command number 347,MUTE
open file number 574,OPEN_FILE
get time request number 10,GET_TIME
open file number 1349,OPEN_FILE
unmute command number 430,UNMUTE
mute command number 25,MUTE
general conversation number 459,GENERAL_CONVERSATION
mute command number 604,MUTE
get time request number 207,GET_TIME
mute command number 1408,MUTE
get time request number 1426,GET_TIME
get time request number 1377,GET_TIME
general conversation number 431,GENERAL_CONVERSATION
general conversation number 390,GENERAL_CONVERSATION
get time request number 1118,GET_TIME
general conversation number 979,GENERAL_CONVERSATION
open file number 776,OPEN_FILE
general conversation number 1410,GENERAL_CONVERSATION
mute command number 1008,MUTE
get time request number 1368,GET_TIME
open file number 1281,OPEN_FILE
open file number 1295,OPEN_FILE
open file number 342,OPEN_FILE
get time request number 946,GET_TIME
search query number 854,WEB_SEARCH
open application number 4,OPEN_APP
open application number 664,OPEN_APP
search query number 141,WEB_SEARCH
open application number 1401,OPEN_APP
get time request number 1356,GET_TIME
general conversation number 295,GENERAL_CONVERSATION
mute command number 332,MUTE
general conversation number 787,GENERAL_CONVERSATION
open application number 833,OPEN_APP
search query number 28,WEB_SEARCH
open file number 811,OPEN_FILE
general conversation number 733,GENERAL_CONVERSATION
search query number 587,WEB_SEARCH
get time request number 298,GET_TIME
mute command number 690,MUTE
search query number 238,WEB_SEARCH
search query number 1129,WEB_SEARCH
search query number 419,WEB_SEARCH
general conversation number 1109,GENERAL_CONVERSATION
general conversation number 970,GENERAL_CONVERSATION
search query number 1227,WEB_SEARCH
search query number 941,WEB_SEARCH
search query number 1211,WEB_SEARCH
open file number 177,OPEN_FILE
search query number 650,WEB_SEARCH
general conversation number 279,GENERAL_CONVERSATION
search query number 156,WEB_SEARCH
open application number 1233,OPEN_APP
general conversation number 1205,GENERAL_CONVERSATION
unmute command number 69,UNMUTE
general conversation number 1010,GENERAL_CONVERSATION
search query number 351,WEB_SEARCH
general conversation number 756,GENERAL_CONVERSATION
get time request number 499,GET_TIME
mute command number 810,MUTE
open application number 961,OPEN_APP
general conversation number 246,GENERAL_CONVERSATION
general conversation number 461,GENERAL_CONVERSATION
mute command number 84,MUTE
search query number 694,WEB_SEARCH
search query number 146,WEB_SEARCH
open application number 1317,OPEN_APP
unmute command number 995,UNMUTE
mute command number 702,MUTE
unmute command number 466,UNMUTE
unmute command number 614,UNMUTE
mute command number 1404,MUTE
get time request number 344,GET_TIME
open file number 1192,OPEN_FILE
mute command number 1020,MUTE
mute command number 945,MUTE
get time request number 1080,GET_TIME
general conversation number 735,GENERAL_CONVERSATION
mute command number 673,MUTE
open application number 1352,OPEN_APP
unmute command number 1236,UNMUTE
search query number 1232,WEB_SEARCH
open application number 656,OPEN_APP
mute command number 434,MUTE
general conversation number 321,GENERAL_CONVERSATION
search query number 709,WEB_SEARCH
open file number 89,OPEN_FILE
unmute command number 962,UNMUTE
get time request number 938,GET_TIME
search query number 394,WEB_SEARCH
unmute command number 735,UNMUTE
mute command number 280,MUTE
unmute command number 258,UNMUTE
search query number 380,WEB_SEARCH
get time request number 1232,GET_TIME
open file number 641,OPEN_FILE
search query number 498,WEB_SEARCH
search query number 862,WEB_SEARCH
general conversation number 56,GENERAL_CONVERSATION
get time request number 605,GET_TIME
unmute command number 799,UNMUTE
open file number 1143,OPEN_FILE
search query number 1213,WEB_SEARCH
get time request number 885,GET_TIME
mute command number 1194,MUTE
search query number 1042,WEB_SEARCH
open application number 377,OPEN_APP
open file number 846,OPEN_FILE
search query number 584,WEB_SEARCH
unmute command number 6,UNMUTE
open file number 903,OPEN_FILE
open application number 206,OPEN_APP
mute command number 24,MUTE
mute command number 878,MUTE
search query number 1397,WEB_SEARCH
general conversation number 593,GENERAL_CONVERSATION
open application number 860,OPEN_APP
search query number 456,WEB_SEARCH
general conversation number 558,GENERAL_CONVERSATION
general conversation number 1294,GENERAL_CONVERSATION
open file number 622,OPEN_FILE
open application number 1217,OPEN_APP
unmute command number 143,UNMUTE
mute command number 272,MUTE
general conversation number 677,GENERAL_CONVERSATION
mute command number 554,MUTE
get time request number 227,GET_TIME
open application number 126,OPEN_APP
get time request number 206,GET_TIME
mute command number 886,MUTE
search query number 1317,WEB_SEARCH
search query number 831,WEB_SEARCH
unmute command number 1408,UNMUTE
open file number 1046,OPEN_FILE
open file number 201,OPEN_FILE
general conversation number 1313,GENERAL_CONVERSATION
get time request number 544,GET_TIME
unmute command number 963,UNMUTE
open file number 1360,OPEN_FILE
open application number 388,OPEN_APP
get time request number 462,GET_TIME
search query number 605,WEB_SEARCH
open file number 796,OPEN_FILE
unmute command number 445,UNMUTE
unmute command number 1312,UNMUTE
open file number 623,OPEN_FILE
get time request number 975,GET_TIME
unmute command number 2,UNMUTE
general conversation number 900,GENERAL_CONVERSATION
search query number 364,WEB_SEARCH
get time request number 524,GET_TIME
open file number 1240,OPEN_FILE
open file number 91,OPEN_FILE
open file number 208,OPEN_FILE
unmute command number 585,UNMUTE
general conversation number 1002,GENERAL_CONVERSATION
unmute command number 899,UNMUTE
general conversation number 715,GENERAL_CONVERSATION
search query number 656,WEB_SEARCH
open file number 1291,OPEN_FILE
open file number 778,OPEN_FILE
unmute command number 480,UNMUTE
open file number 1092,OPEN_FILE
get time request number 1188,GET_TIME
unmute command number 989,UNMUTE
unmute command number 527,UNMUTE
search query number 1417,WEB_SEARCH
general conversation number 1182,GENERAL_CONVERSATION
unmute command number 588,UNMUTE
open file number 433,OPEN_FILE
general conversation number 207,GENERAL_CONVERSATION
open file number 1294,OPEN_FILE
mute command number 37,MUTE
get time request number 1024,GET_TIME
mute command number 555,MUTE
search query number 716,WEB_SEARCH
unmute command number 424,UNMUTE
general conversation number 180,GENERAL_CONVERSATION
unmute command number 371,UNMUTE
unmute command number 285,UNMUTE
general conversation number 185,GENERAL_CONVERSATION
search query number 954,WEB_SEARCH
open file number 1267,OPEN_FILE
get time request number 678,GET_TIME
open application number 382,OPEN_APP
open file number 218,OPEN_FILE
search query number 908,WEB_SEARCH
search query number 637,WEB_SEARCH
general conversation number 393,GENERAL_CONVERSATION
search query number 609,WEB_SEARCH
open application number 1384,OPEN_APP
open application number 1166,OPEN_APP
get time request number 774,GET_TIME
search query number 1229,WEB_SEARCH
search query number 1226,WEB_SEARCH
mute command number 903,MUTE
general conversation number 779,GENERAL_CONVERSATION
open file number 490,OPEN_FILE
open application number 582,OPEN_APP
open file number 506,OPEN_FILE
unmute command number 211,UNMUTE
open application number 895,OPEN_APP
unmute command number 1338,UNMUTE
unmute command number 348,UNMUTE
unmute command number 110,UNMUTE
unmute command number 298,UNMUTE
general conversation number 328,GENERAL_CONVERSATION
get time request number 32,GET_TIME
open file number 565,OPEN_FILE
get time request number 677,GET_TIME
mute command number 756,MUTE
open application number 967,OPEN_APP
unmute command number 1363,UNMUTE
unmute command number 904,UNMUTE
open file number 720,OPEN_FILE
open application number 134,OPEN_APP
search query number 547,WEB_SEARCH
general conversation number 272,GENERAL_CONVERSATION
open file number 169,OPEN_FILE
get time request number 941,GET_TIME
general conversation number 61,GENERAL_CONVERSATION
open application number 889,OPEN_APP
open file number 499,OPEN_FILE
mute command number 324,MUTE
general conversation number 691,GENERAL_CONVERSATION
open application number 1149,OPEN_APP
open file number 1227,OPEN_FILE
get time request number 101,GET_TIME
open file number 921,OPEN_FILE
mute command number 741,MUTE
open application number 417,OPEN_APP
mute command number 913,MUTE
search query number 370,WEB_SEARCH
open file number 238,OPEN_FILE
general conversation number 580,GENERAL_CONVERSATION
get time request number 456,GET_TIME
search query number 357,WEB_SEARCH
unmute command number 734,UNMUTE
unmute command number 844,UNMUTE
mute command number 380,MUTE
open application number 1408,OPEN_APP
mute command number 828,MUTE
unmute command number 230,UNMUTE
open file number 521,OPEN_FILE
unmute command number 974,UNMUTE
open application number 708,OPEN_APP
unmute command number 972,UNMUTE
search query number 1389,WEB_SEARCH
unmute command number 1410,UNMUTE
open application number 1115,OPEN_APP
mute command number 358,MUTE
search query number 209,WEB_SEARCH
general conversation number 465,GENERAL_CONVERSATION
open application number 318,OPEN_APP
mute command number 511,MUTE
unmute command number 976,UNMUTE
search query number 994,WEB_SEARCH
mute command number 712,MUTE
mute command number 465,MUTE
open application number 768,OPEN_APP
mute command number 1384,MUTE
mute command number 1193,MUTE
get time request number 287,GET_TIME
mute command number 921,MUTE
general conversation number 571,GENERAL_CONVERSATION
mute command number 113,MUTE
general conversation number 1343,GENERAL_CONVERSATION
general conversation number 1274,GENERAL_CONVERSATION
unmute command number 1144,UNMUTE
mute command number 849,MUTE
get time request number 244,GET_TIME
general conversation number 226,GENERAL_CONVERSATION
open file number 1343,OPEN_FILE
mute command number 406,MUTE
get time request number 629,GET_TIME
get time request number 651,GET_TIME
mute command number 497,MUTE
open application number 274,OPEN_APP
unmute command number 489,UNMUTE
unmute command number 819,UNMUTE
open application number 581,OPEN_APP
general conversation number 649,GENERAL_CONVERSATION
search query number 649,WEB_SEARCH
open application number 425,OPEN_APP
get time request number 180,GET_TIME
open file number 266,OPEN_FILE
get time request number 721,GET_TIME
get time request number 683,GET_TIME
open application number 150,OPEN_APP
open application number 539,OPEN_APP
open file number 1147,OPEN_FILE
get time request number 1116,GET_TIME
open application number 655,OPEN_APP
open file number 1354,OPEN_FILE
mute command number 1172,MUTE
general conversation number 726,GENERAL_CONVERSATION
mute command number 1073,MUTE
get time request number 454,GET_TIME
search query number 1336,WEB_SEARCH
get time request number 1153,GET_TIME
open file number 107,OPEN_FILE
get time request number 1091,GET_TIME
unmute command number 624,UNMUTE
open file number 1004,OPEN_FILE
open application number 122,OPEN_APP
get time request number 1113,GET_TIME
open application number 340,OPEN_APP
mute command number 1171,MUTE
general conversation number 432,GENERAL_CONVERSATION
search query number 1199,WEB_SEARCH
mute command number 452,MUTE
open application number 128,OPEN_APP
general conversation number 638,GENERAL_CONVERSATION
mute command number 1364,MUTE
search query number 887,WEB_SEARCH
search query number 255,WEB_SEARCH
get time request number 508,GET_TIME
search query number 66,WEB_SEARCH
mute command number 333,MUTE
search query number 136,WEB_SEARCH
general conversation number 1180,GENERAL_CONVERSATION
mute command number 1387,MUTE
open file number 932,OPEN_FILE
open file number 944,OPEN_FILE
search query number 872,WEB_SEARCH
unmute command number 537,UNMUTE
get time request number 1291,GET_TIME
general conversation number 613,GENERAL_CONVERSATION
open file number 40,OPEN_FILE
unmute command number 369,UNMUTE
unmute command number 121,UNMUTE
mute command number 1393,MUTE
open application number 37,OPEN_APP
mute command number 401,MUTE
search query number 561,WEB_SEARCH
search query number 568,WEB_SEARCH
general conversation number 277,GENERAL_CONVERSATION
unmute command number 147,UNMUTE
general conversation number 746,GENERAL_CONVERSATION
unmute command number 655,UNMUTE
get time request number 1084,GET_TIME
open file number 1018,OPEN_FILE
unmute command number 929,UNMUTE
open file number 309,OPEN_FILE
open file number 792,OPEN_FILE
mute command number 39,MUTE
open application number 1197,OPEN_APP
open application number 727,OPEN_APP
open application number 168,OPEN_APP
mute command number 245,MUTE
unmute command number 436,UNMUTE
open application number 835,OPEN_APP
search query number 1346,WEB_SEARCH
general conversation number 190,GENERAL_CONVERSATION
search query number 622,WEB_SEARCH
open application number 658,OPEN_APP
mute command number 1023,MUTE
get time request number 1135,GET_TIME
open application number 917,OPEN_APP
mute command number 1427,MUTE
search query number 68,WEB_SEARCH
open application number 806,OPEN_APP
get time request number 582,GET_TIME
open file number 1341,OPEN_FILE
open application number 831,OPEN_APP
open file number 182,OPEN_FILE
open file number 901,OPEN_FILE
mute command number 408,MUTE
open file number 613,OPEN_FILE
open application number 1055,OPEN_APP
open application number 488,OPEN_APP
search query number 1214,WEB_SEARCH
unmute command number 659,UNMUTE
unmute command number 1237,UNMUTE
get time request number 1073,GET_TIME
search query number 665,WEB_SEARCH
mute command number 379,MUTE
open application number 110,OPEN_APP
general conversation number 700,GENERAL_CONVERSATION
mute command number 608,MUTE
mute command number 551,MUTE
open application number 862,OPEN_APP
unmute command number 750,UNMUTE
general conversation number 1340,GENERAL_CONVERSATION
mute command number 116,MUTE
get time request number 104,GET_TIME
mute command number 1219,MUTE
get time request number 393,GET_TIME
general conversation number 1176,GENERAL_CONVERSATION
open file number 1253,OPEN_FILE
get time request number 422,GET_TIME
open file number 25,OPEN_FILE
mute command number 718,MUTE
open application number 960,OPEN_APP
get time request number 638,GET_TIME
general conversation number 660,GENERAL_CONVERSATION
search query number 615,WEB_SEARCH
general conversation number 888,GENERAL_CONVERSATION
unmute command number 1137,UNMUTE
search query number 1255,WEB_SEARCH
search query number 1028,WEB_SEARCH
search query number 245,WEB_SEARCH
search query number 886,WEB_SEARCH
search query number 834,WEB_SEARCH
get time request number 658,GET_TIME
open file number 994,OPEN_FILE
mute command number 1406,MUTE
mute command number 238,MUTE
open file number 1037,OPEN_FILE
unmute command number 1171,UNMUTE
general conversation number 289,GENERAL_CONVERSATION
search query number 1212,WEB_SEARCH
unmute command number 1119,UNMUTE
general conversation number 1043,GENERAL_CONVERSATION
unmute command number 722,UNMUTE
unmute command number 1135,UNMUTE
unmute command number 826,UNMUTE
mute command number 480,MUTE
open file number 71,OPEN_FILE
general conversation number 1057,GENERAL_CONVERSATION
get time request number 93,GET_TIME
get time request number 297,GET_TIME
open file number 288,OPEN_FILE
mute command number 1355,MUTE
search query number 922,WEB_SEARCH
get time request number 896,GET_TIME
unmute command number 337,UNMUTE
search query number 897,WEB_SEARCH
unmute command number 732,UNMUTE
open application number 770,OPEN_APP
general conversation number 242,GENERAL_CONVERSATION
open application number 54,OPEN_APP
mute command number 881,MUTE
open file number 886,OPEN_FILE
search query number 1253,WEB_SEARCH
search query number 269,WEB_SEARCH
general conversation number 1112,GENERAL_CONVERSATION
unmute command number 834,UNMUTE
get time request number 84,GET_TIME
mute command number 1166,MUTE
mute command number 647,MUTE
open application number 379,OPEN_APP
general conversation number 449,GENERAL_CONVERSATION
get time request number 667,GET_TIME
general conversation number 851,GENERAL_CONVERSATION
open application number 1374,OPEN_APP
mute command number 305,MUTE
general conversation number 884,GENERAL_CONVERSATION
search query number 442,WEB_SEARCH
get time request number 203,GET_TIME
open application number 384,OPEN_APP
open file number 411,OPEN_FILE
unmute command number 244,UNMUTE
unmute command number 835,UNMUTE
open application number 1306,OPEN_APP
general conversation number 130,GENERAL_CONVERSATION
general conversation number 1212,GENERAL_CONVERSATION
mute command number 1137,MUTE
mute command number 722,MUTE
mute command number 1356,MUTE
get time request number 29,GET_TIME
mute command number 312,MUTE
general conversation number 657,GENERAL_CONVERSATION
general conversation number 1261,GENERAL_CONVERSATION
search query number 414,WEB_SEARCH
unmute command number 1293,UNMUTE
get time request number 308,GET_TIME
search query number 778,WEB_SEARCH
mute command number 786,MUTE
open file number 546,OPEN_FILE
search query number 1123,WEB_SEARCH
open file number 94,OPEN_FILE
mute command number 336,MUTE
mute command number 720,MUTE
general conversation number 1380,GENERAL_CONVERSATION
unmute command number 1069,UNMUTE
unmute command number 787,UNMUTE
get time request number 2,GET_TIME
mute command number 235,MUTE
general conversation number 1300,GENERAL_CONVERSATION
mute command number 186,MUTE
open file number 575,OPEN_FILE
open application number 117,OPEN_APP
open application number 1068,OPEN_APP
get time request number 1271,GET_TIME
open application number 113,OPEN_APP
mute command number 1333,MUTE
mute command number 382,MUTE
search query number 617,WEB_SEARCH
open file number 824,OPEN_FILE
general conversation number 996,GENERAL_CONVERSATION
open file number 557,OPEN_FILE
mute command number 251,MUTE
mute command number 930,MUTE
open application number 459,OPEN_APP
mute command number 121,MUTE
mute command number 1003,MUTE
general conversation number 402,GENERAL_CONVERSATION
open file number 1272,OPEN_FILE
general conversation number 1359,GENERAL_CONVERSATION
get time request number 25,GET_TIME
general conversation number 527,GENERAL_CONVERSATION
unmute command number 765,UNMUTE
mute command number 671,MUTE
unmute command number 725,UNMUTE
general conversation number 719,GENERAL_CONVERSATION
mute command number 242,MUTE
general conversation number 881,GENERAL_CONVERSATION
unmute command number 1354,UNMUTE
open file number 112,OPEN_FILE
unmute command number 910,UNMUTE
open file number 1314,OPEN_FILE
open file number 1358,OPEN_FILE
get time request number 640,GET_TIME
open file number 612,OPEN_FILE
mute command number 407,MUTE
get time request number 293,GET_TIME
unmute command number 1230,UNMUTE
mute command number 1350,MUTE
general conversation number 1166,GENERAL_CONVERSATION
open application number 1176,OPEN_APP
open application number 392,OPEN_APP
mute command number 738,MUTE
open file number 1093,OPEN_FILE
open application number 954,OPEN_APP
open application number 169,OPEN_APP
unmute command number 1350,UNMUTE
open application number 729,OPEN_APP
search query number 2,WEB_SEARCH
unmute command number 617,UNMUTE
unmute command number 781,UNMUTE
get time request number 401,GET_TIME
mute command number 1167,MUTE
general conversation number 1248,GENERAL_CONVERSATION
get time request number 1174,GET_TIME
general conversation number 252,GENERAL_CONVERSATION
search query number 1024,WEB_SEARCH
unmute command number 332,UNMUTE
unmute command number 1042,UNMUTE
search query number 258,WEB_SEARCH
mute command number 16,MUTE
get time request number 948,GET_TIME
open file number 1078,OPEN_FILE
general conversation number 1259,GENERAL_CONVERSATION
open file number 1315,OPEN_FILE
search query number 881,WEB_SEARCH
open file number 38,OPEN_FILE
general conversation number 372,GENERAL_CONVERSATION
unmute command number 152,UNMUTE
unmute command number 1198,UNMUTE
general conversation number 1306,GENERAL_CONVERSATION
open file number 336,OPEN_FILE
mute command number 915,MUTE
unmute command number 294,UNMUTE
search query number 629,WEB_SEARCH
general conversation number 911,GENERAL_CONVERSATION
mute command number 176,MUTE
get time request number 1365,GET_TIME
mute command number 831,MUTE
get time request number 1324,GET_TIME
open application number 77,OPEN_APP
unmute command number 1006,UNMUTE
unmute command number 576,UNMUTE
unmute command number 476,UNMUTE
open file number 957,OPEN_FILE
search query number 204,WEB_SEARCH
get time request number 1140,GET_TIME
open application number 1105,OPEN_APP
general conversation number 1367,GENERAL_CONVERSATION
get time request number 894,GET_TIME
open file number 1293,OPEN_FILE
open file number 135,OPEN_FILE
unmute command number 218,UNMUTE
open file number 405,OPEN_FILE
open application number 355,OPEN_APP
search query number 600,WEB_SEARCH
open application number 1418,OPEN_APP
mute command number 44,MUTE
open file number 317,OPEN_FILE
unmute command number 1287,UNMUTE
get time request number 1277,GET_TIME
mute command number 1201,MUTE
get time request number 643,GET_TIME
open file number 389,OPEN_FILE
search query number 1192,WEB_SEARCH
mute command number 190,MUTE
open application number 1409,OPEN_APP
general conversation number 1099,GENERAL_CONVERSATION
get time request number 600,GET_TIME
get time request number 1181,GET_TIME
mute command number 1077,MUTE
get time request number 160,GET_TIME
unmute command number 380,UNMUTE
search query number 64,WEB_SEARCH
open application number 1243,OPEN_APP
general conversation number 127,GENERAL_CONVERSATION
search query number 298,WEB_SEARCH
mute command number 531,MUTE
open file number 371,OPEN_FILE
unmute command number 578,UNMUTE
search query number 683,WEB_SEARCH
open file number 511,OPEN_FILE
unmute command number 55,UNMUTE
general conversation number 159,GENERAL_CONVERSATION
open application number 1119,OPEN_APP
open file number 1268,OPEN_FILE
mute command number 841,MUTE
unmute command number 260,UNMUTE
search query number 159,WEB_SEARCH
search query number 310,WEB_SEARCH
search query number 798,WEB_SEARCH
mute command number 219,MUTE
general conversation number 1134,GENERAL_CONVERSATION
unmute command number 747,UNMUTE
unmute command number 755,UNMUTE
get time request number 934,GET_TIME
general conversation number 0,GENERAL_CONVERSATION
search query number 752,WEB_SEARCH
get time request number 535,GET_TIME
open application number 129,OPEN_APP
open file number 981,OPEN_FILE
open application number 1327,OPEN_APP
open application number 504,OPEN_APP
open application number 276,OPEN_APP
general conversation number 404,GENERAL_CONVERSATION
search query number 1330,WEB_SEARCH
general conversation number 203,GENERAL_CONVERSATION
search query number 451,WEB_SEARCH
general conversation number 419,GENERAL_CONVERSATION
open file number 1085,OPEN_FILE
get time request number 973,GET_TIME
general conversation number 557,GENERAL_CONVERSATION
search query number 502,WEB_SEARCH
search query number 1047,WEB_SEARCH
search query number 1258,WEB_SEARCH
mute command number 266,MUTE
search query number 855,WEB_SEARCH
get time request number 958,GET_TIME
unmute command number 148,UNMUTE
open application number 446,OPEN_APP
open application number 780,OPEN_APP
get time request number 1341,GET_TIME
mute command number 38,MUTE
open file number 927,OPEN_FILE
general conversation number 1232,GENERAL_CONVERSATION
unmute command number 568,UNMUTE
unmute command number 383,UNMUTE
general conversation number 1153,GENERAL_CONVERSATION
open file number 148,OPEN_FILE
mute command number 214,MUTE
mute command number 1092,MUTE
get time request number 700,GET_TIME
search query number 271,WEB_SEARCH
search query number 595,WEB_SEARCH
search query number 6,WEB_SEARCH
mute command number 1379,MUTE
mute command number 291,MUTE
search query number 913,WEB_SEARCH
search query number 911,WEB_SEARCH
open application number 322,OPEN_APP
unmute command number 105,UNMUTE
search query number 381,WEB_SEARCH
general conversation number 262,GENERAL_CONVERSATION
search query number 274,WEB_SEARCH
unmute command number 866,UNMUTE
general conversation number 508,GENERAL_CONVERSATION
mute command number 864,MUTE
search query number 347,WEB_SEARCH
unmute command number 1349,UNMUTE
open file number 955,OPEN_FILE
open application number 627,OPEN_APP
general conversation number 1201,GENERAL_CONVERSATION
mute command number 703,MUTE
search query number 416,WEB_SEARCH
search query number 808,WEB_SEARCH
search query number 85,WEB_SEARCH
unmute command number 279,UNMUTE
general conversation number 1301,GENERAL_CONVERSATION
search query number 696,WEB_SEARCH
open application number 568,OPEN_APP
mute command number 498,MUTE
open file number 1427,OPEN_FILE
unmute command number 746,UNMUTE
get time request number 798,GET_TIME
open application number 1294,OPEN_APP
mute command number 1306,MUTE
unmute command number 299,UNMUTE
open file number 1386,OPEN_FILE
open application number 1274,OPEN_APP
open application number 177,OPEN_APP
search query number 1059,WEB_SEARCH
unmute command number 1190,UNMUTE
get time request number 1358,GET_TIME
unmute command number 1378,UNMUTE
open file number 657,OPEN_FILE
search query number 528,WEB_SEARCH
open file number 983,OPEN_FILE
open application number 1143,OPEN_APP
get time request number 433,GET_TIME
open application number 154,OPEN_APP
open file number 669,OPEN_FILE
open application number 438,OPEN_APP
general conversation number 1110,GENERAL_CONVERSATION
general conversation number 95,GENERAL_CONVERSATION
unmute command number 513,UNMUTE
mute command number 258,MUTE
general conversation number 899,GENERAL_CONVERSATION
mute command number 233,MUTE
get time request number 395,GET_TIME
unmute command number 204,UNMUTE
search query number 1290,WEB_SEARCH
general conversation number 946,GENERAL_CONVERSATION
get time request number 740,GET_TIME
general conversation number 1255,GENERAL_CONVERSATION
mute command number 992,MUTE
mute command number 438,MUTE
search query number 253,WEB_SEARCH
open application number 456,OPEN_APP
general conversation number 366,GENERAL_CONVERSATION
open application number 723,OPEN_APP
search query number 1328,WEB_SEARCH
general conversation number 1015,GENERAL_CONVERSATION
unmute command number 1291,UNMUTE
search query number 214,WEB_SEARCH
open file number 507,OPEN_FILE
unmute command number 946,UNMUTE
open file number 1104,OPEN_FILE
mute command number 1132,MUTE
unmute command number 367,UNMUTE
mute command number 1362,MUTE
get time request number 1187,GET_TIME
get time request number 532,GET_TIME
mute command number 412,MUTE
mute command number 919,MUTE
general conversation number 313,GENERAL_CONVERSATION
search query number 127,WEB_SEARCH
open file number 1133,OPEN_FILE
search query number 785,WEB_SEARCH
open application number 90,OPEN_APP
get time request number 613,GET_TIME
open file number 195,OPEN_FILE
unmute command number 616,UNMUTE
open file number 42,OPEN_FILE
unmute command number 1269,UNMUTE
search query number 241,WEB_SEARCH
unmute command number 138,UNMUTE
unmute command number 79,UNMUTE
mute command number 1383,MUTE
get time request number 609,GET_TIME
general conversation number 51,GENERAL_CONVERSATION
open file number 587,OPEN_FILE
search query number 1092,WEB_SEARCH
unmute command number 949,UNMUTE
open file number 782,OPEN_FILE
open file number 767,OPEN_FILE
unmute command number 1337,UNMUTE
general conversation number 771,GENERAL_CONVERSATION
search query number 58,WEB_SEARCH
search query number 150,WEB_SEARCH
mute command number 774,MUTE
get time request number 1263,GET_TIME
general conversation number 597,GENERAL_CONVERSATION
open application number 805,OPEN_APP
general conversation number 1225,GENERAL_CONVERSATION
open file number 701,OPEN_FILE
open application number 873,OPEN_APP
unmute command number 305,UNMUTE
unmute command number 429,UNMUTE
get time request number 260,GET_TIME
search query number 1353,WEB_SEARCH
open application number 452,OPEN_APP
get time request number 1128,GET_TIME
unmute command number 158,UNMUTE
get time request number 1094,GET_TIME
general conversation number 1357,GENERAL_CONVERSATION
mute command number 1230,MUTE
open application number 1273,OPEN_APP
unmute command number 1168,UNMUTE
unmute command number 1366,UNMUTE
get time request number 711,GET_TIME
open file number 780,OPEN_FILE
search query number 795,WEB_SEARCH
search query number 306,WEB_SEARCH
general conversation number 1244,GENERAL_CONVERSATION
open file number 330,OPEN_FILE
search query number 820,WEB_SEARCH
get time request number 340,GET_TIME
open application number 188,OPEN_APP
search query number 909,WEB_SEARCH
open application number 1103,OPEN_APP
unmute command number 893,UNMUTE
unmute command number 310,UNMUTE
mute command number 151,MUTE
general conversation number 1187,GENERAL_CONVERSATION
get time request number 856,GET_TIME
general conversation number 139,GENERAL_CONVERSATION
open file number 93,OPEN_FILE
unmute command number 1162,UNMUTE
general conversation number 1038,GENERAL_CONVERSATION
general conversation number 100,GENERAL_CONVERSATION
open file number 0,OPEN_FILE
mute command number 1378,MUTE
mute command number 685,MUTE
unmute command number 114,UNMUTE
unmute command number 977,UNMUTE
search query number 139,WEB_SEARCH
general conversation number 612,GENERAL_CONVERSATION
mute command number 733,MUTE
open application number 643,OPEN_APP
get time request number 1294,GET_TIME
open file number 887,OPEN_FILE
open file number 289,OPEN_FILE
open file number 576,OPEN_FILE
general conversation number 339,GENERAL_CONVERSATION
mute command number 83,MUTE
unmute command number 687,UNMUTE
general conversation number 757,GENERAL_CONVERSATION
mute command number 525,MUTE
unmute command number 914,UNMUTE
get time request number 926,GET_TIME
unmute command number 955,UNMUTE
search query number 1090,WEB_SEARCH
get time request number 978,GET_TIME
unmute command number 1298,UNMUTE
mute command number 943,MUTE
search query number 659,WEB_SEARCH
open file number 1196,OPEN_FILE
open application number 1070,OPEN_APP
general conversation number 584,GENERAL_CONVERSATION
search query number 743,WEB_SEARCH
open file number 1273,OPEN_FILE
unmute command number 360,UNMUTE
get time request number 375,GET_TIME
get time request number 391,GET_TIME
mute command number 1401,MUTE
open application number 239,OPEN_APP
search query number 504,WEB_SEARCH
open file number 308,OPEN_FILE
general conversation number 206,GENERAL_CONVERSATION
general conversation number 1332,GENERAL_CONVERSATION
open application number 628,OPEN_APP
unmute command number 1317,UNMUTE
open file number 747,OPEN_FILE
general conversation number 312,GENERAL_CONVERSATION
search query number 490,WEB_SEARCH
search query number 220,WEB_SEARCH
search query number 362,WEB_SEARCH
open application number 1288,OPEN_APP
search query number 955,WEB_SEARCH
search query number 1333,WEB_SEARCH
search query number 1257,WEB_SEARCH
open application number 756,OPEN_APP
unmute command number 698,UNMUTE
general conversation number 551,GENERAL_CONVERSATION
open file number 1239,OPEN_FILE
unmute command number 108,UNMUTE
open application number 1340,OPEN_APP
unmute command number 321,UNMUTE
unmute command number 739,UNMUTE
open application number 1183,OPEN_APP
mute command number 708,MUTE
open file number 549,OPEN_FILE
open file number 397,OPEN_FILE
general conversation number 1091,GENERAL_CONVERSATION
general conversation number 1276,GENERAL_CONVERSATION
get time request number 448,GET_TIME
unmute command number 438,UNMUTE
general conversation number 301,GENERAL_CONVERSATION
open application number 1128,OPEN_APP
open application number 144,OPEN_APP
general conversation number 915,GENERAL_CONVERSATION
general conversation number 913,GENERAL_CONVERSATION
open application number 261,OPEN_APP
get time request number 125,GET_TIME
unmute command number 1308,UNMUTE
open application number 1289,OPEN_APP
get time request number 1376,GET_TIME
search query number 192,WEB_SEARCH
general conversation number 163,GENERAL_CONVERSATION
search query number 873,WEB_SEARCH
get time request number 812,GET_TIME
unmute command number 123,UNMUTE
mute command number 431,MUTE
open application number 744,OPEN_APP
unmute command number 492,UNMUTE
search query number 628,WEB_SEARCH
general conversation number 545,GENERAL_CONVERSATION
search query number 165,WEB_SEARCH
open file number 540,OPEN_FILE
general conversation number 440,GENERAL_CONVERSATION
general conversation number 1140,GENERAL_CONVERSATION
mute command number 157,MUTE
general conversation number 412,GENERAL_CONVERSATION
open application number 585,OPEN_APP
general conversation number 637,GENERAL_CONVERSATION
open file number 1394,OPEN_FILE
unmute command number 311,UNMUTE
open file number 624,OPEN_FILE
open application number 245,OPEN_APP
get time request number 394,GET_TIME
mute command number 966,MUTE
open application number 922,OPEN_APP
get time request number 208,GET_TIME
mute command number 167,MUTE
unmute command number 1177,UNMUTE
open application number 1370,OPEN_APP
general conversation number 1252,GENERAL_CONVERSATION
get time request number 1321,GET_TIME
open file number 1408,OPEN_FILE
open file number 1026,OPEN_FILE
mute command number 980,MUTE
general conversation number 704,GENERAL_CONVERSATION
unmute command number 1227,UNMUTE
get time request number 81,GET_TIME
unmute command number 1002,UNMUTE
mute command number 1388,MUTE
open file number 874,OPEN_FILE
get time request number 1068,GET_TIME
general conversation number 772,GENERAL_CONVERSATION
get time request number 0,GET_TIME
unmute command number 902,UNMUTE
unmute command number 913,UNMUTE
open application number 983,OPEN_APP
get time request number 809,GET_TIME
general conversation number 434,GENERAL_CONVERSATION
search query number 309,WEB_SEARCH
open file number 158,OPEN_FILE
mute command number 485,MUTE
general conversation number 1012,GENERAL_CONVERSATION
unmute command number 372,UNMUTE
mute command number 942,MUTE
unmute command number 168,UNMUTE
open application number 561,OPEN_APP
get time request number 931,GET_TIME
get time request number 342,GET_TIME
open file number 111,OPEN_FILE
general conversation number 1020,GENERAL_CONVERSATION
unmute command number 1066,UNMUTE
open application number 330,OPEN_APP
mute command number 257,MUTE
search query number 496,WEB_SEARCH
unmute command number 952,UNMUTE
search query number 645,WEB_SEARCH
mute command number 290,MUTE
open application number 707,OPEN_APP
open file number 1402,OPEN_FILE
open file number 1290,OPEN_FILE
open file number 421,OPEN_FILE
get time request number 1350,GET_TIME
mute command number 197,MUTE
get time request number 142,GET_TIME
mute command number 145,MUTE
search query number 90,WEB_SEARCH
open file number 1377,OPEN_FILE
mute command number 728,MUTE
general conversation number 674,GENERAL_CONVERSATION
search query number 201,WEB_SEARCH
get time request number 607,GET_TIME
general conversation number 413,GENERAL_CONVERSATION
get time request number 568,GET_TIME
mute command number 851,MUTE
mute command number 1268,MUTE
get time request number 1203,GET_TIME
general conversation number 942,GENERAL_CONVERSATION
unmute command number 1062,UNMUTE
search query number 434,WEB_SEARCH
open file number 934,OPEN_FILE
open file number 1200,OPEN_FILE
get time request number 1067,GET_TIME
unmute command number 627,UNMUTE
open application number 618,OPEN_APP
open application number 62,OPEN_APP
search query number 375,WEB_SEARCH
open file number 881,OPEN_FILE
open file number 1302,OPEN_FILE
open application number 149,OPEN_APP
search query number 39,WEB_SEARCH
unmute command number 202,UNMUTE
mute command number 1183,MUTE
open file number 102,OPEN_FILE
search query number 131,WEB_SEARCH
mute command number 1301,MUTE
mute command number 1281,MUTE
search query number 1198,WEB_SEARCH
general conversation number 782,GENERAL_CONVERSATION
unmute command number 1204,UNMUTE
open application number 1345,OPEN_APP
mute command number 526,MUTE
general conversation number 883,GENERAL_CONVERSATION
search query number 307,WEB_SEARCH
open file number 115,OPEN_FILE
open file number 268,OPEN_FILE
get time request number 1242,GET_TIME
mute command number 679,MUTE
open file number 33,OPEN_FILE
open application number 1387,OPEN_APP
open file number 1305,OPEN_FILE
unmute command number 437,UNMUTE
mute command number 891,MUTE
mute command number 323,MUTE
mute command number 165,MUTE
general conversation number 111,GENERAL_CONVERSATION
open application number 577,OPEN_APP
get time request number 76,GET_TIME
get time request number 288,GET_TIME
open application number 472,OPEN_APP
search query number 748,WEB_SEARCH
get time request number 808,GET_TIME
open file number 1361,OPEN_FILE
get time request number 350,GET_TIME
unmute command number 1081,UNMUTE
general conversation number 1042,GENERAL_CONVERSATION
open file number 354,OPEN_FILE
get time request number 1238,GET_TIME
get time request number 307,GET_TIME
get time request number 439,GET_TIME
open file number 1418,OPEN_FILE
search query number 1000,WEB_SEARCH
mute command number 804,MUTE
open application number 439,OPEN_APP
open application number 573,OPEN_APP
search query number 147,WEB_SEARCH
search query number 400,WEB_SEARCH
unmute command number 828,UNMUTE
search query number 481,WEB_SEARCH
open file number 166,OPEN_FILE
open file number 691,OPEN_FILE
get time request number 543,GET_TIME
mute command number 824,MUTE
open file number 883,OPEN_FILE
mute command number 1151,MUTE
unmute command number 711,UNMUTE
unmute command number 1138,UNMUTE
unmute command number 549,UNMUTE
unmute command number 1173,UNMUTE
open application number 884,OPEN_APP
get time request number 280,GET_TIME
open file number 941,OPEN_FILE
search query number 988,WEB_SEARCH
general conversation number 507,GENERAL_CONVERSATION
open file number 487,OPEN_FILE
get time request number 606,GET_TIME
search query number 1115,WEB_SEARCH
mute command number 997,MUTE
open file number 63,OPEN_FILE
get time request number 177,GET_TIME
open file number 687,OPEN_FILE
open file number 486,OPEN_FILE
get time request number 751,GET_TIME
unmute command number 1095,UNMUTE
mute command number 1257,MUTE
open file number 728,OPEN_FILE
open application number 85,OPEN_APP
search query number 590,WEB_SEARCH
open application number 523,OPEN_APP
unmute command number 997,UNMUTE
search query number 737,WEB_SEARCH
get time request number 55,GET_TIME
mute command number 1140,MUTE
mute command number 846,MUTE
search query number 477,WEB_SEARCH
unmute command number 386,UNMUTE
mute command number 1129,MUTE
open application number 82,OPEN_APP
open application number 26,OPEN_APP
search query number 109,WEB_SEARCH
mute command number 948,MUTE
unmute command number 24,UNMUTE
open file number 1217,OPEN_FILE
mute command number 597,MUTE
open file number 799,OPEN_FILE
open file number 1074,OPEN_FILE
open application number 588,OPEN_APP
open file number 1045,OPEN_FILE
open application number 454,OPEN_APP
open file number 56,OPEN_FILE
mute command number 1296,MUTE
general conversation number 297,GENERAL_CONVERSATION
search query number 527,WEB_SEARCH
open application number 1260,OPEN_APP
mute command number 1004,MUTE
search query number 294,WEB_SEARCH
search query number 135,WEB_SEARCH
open application number 948,OPEN_APP
unmute command number 1013,UNMUTE
get time request number 1016,GET_TIME
unmute command number 1129,UNMUTE
search query number 211,WEB_SEARCH
unmute command number 752,UNMUTE
get time request number 545,GET_TIME
open file number 971,OPEN_FILE
search query number 41,WEB_SEARCH
get time request number 175,GET_TIME
open file number 1190,OPEN_FILE
search query number 1349,WEB_SEARCH
search query number 129,WEB_SEARCH
open file number 1198,OPEN_FILE
open file number 1098,OPEN_FILE
open application number 389,OPEN_APP
general conversation number 1195,GENERAL_CONVERSATION
unmute command number 852,UNMUTE
mute command number 494,MUTE
unmute command number 875,UNMUTE
open application number 309,OPEN_APP
open file number 695,OPEN_FILE
general conversation number 383,GENERAL_CONVERSATION
unmute command number 1374,UNMUTE
mute command number 755,MUTE
mute command number 278,MUTE
search query number 1045,WEB_SEARCH
open application number 1137,OPEN_APP
unmute command number 654,UNMUTE
general conversation number 513,GENERAL_CONVERSATION
open application number 794,OPEN_APP
mute command number 510,MUTE
open application number 357,OPEN_APP
open file number 124,OPEN_FILE
unmute command number 1014,UNMUTE
unmute command number 622,UNMUTE
open application number 490,OPEN_APP
open application number 935,OPEN_APP
get time request number 384,GET_TIME
open application number 1058,OPEN_APP
get time request number 45,GET_TIME
open application number 1311,OPEN_APP
open file number 326,OPEN_FILE
get time request number 1409,GET_TIME
open application number 910,OPEN_APP
get time request number 1151,GET_TIME
open application number 63,OPEN_APP
mute command number 1272,MUTE
open application number 65,OPEN_APP
unmute command number 245,UNMUTE
get time request number 769,GET_TIME
mute command number 862,MUTE
search query number 81,WEB_SEARCH
unmute command number 868,UNMUTE
open file number 591,OPEN_FILE
get time request number 327,GET_TIME
search query number 166,WEB_SEARCH
open application number 1227,OPEN_APP
unmute command number 14,UNMUTE
unmute command number 641,UNMUTE
mute command number 812,MUTE
general conversation number 1215,GENERAL_CONVERSATION
search query number 1136,WEB_SEARCH
general conversation number 1366,GENERAL_CONVERSATION
mute command number 547,MUTE
general conversation number 1216,GENERAL_CONVERSATION
open application number 795,OPEN_APP
search query number 835,WEB_SEARCH
open file number 1405,OPEN_FILE
general conversation number 1318,GENERAL_CONVERSATION
unmute command number 1018,UNMUTE
mute command number 42,MUTE
open application number 1067,OPEN_APP
get time request number 694,GET_TIME
get time request number 1394,GET_TIME
general conversation number 433,GENERAL_CONVERSATION
mute command number 256,MUTE
general conversation number 1028,GENERAL_CONVERSATION
open file number 37,OPEN_FILE
general conversation number 200,GENERAL_CONVERSATION
get time request number 91,GET_TIME
open file number 679,OPEN_FILE
open file number 15,OPEN_FILE
open application number 610,OPEN_APP
get time request number 283,GET_TIME
unmute command number 890,UNMUTE
get time request number 464,GET_TIME
open application number 69,OPEN_APP
unmute command number 1186,UNMUTE
get time request number 1142,GET_TIME
general conversation number 961,GENERAL_CONVERSATION
open file number 485,OPEN_FILE
get time request number 1086,GET_TIME
mute command number 1249,MUTE
search query number 705,WEB_SEARCH
search query number 1093,WEB_SEARCH
search query number 1425,WEB_SEARCH
mute command number 359,MUTE
open application number 548,OPEN_APP
search query number 76,WEB_SEARCH
search query number 1139,WEB_SEARCH
unmute command number 119,UNMUTE
open file number 54,OPEN_FILE
mute command number 760,MUTE
open application number 1026,OPEN_APP
open file number 787,OPEN_FILE
mute command number 1012,MUTE
general conversation number 1030,GENERAL_CONVERSATION
general conversation number 1275,GENERAL_CONVERSATION
open file number 503,OPEN_FILE
mute command number 1162,MUTE
open file number 1152,OPEN_FILE
mute command number 1225,MUTE
mute command number 700,MUTE
search query number 354,WEB_SEARCH
get time request number 1392,GET_TIME
mute command number 239,MUTE
get time request number 1355,GET_TIME
open file number 1388,OPEN_FILE
search query number 1315,WEB_SEARCH
general conversation number 1381,GENERAL_CONVERSATION
search query number 1424,WEB_SEARCH
get time request number 1074,GET_TIME
open file number 477,OPEN_FILE
get time request number 1028,GET_TIME
general conversation number 869,GENERAL_CONVERSATION
open application number 1283,OPEN_APP
mute command number 692,MUTE
mute command number 518,MUTE
mute command number 1089,MUTE
general conversation number 36,GENERAL_CONVERSATION
search query number 427,WEB_SEARCH
open application number 409,OPEN_APP
get time request number 1041,GET_TIME
unmute command number 531,UNMUTE
mute command number 534,MUTE
get time request number 228,GET_TIME
general conversation number 575,GENERAL_CONVERSATION
search query number 507,WEB_SEARCH
mute command number 1068,MUTE
open file number 1025,OPEN_FILE
get time request number 1214,GET_TIME
get time request number 315,GET_TIME
general conversation number 707,GENERAL_CONVERSATION
mute command number 877,MUTE
search query number 942,WEB_SEARCH
general conversation number 205,GENERAL_CONVERSATION
get time request number 367,GET_TIME
get time request number 1354,GET_TIME
open application number 182,OPEN_APP
get time request number 1405,GET_TIME
search query number 817,WEB_SEARCH
search query number 699,WEB_SEARCH
open file number 769,OPEN_FILE
search query number 883,WEB_SEARCH
unmute command number 1111,UNMUTE
search query number 1174,WEB_SEARCH
search query number 49,WEB_SEARCH
mute command number 1308,MUTE
general conversation number 1116,GENERAL_CONVERSATION
get time request number 525,GET_TIME
get time request number 491,GET_TIME
open application number 1111,OPEN_APP
open file number 1252,OPEN_FILE
get time request number 1339,GET_TIME
get time request number 37,GET_TIME
search query number 1273,WEB_SEARCH
open file number 282,OPEN_FILE
open application number 385,OPEN_APP
general conversation number 519,GENERAL_CONVERSATION
search query number 859,WEB_SEARCH
open application number 1391,OPEN_APP
general conversation number 709,GENERAL_CONVERSATION
general conversation number 479,GENERAL_CONVERSATION
general conversation number 122,GENERAL_CONVERSATION
unmute command number 471,UNMUTE
search query number 392,WEB_SEARCH
unmute command number 171,UNMUTE
open file number 532,OPEN_FILE
open file number 313,OPEN_FILE
open application number 1089,OPEN_APP
open file number 1067,OPEN_FILE
unmute command number 239,UNMUTE
search query number 367,WEB_SEARCH
unmute command number 1415,UNMUTE
search query number 1403,WEB_SEARCH
search query number 1222,WEB_SEARCH
search query number 1128,WEB_SEARCH
get time request number 564,GET_TIME
general conversation number 1198,GENERAL_CONVERSATION
general conversation number 1375,GENERAL_CONVERSATION
mute command number 981,MUTE
unmute command number 428,UNMUTE
unmute command number 421,UNMUTE
search query number 1103,WEB_SEARCH
unmute command number 423,UNMUTE
open file number 1282,OPEN_FILE
get time request number 753,GET_TIME
get time request number 591,GET_TIME
get time request number 969,GET_TIME
open file number 281,OPEN_FILE
unmute command number 98,UNMUTE
unmute command number 589,UNMUTE
open file number 246,OPEN_FILE
open file number 60,OPEN_FILE
get time request number 17,GET_TIME
mute command number 8,MUTE
unmute command number 130,UNMUTE
get time request number 657,GET_TIME
open application number 558,OPEN_APP
get time request number 1269,GET_TIME
general conversation number 556,GENERAL_CONVERSATION
open application number 1054,OPEN_APP
search query number 670,WEB_SEARCH
mute command number 463,MUTE
general conversation number 1228,GENERAL_CONVERSATION
general conversation number 907,GENERAL_CONVERSATION
unmute command number 688,UNMUTE
mute command number 1354,MUTE
general conversation number 13,GENERAL_CONVERSATION
get time request number 1298,GET_TIME
get time request number 642,GET_TIME
mute command number 122,MUTE
unmute command number 1101,UNMUTE
open file number 132,OPEN_FILE
open file number 362,OPEN_FILE
general conversation number 266,GENERAL_CONVERSATION
open file number 191,OPEN_FILE
search query number 1013,WEB_SEARCH
unmute command number 1146,UNMUTE
search query number 1293,WEB_SEARCH
open file number 1401,OPEN_FILE
mute command number 532,MUTE
get time request number 1070,GET_TIME
open file number 563,OPEN_FILE
search query number 296,WEB_SEARCH
unmute command number 68,UNMUTE
open application number 1053,OPEN_APP
unmute command number 440,UNMUTE
open file number 340,OPEN_FILE
general conversation number 879,GENERAL_CONVERSATION
open file number 1163,OPEN_FILE
search query number 1216,WEB_SEARCH
open file number 256,OPEN_FILE
mute command number 1403,MUTE
search query number 619,WEB_SEARCH
open application number 1191,OPEN_APP
search query number 970,WEB_SEARCH
search query number 328,WEB_SEARCH
open file number 1151,OPEN_FILE
search query number 1097,WEB_SEARCH
open file number 1069,OPEN_FILE
search query number 103,WEB_SEARCH
general conversation number 1422,GENERAL_CONVERSATION
mute command number 282,MUTE
mute command number 492,MUTE
get time request number 1336,GET_TIME
open file number 922,OPEN_FILE
unmute command number 642,UNMUTE
unmute command number 662,UNMUTE
get time request number 507,GET_TIME
open file number 671,OPEN_FILE
unmute command number 398,UNMUTE
unmute command number 947,UNMUTE
general conversation number 723,GENERAL_CONVERSATION
mute command number 926,MUTE
open application number 592,OPEN_APP
search query number 120,WEB_SEARCH
mute command number 454,MUTE
unmute command number 248,UNMUTE
general conversation number 1378,GENERAL_CONVERSATION
search query number 876,WEB_SEARCH
get time request number 1280,GET_TIME
get time request number 592,GET_TIME
open application number 300,OPEN_APP
open file number 817,OPEN_FILE
search query number 978,WEB_SEARCH
get time request number 1382,GET_TIME
search query number 525,WEB_SEARCH
mute command number 978,MUTE
get time request number 386,GET_TIME
general conversation number 652,GENERAL_CONVERSATION
open file number 106,OPEN_FILE
get time request number 178,GET_TIME
mute command number 970,MUTE
general conversation number 84,GENERAL_CONVERSATION
open file number 176,OPEN_FILE
general conversation number 973,GENERAL_CONVERSATION
open file number 1189,OPEN_FILE
general conversation number 273,GENERAL_CONVERSATION
open application number 304,OPEN_APP
search query number 1217,WEB_SEARCH
search query number 998,WEB_SEARCH
get time request number 779,GET_TIME
get time request number 41,GET_TIME
open application number 287,OPEN_APP
unmute command number 583,UNMUTE
open file number 938,OPEN_FILE
unmute command number 407,UNMUTE
unmute command number 855,UNMUTE
get time request number 1265,GET_TIME
open file number 1167,OPEN_FILE
get time request number 65,GET_TIME
mute command number 267,MUTE
search query number 275,WEB_SEARCH
open file number 980,OPEN_FILE
general conversation number 1004,GENERAL_CONVERSATION
open file number 713,OPEN_FILE
unmute command number 1391,UNMUTE
search query number 1196,WEB_SEARCH
open file number 474,OPEN_FILE
search query number 1175,WEB_SEARCH
general conversation number 303,GENERAL_CONVERSATION
open file number 1235,OPEN_FILE
unmute command number 1413,UNMUTE
general conversation number 1389,GENERAL_CONVERSATION
open file number 1209,OPEN_FILE
open file number 481,OPEN_FILE
open file number 1412,OPEN_FILE
general conversation number 144,GENERAL_CONVERSATION
get time request number 115,GET_TIME
open application number 977,OPEN_APP
get time request number 927,GET_TIME
open file number 1021,OPEN_FILE
mute command number 713,MUTE
open application number 1025,OPEN_APP
search query number 424,WEB_SEARCH
mute command number 187,MUTE
mute command number 22,MUTE
unmute command number 825,UNMUTE
search query number 1180,WEB_SEARCH
get time request number 1006,GET_TIME
open file number 1107,OPEN_FILE
general conversation number 484,GENERAL_CONVERSATION
mute command number 227,MUTE
open application number 1210,OPEN_APP
open application number 759,OPEN_APP
get time request number 1396,GET_TIME
open file number 1297,OPEN_FILE
get time request number 156,GET_TIME
search query number 1357,WEB_SEARCH
unmute command number 936,UNMUTE
open file number 339,OPEN_FILE
unmute command number 389,UNMUTE
mute command number 986,MUTE
open file number 837,OPEN_FILE
search query number 984,WEB_SEARCH
unmute command number 281,UNMUTE
search query number 509,WEB_SEARCH
open application number 230,OPEN_APP
search query number 702,WEB_SEARCH
general conversation number 811,GENERAL_CONVERSATION
search query number 589,WEB_SEARCH
mute command number 857,MUTE
unmute command number 631,UNMUTE
get time request number 1207,GET_TIME
unmute command number 219,UNMUTE
mute command number 1024,MUTE
search query number 713,WEB_SEARCH
open application number 1029,OPEN_APP
unmute command number 241,UNMUTE
mute command number 390,MUTE
open file number 1265,OPEN_FILE
mute command number 742,MUTE
search query number 1186,WEB_SEARCH
open application number 718,OPEN_APP
open application number 903,OPEN_APP
general conversation number 430,GENERAL_CONVERSATION
get time request number 368,GET_TIME
open application number 517,OPEN_APP
mute command number 1018,MUTE
general conversation number 1185,GENERAL_CONVERSATION
search query number 491,WEB_SEARCH
unmute command number 861,UNMUTE
unmute command number 990,UNMUTE
open application number 540,OPEN_APP
unmute command number 743,UNMUTE
search query number 1374,WEB_SEARCH
mute command number 616,MUTE
unmute command number 1235,UNMUTE
general conversation number 601,GENERAL_CONVERSATION
general conversation number 840,GENERAL_CONVERSATION
open file number 464,OPEN_FILE
mute command number 1407,MUTE
search query number 901,WEB_SEARCH
open application number 662,OPEN_APP
open application number 419,OPEN_APP
get time request number 1088,GET_TIME
open file number 315,OPEN_FILE
open application number 857,OPEN_APP
search query number 602,WEB_SEARCH
general conversation number 561,GENERAL_CONVERSATION
general conversation number 511,GENERAL_CONVERSATION
open application number 1086,OPEN_APP
open application number 1124,OPEN_APP
unmute command number 330,UNMUTE
search query number 1036,WEB_SEARCH
search query number 1391,WEB_SEARCH
mute command number 1358,MUTE
search query number 443,WEB_SEARCH
general conversation number 248,GENERAL_CONVERSATION
open application number 595,OPEN_APP
open application number 1341,OPEN_APP
search query number 143,WEB_SEARCH
unmute command number 292,UNMUTE
unmute command number 1215,UNMUTE
general conversation number 191,GENERAL_CONVERSATION
open application number 698,OPEN_APP
get time request number 1093,GET_TIME
unmute command number 132,UNMUTE
mute command number 1269,MUTE
mute command number 77,MUTE
open application number 140,OPEN_APP
get time request number 303,GET_TIME
open file number 1187,OPEN_FILE
search query number 1245,WEB_SEARCH
mute command number 1130,MUTE
mute command number 530,MUTE
mute command number 143,MUTE
unmute command number 246,UNMUTE
unmute command number 1189,UNMUTE
open file number 1246,OPEN_FILE
get time request number 821,GET_TIME
open application number 688,OPEN_APP
open file number 462,OPEN_FILE
open file number 1329,OPEN_FILE
unmute command number 403,UNMUTE
search query number 263,WEB_SEARCH
general conversation number 1414,GENERAL_CONVERSATION
mute command number 1265,MUTE
open file number 722,OPEN_FILE
search query number 140,WEB_SEARCH
get time request number 1100,GET_TIME
unmute command number 1332,UNMUTE
open application number 661,OPEN_APP
get time request number 246,GET_TIME
open file number 785,OPEN_FILE
mute command number 275,MUTE
general conversation number 1256,GENERAL_CONVERSATION
open application number 25,OPEN_APP
mute command number 931,MUTE
mute command number 759,MUTE
open file number 879,OPEN_FILE
search query number 627,WEB_SEARCH
mute command number 768,MUTE
general conversation number 536,GENERAL_CONVERSATION
general conversation number 240,GENERAL_CONVERSATION
search query number 1304,WEB_SEARCH
search query number 219,WEB_SEARCH
get time request number 468,GET_TIME
general conversation number 1031,GENERAL_CONVERSATION
open file number 674,OPEN_FILE
get time request number 488,GET_TIME
unmute command number 1241,UNMUTE
open application number 306,OPEN_APP
get time request number 1155,GET_TIME
get time request number 356,GET_TIME
get time request number 192,GET_TIME
unmute command number 1247,UNMUTE
search query number 1082,WEB_SEARCH
get time request number 648,GET_TIME
open application number 1395,OPEN_APP
get time request number 689,GET_TIME
open application number 1410,OPEN_APP
open application number 1415,OPEN_APP
unmute command number 217,UNMUTE
general conversation number 1246,GENERAL_CONVERSATION
unmute command number 193,UNMUTE
open application number 635,OPEN_APP
general conversation number 1174,GENERAL_CONVERSATION
get time request number 417,GET_TIME
mute command number 14,MUTE
open application number 1349,OPEN_APP
mute command number 1014,MUTE
unmute command number 782,UNMUTE
general conversation number 466,GENERAL_CONVERSATION
search query number 1370,WEB_SEARCH
open application number 273,OPEN_APP
mute command number 192,MUTE
general conversation number 170,GENERAL_CONVERSATION
unmute command number 515,UNMUTE
open file number 638,OPEN_FILE
open application number 502,OPEN_APP
unmute command number 346,UNMUTE
open application number 1416,OPEN_APP
open file number 924,OPEN_FILE
get time request number 1317,GET_TIME
open file number 529,OPEN_FILE
mute command number 80,MUTE
open application number 1363,OPEN_APP
unmute command number 507,UNMUTE
open file number 1000,OPEN_FILE
general conversation number 117,GENERAL_CONVERSATION
unmute command number 1274,UNMUTE
mute command number 1390,MUTE
unmute command number 595,UNMUTE
mute command number 50,MUTE
unmute command number 646,UNMUTE
get time request number 474,GET_TIME
mute command number 174,MUTE
general conversation number 981,GENERAL_CONVERSATION
get time request number 1334,GET_TIME
get time request number 1003,GET_TIME
get time request number 891,GET_TIME
unmute command number 686,UNMUTE
get time request number 359,GET_TIME
general conversation number 427,GENERAL_CONVERSATION
open application number 1018,OPEN_APP
open application number 792,OPEN_APP
get time request number 526,GET_TIME
mute command number 1192,MUTE
mute command number 372,MUTE
search query number 395,WEB_SEARCH
open file number 206,OPEN_FILE
unmute command number 1369,UNMUTE
mute command number 753,MUTE
mute command number 204,MUTE
mute command number 600,MUTE
general conversation number 161,GENERAL_CONVERSATION
search query number 278,WEB_SEARCH
open application number 663,OPEN_APP
get time request number 923,GET_TIME
mute command number 844,MUTE
open file number 1146,OPEN_FILE
open application number 1347,OPEN_APP
mute command number 1188,MUTE
mute command number 789,MUTE
open application number 1214,OPEN_APP
unmute command number 481,UNMUTE
general conversation number 788,GENERAL_CONVERSATION
unmute command number 170,UNMUTE
mute command number 1353,MUTE
get time request number 616,GET_TIME
mute command number 296,MUTE
general conversation number 182,GENERAL_CONVERSATION
open file number 606,OPEN_FILE
general conversation number 1058,GENERAL_CONVERSATION
unmute command number 1044,UNMUTE
general conversation number 736,GENERAL_CONVERSATION
open application number 436,OPEN_APP
general conversation number 290,GENERAL_CONVERSATION
open file number 702,OPEN_FILE
mute command number 284,MUTE
get time request number 981,GET_TIME
unmute command number 64,UNMUTE
mute command number 939,MUTE
unmute command number 625,UNMUTE
open application number 520,OPEN_APP
open application number 343,OPEN_APP
unmute command number 354,UNMUTE
open application number 854,OPEN_APP
get time request number 1183,GET_TIME
unmute command number 796,UNMUTE
open application number 800,OPEN_APP
get time request number 281,GET_TIME
general conversation number 1239,GENERAL_CONVERSATION
search query number 1140,WEB_SEARCH
unmute command number 498,UNMUTE
get time request number 1045,GET_TIME
open file number 483,OPEN_FILE
mute command number 1081,MUTE
open file number 1155,OPEN_FILE
get time request number 1407,GET_TIME
general conversation number 646,GENERAL_CONVERSATION
unmute command number 1160,UNMUTE
open application number 86,OPEN_APP
general conversation number 1108,GENERAL_CONVERSATION
mute command number 817,MUTE
general conversation number 355,GENERAL_CONVERSATION
unmute command number 395,UNMUTE
general conversation number 1052,GENERAL_CONVERSATION
search query number 845,WEB_SEARCH
open application number 1168,OPEN_APP
open file number 430,OPEN_FILE
mute command number 575,MUTE
get time request number 220,GET_TIME
search query number 825,WEB_SEARCH
mute command number 405,MUTE
open file number 426,OPEN_FILE
search query number 133,WEB_SEARCH
open application number 252,OPEN_APP
get time request number 337,GET_TIME
search query number 487,WEB_SEARCH
open application number 1413,OPEN_APP
search query number 991,WEB_SEARCH
search query number 106,WEB_SEARCH
get time request number 506,GET_TIME
general conversation number 1423,GENERAL_CONVERSATION
open application number 921,OPEN_APP
unmute command number 210,UNMUTE
unmute command number 556,UNMUTE
get time request number 480,GET_TIME
mute command number 448,MUTE
search query number 1006,WEB_SEARCH
open application number 1331,OPEN_APP
unmute command number 653,UNMUTE
general conversation number 688,GENERAL_CONVERSATION
general conversation number 1226,GENERAL_CONVERSATION
open file number 75,OPEN_FILE
mute command number 169,MUTE
open application number 515,OPEN_APP
mute command number 899,MUTE
search query number 1051,WEB_SEARCH
mute command number 1174,MUTE
open application number 1107,OPEN_APP
get time request number 951,GET_TIME
open file number 478,OPEN_FILE
get time request number 360,GET_TIME
general conversation number 1094,GENERAL_CONVERSATION
mute command number 796,MUTE
open application number 1002,OPEN_APP
get time request number 1166,GET_TIME
search query number 197,WEB_SEARCH
unmute command number 1399,UNMUTE
general conversation number 311,GENERAL_CONVERSATION
mute command number 650,MUTE
search query number 843,WEB_SEARCH
general conversation number 540,GENERAL_CONVERSATION
search query number 933,WEB_SEARCH
mute command number 460,MUTE
general conversation number 322,GENERAL_CONVERSATION
unmute command number 319,UNMUTE
open file number 858,OPEN_FILE
get time request number 804,GET_TIME
open application number 105,OPEN_APP
mute command number 1030,MUTE
open file number 902,OPEN_FILE
open application number 865,OPEN_APP
get time request number 1261,GET_TIME
open application number 1043,OPEN_APP
open application number 557,OPEN_APP
search query number 299,WEB_SEARCH
get time request number 578,GET_TIME
search query number 805,WEB_SEARCH
mute command number 561,MUTE
get time request number 219,GET_TIME
open file number 1131,OPEN_FILE
general conversation number 1333,GENERAL_CONVERSATION
search query number 797,WEB_SEARCH
mute command number 141,MUTE
mute command number 471,MUTE
open file number 609,OPEN_FILE
open file number 14,OPEN_FILE
mute command number 1127,MUTE
unmute command number 717,UNMUTE
mute command number 486,MUTE
get time request number 296,GET_TIME
open file number 651,OPEN_FILE
general conversation number 380,GENERAL_CONVERSATION
general conversation number 620,GENERAL_CONVERSATION
open file number 489,OPEN_FILE
search query number 761,WEB_SEARCH
general conversation number 912,GENERAL_CONVERSATION
mute command number 357,MUTE
mute command number 550,MUTE
open application number 584,OPEN_APP
open application number 690,OPEN_APP
general conversation number 530,GENERAL_CONVERSATION
open application number 1238,OPEN_APP
general conversation number 220,GENERAL_CONVERSATION
search query number 1188,WEB_SEARCH
unmute command number 943,UNMUTE
mute command number 1168,MUTE
unmute command number 836,UNMUTE
open application number 763,OPEN_APP
open application number 1333,OPEN_APP
search query number 1127,WEB_SEARCH
general conversation number 732,GENERAL_CONVERSATION
general conversation number 482,GENERAL_CONVERSATION
general conversation number 956,GENERAL_CONVERSATION
mute command number 229,MUTE
unmute command number 472,UNMUTE
open application number 1422,OPEN_APP
unmute command number 284,UNMUTE
unmute command number 1357,UNMUTE
general conversation number 357,GENERAL_CONVERSATION
general conversation number 1197,GENERAL_CONVERSATION
unmute command number 728,UNMUTE
open application number 1181,OPEN_APP
get time request number 473,GET_TIME
search query number 1044,WEB_SEARCH
search query number 910,WEB_SEARCH
open file number 572,OPEN_FILE
general conversation number 1186,GENERAL_CONVERSATION
mute command number 1098,MUTE
open application number 552,OPEN_APP
open application number 890,OPEN_APP
mute command number 277,MUTE
search query number 793,WEB_SEARCH
open file number 1395,OPEN_FILE
search query number 536,WEB_SEARCH
search query number 927,WEB_SEARCH
general conversation number 933,GENERAL_CONVERSATION
open application number 779,OPEN_APP
mute command number 148,MUTE
unmute command number 400,UNMUTE
mute command number 866,MUTE
open file number 1091,OPEN_FILE
open application number 642,OPEN_APP
get time request number 803,GET_TIME
get time request number 921,GET_TIME
open file number 1301,OPEN_FILE
mute command number 956,MUTE
unmute command number 694,UNMUTE
open application number 1322,OPEN_APP
get time request number 922,GET_TIME
mute command number 1153,MUTE
search query number 1104,WEB_SEARCH
get time request number 118,GET_TIME
mute command number 591,MUTE
mute command number 1337,MUTE
general conversation number 373,GENERAL_CONVERSATION
unmute command number 1183,UNMUTE
general conversation number 552,GENERAL_CONVERSATION
general conversation number 1360,GENERAL_CONVERSATION
open file number 1237,OPEN_FILE
search query number 644,WEB_SEARCH
get time request number 441,GET_TIME
get time request number 1186,GET_TIME
general conversation number 1402,GENERAL_CONVERSATION
general conversation number 760,GENERAL_CONVERSATION
mute command number 819,MUTE
get time request number 672,GET_TIME
unmute command number 854,UNMUTE
mute command number 1400,MUTE
unmute command number 503,UNMUTE
search query number 1017,WEB_SEARCH
general conversation number 239,GENERAL_CONVERSATION
open application number 542,OPEN_APP
general conversation number 216,GENERAL_CONVERSATION
mute command number 1114,MUTE
open file number 16,OPEN_FILE
mute command number 132,MUTE
mute command number 318,MUTE
general conversation number 217,GENERAL_CONVERSATION
unmute command number 1323,UNMUTE
open file number 465,OPEN_FILE
search query number 365,WEB_SEARCH
get time request number 745,GET_TIME
general conversation number 1089,GENERAL_CONVERSATION
open application number 624,OPEN_APP
unmute command number 969,UNMUTE
open application number 102,OPEN_APP
mute command number 87,MUTE
general conversation number 94,GENERAL_CONVERSATION
open application number 952,OPEN_APP
mute command number 1009,MUTE
open application number 808,OPEN_APP
get time request number 128,GET_TIME
mute command number 1228,MUTE
general conversation number 141,GENERAL_CONVERSATION
general conversation number 102,GENERAL_CONVERSATION
unmute command number 1382,UNMUTE
mute command number 1123,MUTE
unmute command number 1320,UNMUTE
general conversation number 89,GENERAL_CONVERSATION
general conversation number 471,GENERAL_CONVERSATION
get time request number 78,GET_TIME
unmute command number 894,UNMUTE
mute command number 723,MUTE
open application number 162,OPEN_APP
search query number 1224,WEB_SEARCH
search query number 71,WEB_SEARCH
open application number 897,OPEN_APP
unmute command number 157,UNMUTE
open file number 360,OPEN_FILE
search query number 987,WEB_SEARCH
mute command number 117,MUTE
get time request number 785,GET_TIME
mute command number 252,MUTE
mute command number 842,MUTE
unmute command number 806,UNMUTE
open application number 1015,OPEN_APP
open application number 716,OPEN_APP
general conversation number 196,GENERAL_CONVERSATION
open application number 17,OPEN_APP
unmute command number 1106,UNMUTE
unmute command number 180,UNMUTE
unmute command number 1421,UNMUTE
open application number 789,OPEN_APP
general conversation number 1398,GENERAL_CONVERSATION
general conversation number 32,GENERAL_CONVERSATION
get time request number 165,GET_TIME
general conversation number 236,GENERAL_CONVERSATION
search query number 284,WEB_SEARCH
general conversation number 1413,GENERAL_CONVERSATION
get time request number 1406,GET_TIME
open application number 237,OPEN_APP
unmute command number 1346,UNMUTE
open file number 795,OPEN_FILE
open file number 428,OPEN_FILE
mute command number 576,MUTE
general conversation number 276,GENERAL_CONVERSATION
get time request number 310,GET_TIME
search query number 575,WEB_SEARCH
open file number 318,OPEN_FILE
unmute command number 268,UNMUTE
unmute command number 526,UNMUTE
mute command number 1070,MUTE
mute command number 159,MUTE
mute command number 403,MUTE
open application number 619,OPEN_APP
search query number 184,WEB_SEARCH
unmute command number 883,UNMUTE
get time request number 1165,GET_TIME
unmute command number 846,UNMUTE
unmute command number 639,UNMUTE
open application number 236,OPEN_APP
mute command number 483,MUTE
search query number 682,WEB_SEARCH
get time request number 376,GET_TIME
open application number 429,OPEN_APP
get time request number 1253,GET_TIME
general conversation number 667,GENERAL_CONVERSATION
get time request number 450,GET_TIME
general conversation number 474,GENERAL_CONVERSATION
open file number 1286,OPEN_FILE
mute command number 585,MUTE
unmute command number 388,UNMUTE
unmute command number 191,UNMUTE
search query number 1256,WEB_SEARCH
mute command number 1334,MUTE
mute command number 545,MUTE
open application number 1133,OPEN_APP
general conversation number 725,GENERAL_CONVERSATION
open file number 775,OPEN_FILE
unmute command number 555,UNMUTE
search query number 1159,WEB_SEARCH
open file number 1348,OPEN_FILE
unmute command number 542,UNMUTE
open file number 513,OPEN_FILE
search query number 224,WEB_SEARCH
unmute command number 529,UNMUTE
unmute command number 716,UNMUTE
general conversation number 846,GENERAL_CONVERSATION
open file number 70,OPEN_FILE
open application number 844,OPEN_APP
open file number 1038,OPEN_FILE
unmute command number 1025,UNMUTE
search query number 1235,WEB_SEARCH
unmute command number 1244,UNMUTE
open file number 327,OPEN_FILE
unmute command number 393,UNMUTE
general conversation number 1364,GENERAL_CONVERSATION
get time request number 133,GET_TIME
mute command number 356,MUTE
open file number 442,OPEN_FILE
open file number 749,OPEN_FILE
unmute command number 544,UNMUTE
get time request number 833,GET_TIME
mute command number 1347,MUTE
get time request number 1383,GET_TIME
get time request number 1127,GET_TIME
open application number 462,OPEN_APP
open file number 230,OPEN_FILE
mute command number 1310,MUTE
mute command number 816,MUTE
search query number 95,WEB_SEARCH
mute command number 666,MUTE
mute command number 367,MUTE
open application number 508,OPEN_APP
open application number 183,OPEN_APP
get time request number 1391,GET_TIME
get time request number 329,GET_TIME
get time request number 1421,GET_TIME
open application number 734,OPEN_APP
general conversation number 1143,GENERAL_CONVERSATION
open application number 1329,OPEN_APP
unmute command number 591,UNMUTE
open application number 1187,OPEN_APP
get time request number 1036,GET_TIME
mute command number 513,MUTE
search query number 38,WEB_SEARCH
mute command number 1113,MUTE
search query number 1281,WEB_SEARCH
search query number 1041,WEB_SEARCH
open file number 863,OPEN_FILE
search query number 688,WEB_SEARCH
unmute command number 540,UNMUTE
get time request number 1173,GET_TIME
get time request number 565,GET_TIME
open application number 194,OPEN_APP
search query number 1057,WEB_SEARCH
unmute command number 679,UNMUTE
open application number 965,OPEN_APP
open application number 244,OPEN_APP
search query number 867,WEB_SEARCH
mute command number 905,MUTE
open file number 22,OPEN_FILE
get time request number 1071,GET_TIME
mute command number 461,MUTE
general conversation number 27,GENERAL_CONVERSATION
open application number 9,OPEN_APP
search query number 919,WEB_SEARCH
open application number 303,OPEN_APP
get time request number 333,GET_TIME
general conversation number 67,GENERAL_CONVERSATION
get time request number 347,GET_TIME
search query number 1167,WEB_SEARCH
mute command number 184,MUTE
get time request number 111,GET_TIME
mute command number 501,MUTE
general conversation number 927,GENERAL_CONVERSATION
open application number 1403,OPEN_APP
open application number 420,OPEN_APP
general conversation number 1214,GENERAL_CONVERSATION
mute command number 224,MUTE
open application number 620,OPEN_APP
open application number 951,OPEN_APP
open file number 496,OPEN_FILE
get time request number 476,GET_TIME
open file number 1364,OPEN_FILE
open file number 547,OPEN_FILE
open application number 674,OPEN_APP
unmute command number 54,UNMUTE
open file number 892,OPEN_FILE
get time request number 351,GET_TIME
open file number 216,OPEN_FILE
general conversation number 497,GENERAL_CONVERSATION
get time request number 79,GET_TIME
unmute command number 122,UNMUTE
unmute command number 1207,UNMUTE
mute command number 446,MUTE
unmute command number 1134,UNMUTE
unmute command number 1390,UNMUTE
get time request number 189,GET_TIME
unmute command number 953,UNMUTE
mute command number 1111,MUTE
get time request number 1292,GET_TIME
unmute command number 29,UNMUTE
get time request number 1361,GET_TIME
get time request number 1163,GET_TIME
open application number 597,OPEN_APP
search query number 652,WEB_SEARCH
open file number 568,OPEN_FILE
search query number 1337,WEB_SEARCH
open application number 387,OPEN_APP
search query number 244,WEB_SEARCH
unmute command number 1373,UNMUTE
open file number 9,OPEN_FILE
general conversation number 1403,GENERAL_CONVERSATION
mute command number 43,MUTE
get time request number 628,GET_TIME
mute command number 29,MUTE
general conversation number 1131,GENERAL_CONVERSATION
unmute command number 296,UNMUTE
mute command number 1080,MUTE
open file number 108,OPEN_FILE
mute command number 537,MUTE
get time request number 943,GET_TIME
open application number 724,OPEN_APP
get time request number 322,GET_TIME
unmute command number 863,UNMUTE
unmute command number 1422,UNMUTE
search query number 783,WEB_SEARCH
open application number 915,OPEN_APP
unmute command number 774,UNMUTE
general conversation number 138,GENERAL_CONVERSATION
search query number 407,WEB_SEARCH
unmute command number 832,UNMUTE
general conversation number 1026,GENERAL_CONVERSATION
open application number 301,OPEN_APP
open application number 123,OPEN_APP
unmute command number 860,UNMUTE
get time request number 832,GET_TIME
open application number 649,OPEN_APP
get time request number 641,GET_TIME
mute command number 1095,MUTE
mute command number 1175,MUTE
mute command number 215,MUTE
search query number 710,WEB_SEARCH
get time request number 584,GET_TIME
get time request number 321,GET_TIME
unmute command number 151,UNMUTE
mute command number 285,MUTE
open application number 1219,OPEN_APP
get time request number 261,GET_TIME
search query number 303,WEB_SEARCH
mute command number 746,MUTE
unmute command number 118,UNMUTE
search query number 878,WEB_SEARCH
open file number 509,OPEN_FILE
mute command number 131,MUTE
get time request number 188,GET_TIME
get time request number 44,GET_TIME
unmute command number 980,UNMUTE
open file number 367,OPEN_FILE
mute command number 73,MUTE
search query number 77,WEB_SEARCH
get time request number 945,GET_TIME
mute command number 468,MUTE
general conversation number 850,GENERAL_CONVERSATION
open file number 110,OPEN_FILE
get time request number 1237,GET_TIME
open file number 291,OPEN_FILE
general conversation number 1160,GENERAL_CONVERSATION
get time request number 1114,GET_TIME
open file number 564,OPEN_FILE
get time request number 1417,GET_TIME
get time request number 1351,GET_TIME
unmute command number 745,UNMUTE
general conversation number 686,GENERAL_CONVERSATION
get time request number 757,GET_TIME
open file number 999,OPEN_FILE
open application number 1212,OPEN_APP
open application number 120,OPEN_APP
mute command number 684,MUTE
unmute command number 644,UNMUTE
open application number 1135,OPEN_APP
general conversation number 764,GENERAL_CONVERSATION
open file number 455,OPEN_FILE
mute command number 854,MUTE
search query number 1410,WEB_SEARCH
general conversation number 408,GENERAL_CONVERSATION
general conversation number 1075,GENERAL_CONVERSATION
unmute command number 333,UNMUTE
get time request number 847,GET_TIME
unmute command number 1147,UNMUTE
mute command number 952,MUTE
open file number 961,OPEN_FILE
unmute command number 351,UNMUTE
search query number 516,WEB_SEARCH
open file number 667,OPEN_FILE
general conversation number 165,GENERAL_CONVERSATION
open application number 527,OPEN_APP
get time request number 1196,GET_TIME
mute command number 724,MUTE
open application number 348,OPEN_APP
general conversation number 1242,GENERAL_CONVERSATION
general conversation number 672,GENERAL_CONVERSATION
open file number 1271,OPEN_FILE
open application number 477,OPEN_APP
get time request number 1081,GET_TIME
general conversation number 957,GENERAL_CONVERSATION
general conversation number 602,GENERAL_CONVERSATION
open file number 1392,OPEN_FILE
get time request number 135,GET_TIME
open application number 905,OPEN_APP
general conversation number 855,GENERAL_CONVERSATION
search query number 1379,WEB_SEARCH
open application number 470,OPEN_APP
unmute command number 323,UNMUTE
get time request number 354,GET_TIME
search query number 1058,WEB_SEARCH
general conversation number 683,GENERAL_CONVERSATION
mute command number 348,MUTE
general conversation number 241,GENERAL_CONVERSATION
unmute command number 1136,UNMUTE
open file number 1370,OPEN_FILE
unmute command number 1074,UNMUTE
general conversation number 534,GENERAL_CONVERSATION
open application number 93,OPEN_APP
mute command number 420,MUTE
mute command number 469,MUTE
search query number 658,WEB_SEARCH
open application number 506,OPEN_APP
mute command number 1300,MUTE
mute command number 1163,MUTE
get time request number 1297,GET_TIME
search query number 366,WEB_SEARCH
search query number 17,WEB_SEARCH
open file number 1340,OPEN_FILE
unmute command number 1302,UNMUTE
search query number 538,WEB_SEARCH
open file number 372,OPEN_FILE
open application number 809,OPEN_APP
search query number 383,WEB_SEARCH
open file number 157,OPEN_FILE
open application number 372,OPEN_APP
search query number 1421,WEB_SEARCH
search query number 260,WEB_SEARCH
open application number 314,OPEN_APP
mute command number 940,MUTE
unmute command number 405,UNMUTE
general conversation number 1029,GENERAL_CONVERSATION
mute command number 583,MUTE
open file number 226,OPEN_FILE
search query number 1156,WEB_SEARCH
unmute command number 1388,UNMUTE
mute command number 663,MUTE
open application number 631,OPEN_APP
open file number 1156,OPEN_FILE
general conversation number 49,GENERAL_CONVERSATION
open application number 296,OPEN_APP
search query number 1345,WEB_SEARCH
get time request number 723,GET_TIME
get time request number 305,GET_TIME
open application number 265,OPEN_APP
mute command number 223,MUTE
mute command number 890,MUTE
search query number 685,WEB_SEARCH
get time request number 89,GET_TIME
open file number 1170,OPEN_FILE
get time request number 1345,GET_TIME
unmute command number 517,UNMUTE
unmute command number 1404,UNMUTE
open file number 1384,OPEN_FILE
get time request number 560,GET_TIME
general conversation number 101,GENERAL_CONVERSATION
get time request number 626,GET_TIME
open application number 1424,OPEN_APP
search query number 571,WEB_SEARCH
open application number 646,OPEN_APP
unmute command number 208,UNMUTE
general conversation number 496,GENERAL_CONVERSATION
open application number 1426,OPEN_APP
unmute command number 674,UNMUTE
unmute command number 1026,UNMUTE
general conversation number 447,GENERAL_CONVERSATION
mute command number 1305,MUTE
open application number 802,OPEN_APP
unmute command number 1355,UNMUTE
get time request number 1076,GET_TIME
open file number 77,OPEN_FILE
general conversation number 865,GENERAL_CONVERSATION
open file number 539,OPEN_FILE
open file number 928,OPEN_FILE
general conversation number 108,GENERAL_CONVERSATION
search query number 636,WEB_SEARCH
open file number 43,OPEN_FILE
open application number 416,OPEN_APP
unmute command number 419,UNMUTE
open file number 885,OPEN_FILE
get time request number 371,GET_TIME
general conversation number 54,GENERAL_CONVERSATION
search query number 1329,WEB_SEARCH
open application number 73,OPEN_APP
general conversation number 826,GENERAL_CONVERSATION
mute command number 466,MUTE
general conversation number 515,GENERAL_CONVERSATION
open file number 494,OPEN_FILE
unmute command number 1072,UNMUTE
get time request number 312,GET_TIME
get time request number 1202,GET_TIME
general conversation number 762,GENERAL_CONVERSATION
get time request number 1420,GET_TIME
open file number 625,OPEN_FILE
general conversation number 288,GENERAL_CONVERSATION
get time request number 895,GET_TIME
open application number 1182,OPEN_APP
get time request number 21,GET_TIME
mute command number 1239,MUTE
search query number 773,WEB_SEARCH
mute command number 1399,MUTE
unmute command number 1315,UNMUTE
unmute command number 773,UNMUTE
open application number 645,OPEN_APP
search query number 148,WEB_SEARCH
open application number 543,OPEN_APP
get time request number 159,GET_TIME
get time request number 1021,GET_TIME
open application number 370,OPEN_APP
search query number 726,WEB_SEARCH
mute command number 904,MUTE
general conversation number 818,GENERAL_CONVERSATION
general conversation number 833,GENERAL_CONVERSATION
search query number 167,WEB_SEARCH
get time request number 113,GET_TIME
unmute command number 20,UNMUTE
mute command number 1158,MUTE
search query number 1280,WEB_SEARCH
unmute command number 1047,UNMUTE
unmute command number 88,UNMUTE
search query number 1278,WEB_SEARCH
general conversation number 1282,GENERAL_CONVERSATION
get time request number 1007,GET_TIME
open application number 263,OPEN_APP
get time request number 892,GET_TIME
mute command number 1021,MUTE
get time request number 438,GET_TIME
open application number 750,OPEN_APP
search query number 729,WEB_SEARCH
mute command number 1187,MUTE
open file number 1323,OPEN_FILE
open file number 404,OPEN_FILE
open application number 1040,OPEN_APP
mute command number 1075,MUTE
search query number 864,WEB_SEARCH
open application number 812,OPEN_APP
search query number 1142,WEB_SEARCH
general conversation number 991,GENERAL_CONVERSATION
open file number 1321,OPEN_FILE
open application number 336,OPEN_APP
unmute command number 1032,UNMUTE
open application number 762,OPEN_APP
open file number 916,OPEN_FILE
get time request number 124,GET_TIME
search query number 1295,WEB_SEARCH
open application number 393,OPEN_APP
get time request number 1254,GET_TIME
unmute command number 467,UNMUTE
unmute command number 163,UNMUTE
open application number 1142,OPEN_APP
get time request number 845,GET_TIME
open file number 1150,OPEN_FILE
unmute command number 822,UNMUTE
mute command number 1411,MUTE
unmute command number 13,UNMUTE
general conversation number 533,GENERAL_CONVERSATION
get time request number 47,GET_TIME
general conversation number 1236,GENERAL_CONVERSATION
open file number 1270,OPEN_FILE
mute command number 1135,MUTE
search query number 470,WEB_SEARCH
mute command number 1046,MUTE
open file number 953,OPEN_FILE
open application number 1034,OPEN_APP
open application number 1314,OPEN_APP
open application number 1006,OPEN_APP
unmute command number 0,UNMUTE
get time request number 255,GET_TIME
search query number 921,WEB_SEARCH
search query number 18,WEB_SEARCH
general conversation number 1200,GENERAL_CONVERSATION
open file number 830,OPEN_FILE
open application number 532,OPEN_APP
search query number 580,WEB_SEARCH
open application number 1250,OPEN_APP
get time request number 267,GET_TIME
unmute command number 1041,UNMUTE
mute command number 146,MUTE
general conversation number 695,GENERAL_CONVERSATION
mute command number 1336,MUTE
general conversation number 128,GENERAL_CONVERSATION
open application number 1151,OPEN_APP
search query number 1419,WEB_SEARCH
open file number 407,OPEN_FILE
unmute command number 207,UNMUTE
mute command number 1059,MUTE
search query number 1297,WEB_SEARCH
unmute command number 1126,UNMUTE
open file number 831,OPEN_FILE
open file number 235,OPEN_FILE
open file number 683,OPEN_FILE
general conversation number 629,GENERAL_CONVERSATION
general conversation number 1048,GENERAL_CONVERSATION
open file number 1207,OPEN_FILE
general conversation number 1396,GENERAL_CONVERSATION
search query number 789,WEB_SEARCH
general conversation number 12,GENERAL_CONVERSATION
search query number 889,WEB_SEARCH
open application number 158,OPEN_APP
general conversation number 892,GENERAL_CONVERSATION
unmute command number 9,UNMUTE
get time request number 992,GET_TIME
mute command number 1196,MUTE
unmute command number 709,UNMUTE
search query number 1383,WEB_SEARCH
general conversation number 1263,GENERAL_CONVERSATION
get time request number 1069,GET_TIME
get time request number 862,GET_TIME
general conversation number 171,GENERAL_CONVERSATION
unmute command number 857,UNMUTE
general conversation number 73,GENERAL_CONVERSATION
get time request number 755,GET_TIME
unmute command number 74,UNMUTE
search query number 851,WEB_SEARCH
mute command number 850,MUTE
unmute command number 1213,UNMUTE
search query number 1176,WEB_SEARCH
get time request number 278,GET_TIME
get time request number 1423,GET_TIME
unmute command number 768,UNMUTE
mute command number 225,MUTE
open file number 711,OPEN_FILE
open file number 935,OPEN_FILE
mute command number 297,MUTE
general conversation number 450,GENERAL_CONVERSATION
get time request number 1323,GET_TIME
get time request number 1226,GET_TIME
open file number 116,OPEN_FILE
open file number 610,OPEN_FILE
unmute command number 1392,UNMUTE
unmute command number 1224,UNMUTE
search query number 946,WEB_SEARCH
open application number 473,OPEN_APP
unmute command number 353,UNMUTE
mute command number 887,MUTE
general conversation number 1032,GENERAL_CONVERSATION
unmute command number 658,UNMUTE
unmute command number 320,UNMUTE
search query number 376,WEB_SEARCH
open application number 184,OPEN_APP
unmute command number 748,UNMUTE
mute command number 1048,MUTE
unmute command number 603,UNMUTE
open application number 930,OPEN_APP
get time request number 1299,GET_TIME
open application number 224,OPEN_APP
mute command number 553,MUTE
search query number 478,WEB_SEARCH
general conversation number 636,GENERAL_CONVERSATION
mute command number 695,MUTE
general conversation number 397,GENERAL_CONVERSATION
unmute command number 680,UNMUTE
search query number 87,WEB_SEARCH
get time request number 910,GET_TIME
unmute command number 791,UNMUTE
unmute command number 609,UNMUTE
open file number 1407,OPEN_FILE
open application number 485,OPEN_APP
search query number 5,WEB_SEARCH
get time request number 802,GET_TIME
mute command number 1102,MUTE
general conversation number 451,GENERAL_CONVERSATION
open application number 255,OPEN_APP
search query number 373,WEB_SEARCH
search query number 176,WEB_SEARCH
open application number 1049,OPEN_APP
open file number 1035,OPEN_FILE
open application number 722,OPEN_APP
open file number 649,OPEN_FILE
general conversation number 902,GENERAL_CONVERSATION
open application number 165,OPEN_APP
general conversation number 1161,GENERAL_CONVERSATION
open file number 295,OPEN_FILE
unmute command number 240,UNMUTE
open file number 237,OPEN_FILE
open file number 867,OPEN_FILE
general conversation number 47,GENERAL_CONVERSATION
unmute command number 563,UNMUTE
open file number 1142,OPEN_FILE
get time request number 1225,GET_TIME
unmute command number 86,UNMUTE
open file number 377,OPEN_FILE
search query number 739,WEB_SEARCH
mute command number 1420,MUTE
mute command number 339,MUTE
get time request number 332,GET_TIME
search query number 756,WEB_SEARCH
get time request number 562,GET_TIME
general conversation number 712,GENERAL_CONVERSATION
search query number 484,WEB_SEARCH
open file number 1338,OPEN_FILE
get time request number 705,GET_TIME
open file number 1064,OPEN_FILE
open application number 987,OPEN_APP
unmute command number 710,UNMUTE
unmute command number 1407,UNMUTE
general conversation number 644,GENERAL_CONVERSATION
unmute command number 144,UNMUTE
unmute command number 451,UNMUTE
get time request number 549,GET_TIME
get time request number 274,GET_TIME
general conversation number 1155,GENERAL_CONVERSATION
mute command number 594,MUTE
mute command number 592,MUTE
open file number 899,OPEN_FILE
mute command number 33,MUTE
open file number 1232,OPEN_FILE
get time request number 405,GET_TIME
search query number 597,WEB_SEARCH
unmute command number 906,UNMUTE
get time request number 553,GET_TIME
unmute command number 608,UNMUTE
search query number 818,WEB_SEARCH
search query number 98,WEB_SEARCH
get time request number 96,GET_TIME
search query number 791,WEB_SEARCH
search query number 1169,WEB_SEARCH
search query number 358,WEB_SEARCH
search query number 1148,WEB_SEARCH
search query number 37,WEB_SEARCH
open application number 1045,OPEN_APP
mute command number 1195,MUTE
get time request number 576,GET_TIME
unmute command number 290,UNMUTE
open file number 415,OPEN_FILE
open application number 1192,OPEN_APP
open application number 1284,OPEN_APP
open application number 89,OPEN_APP
unmute command number 697,UNMUTE
search query number 369,WEB_SEARCH
open file number 1238,OPEN_FILE
general conversation number 202,GENERAL_CONVERSATION
general conversation number 607,GENERAL_CONVERSATION
open file number 1365,OPEN_FILE
get time request number 252,GET_TIME
open application number 1346,OPEN_APP
search query number 1043,WEB_SEARCH
get time request number 701,GET_TIME
open file number 652,OPEN_FILE
mute command number 395,MUTE
search query number 754,WEB_SEARCH
open file number 1425,OPEN_FILE
general conversation number 860,GENERAL_CONVERSATION
unmute command number 541,UNMUTE
get time request number 1171,GET_TIME
unmute command number 235,UNMUTE
open application number 2,OPEN_APP
unmute command number 283,UNMUTE
open file number 57,OPEN_FILE
search query number 55,WEB_SEARCH
open application number 1051,OPEN_APP
mute command number 900,MUTE
open application number 535,OPEN_APP
open application number 659,OPEN_APP
mute command number 1361,MUTE
general conversation number 1217,GENERAL_CONVERSATION
mute command number 586,MUTE
get time request number 407,GET_TIME
get time request number 871,GET_TIME
open file number 1247,OPEN_FILE
unmute command number 452,UNMUTE
open application number 760,OPEN_APP
general conversation number 472,GENERAL_CONVERSATION
general conversation number 749,GENERAL_CONVERSATION
open application number 199,OPEN_APP
unmute command number 295,UNMUTE
open file number 51,OPEN_FILE
search query number 16,WEB_SEARCH
general conversation number 39,GENERAL_CONVERSATION
search query number 708,WEB_SEARCH
mute command number 618,MUTE
open application number 269,OPEN_APP
search query number 953,WEB_SEARCH
search query number 1225,WEB_SEARCH
unmute command number 685,UNMUTE
mute command number 1248,MUTE
get time request number 907,GET_TIME
search query number 340,WEB_SEARCH
general conversation number 181,GENERAL_CONVERSATION
open file number 395,OPEN_FILE
open application number 431,OPEN_APP
open application number 1134,OPEN_APP
unmute command number 1217,UNMUTE
open application number 813,OPEN_APP
unmute command number 156,UNMUTE
general conversation number 669,GENERAL_CONVERSATION
general conversation number 152,GENERAL_CONVERSATION
general conversation number 730,GENERAL_CONVERSATION
general conversation number 1083,GENERAL_CONVERSATION
search query number 1239,WEB_SEARCH
open file number 1224,OPEN_FILE
open application number 613,OPEN_APP
unmute command number 509,UNMUTE
search query number 1302,WEB_SEARCH
general conversation number 1005,GENERAL_CONVERSATION
open file number 950,OPEN_FILE
general conversation number 201,GENERAL_CONVERSATION
search query number 779,WEB_SEARCH
unmute command number 630,UNMUTE
general conversation number 622,GENERAL_CONVERSATION
general conversation number 256,GENERAL_CONVERSATION
get time request number 790,GET_TIME
open file number 391,OPEN_FILE
search query number 417,WEB_SEARCH
search query number 1405,WEB_SEARCH
open file number 64,OPEN_FILE
open application number 1071,OPEN_APP
open application number 1231,OPEN_APP
open application number 1278,OPEN_APP
open file number 639,OPEN_FILE
mute command number 1371,MUTE
general conversation number 731,GENERAL_CONVERSATION
unmute command number 645,UNMUTE
unmute command number 760,UNMUTE
open file number 168,OPEN_FILE
mute command number 1017,MUTE
unmute command number 762,UNMUTE
open file number 95,OPEN_FILE
search query number 890,WEB_SEARCH
open application number 911,OPEN_APP
mute command number 987,MUTE
unmute command number 721,UNMUTE
open file number 515,OPEN_FILE
get time request number 1327,GET_TIME
general conversation number 1122,GENERAL_CONVERSATION
open application number 1355,OPEN_APP
unmute command number 1053,UNMUTE
search query number 231,WEB_SEARCH
mute command number 78,MUTE
general conversation number 618,GENERAL_CONVERSATION
get time request number 436,GET_TIME
search query number 83,WEB_SEARCH
open application number 563,OPEN_APP
general conversation number 1407,GENERAL_CONVERSATION
unmute command number 907,UNMUTE
general conversation number 495,GENERAL_CONVERSATION
get time request number 273,GET_TIME
unmute command number 988,UNMUTE
unmute command number 501,UNMUTE
open application number 1161,OPEN_APP
unmute command number 78,UNMUTE
general conversation number 1046,GENERAL_CONVERSATION
mute command number 929,MUTE
open application number 846,OPEN_APP
unmute command number 1192,UNMUTE
unmute command number 692,UNMUTE
get time request number 1427,GET_TIME
open file number 998,OPEN_FILE
general conversation number 57,GENERAL_CONVERSATION
mute command number 1040,MUTE
open application number 164,OPEN_APP
mute command number 430,MUTE
mute command number 370,MUTE
unmute command number 967,UNMUTE
open file number 768,OPEN_FILE
open file number 1135,OPEN_FILE
open application number 747,OPEN_APP
open file number 459,OPEN_FILE
search query number 968,WEB_SEARCH
open file number 1201,OPEN_FILE
open file number 1175,OPEN_FILE
search query number 838,WEB_SEARCH
search query number 1095,WEB_SEARCH
general conversation number 156,GENERAL_CONVERSATION
search query number 790,WEB_SEARCH
open file number 878,OPEN_FILE
search query number 92,WEB_SEARCH
general conversation number 1117,GENERAL_CONVERSATION
general conversation number 1103,GENERAL_CONVERSATION
open file number 996,OPEN_FILE
mute command number 103,MUTE
unmute command number 1054,UNMUTE
unmute command number 263,UNMUTE
unmute command number 623,UNMUTE
open application number 898,OPEN_APP
get time request number 505,GET_TIME
get time request number 427,GET_TIME
get time request number 1300,GET_TIME
mute command number 133,MUTE
search query number 588,WEB_SEARCH
get time request number 816,GET_TIME
unmute command number 1156,UNMUTE
get time request number 1229,GET_TIME
unmute command number 443,UNMUTE
open application number 1298,OPEN_APP
general conversation number 392,GENERAL_CONVERSATION
unmute command number 1085,UNMUTE
open file number 897,OPEN_FILE
get time request number 463,GET_TIME
open file number 343,OPEN_FILE
unmute command number 352,UNMUTE
open application number 277,OPEN_APP
mute command number 1090,MUTE
search query number 117,WEB_SEARCH
get time request number 608,GET_TIME
mute command number 427,MUTE
open application number 280,OPEN_APP
general conversation number 1409,GENERAL_CONVERSATION
general conversation number 1307,GENERAL_CONVERSATION
general conversation number 247,GENERAL_CONVERSATION
search query number 1401,WEB_SEARCH
mute command number 502,MUTE
unmute command number 1090,UNMUTE
unmute command number 15,UNMUTE
open file number 400,OPEN_FILE
search query number 431,WEB_SEARCH
open application number 944,OPEN_APP
get time request number 1250,GET_TIME
get time request number 314,GET_TIME
general conversation number 1329,GENERAL_CONVERSATION
get time request number 848,GET_TIME
general conversation number 30,GENERAL_CONVERSATION
general conversation number 98,GENERAL_CONVERSATION
general conversation number 741,GENERAL_CONVERSATION
open application number 1252,OPEN_APP
open file number 1082,OPEN_FILE
get time request number 1306,GET_TIME
mute command number 451,MUTE
search query number 74,WEB_SEARCH
get time request number 496,GET_TIME
search query number 1339,WEB_SEARCH
open file number 68,OPEN_FILE
search query number 1155,WEB_SEARCH
general conversation number 659,GENERAL_CONVERSATION
mute command number 1043,MUTE
general conversation number 932,GENERAL_CONVERSATION
mute command number 521,MUTE
open file number 379,OPEN_FILE
open file number 205,OPEN_FILE
get time request number 989,GET_TIME
open file number 692,OPEN_FILE
get time request number 749,GET_TIME
open file number 1120,OPEN_FILE
open application number 1155,OPEN_APP
general conversation number 371,GENERAL_CONVERSATION
general conversation number 1141,GENERAL_CONVERSATION
open file number 1027,OPEN_FILE
unmute command number 533,UNMUTE
get time request number 831,GET_TIME
search query number 232,WEB_SEARCH
mute command number 343,MUTE
open file number 1327,OPEN_FILE
search query number 164,WEB_SEARCH
open application number 1385,OPEN_APP
open application number 302,OPEN_APP
get time request number 223,GET_TIME
search query number 1354,WEB_SEARCH
search query number 1101,WEB_SEARCH
general conversation number 1273,GENERAL_CONVERSATION
search query number 1026,WEB_SEARCH
search query number 72,WEB_SEARCH
open application number 753,OPEN_APP
open file number 1324,OPEN_FILE
open application number 107,OPEN_APP
general conversation number 439,GENERAL_CONVERSATION
unmute command number 4,UNMUTE
get time request number 888,GET_TIME
open file number 1400,OPEN_FILE
open file number 363,OPEN_FILE
unmute command number 483,UNMUTE
open application number 104,OPEN_APP
unmute command number 853,UNMUTE
open file number 97,OPEN_FILE
unmute command number 740,UNMUTE
open application number 991,OPEN_APP
mute command number 344,MUTE
open file number 918,OPEN_FILE
general conversation number 438,GENERAL_CONVERSATION
mute command number 743,MUTE
open application number 636,OPEN_APP
mute command number 1287,MUTE
open file number 696,OPEN_FILE
mute command number 1200,MUTE
open application number 344,OPEN_APP
unmute command number 410,UNMUTE
get time request number 1278,GET_TIME
mute command number 1034,MUTE
open application number 1005,OPEN_APP
open file number 1182,OPEN_FILE
unmute command number 390,UNMUTE
unmute command number 1167,UNMUTE
general conversation number 136,GENERAL_CONVERSATION
mute command number 49,MUTE
mute command number 484,MUTE
unmute command number 265,UNMUTE
get time request number 681,GET_TIME
search query number 875,WEB_SEARCH
mute command number 1235,MUTE
unmute command number 720,UNMUTE
unmute command number 596,UNMUTE
mute command number 783,MUTE
unmute command number 550,UNMUTE
unmute command number 1195,UNMUTE
search query number 429,WEB_SEARCH
open file number 806,OPEN_FILE
open application number 308,OPEN_APP
search query number 1322,WEB_SEARCH
open file number 280,OPEN_FILE
open application number 1353,OPEN_APP
open application number 339,OPEN_APP
open application number 478,OPEN_APP
open application number 1390,OPEN_APP
unmute command number 1286,UNMUTE
get time request number 73,GET_TIME
unmute command number 1118,UNMUTE
open application number 870,OPEN_APP
open file number 781,OPEN_FILE
search query number 1314,WEB_SEARCH
general conversation number 635,GENERAL_CONVERSATION
open application number 1319,OPEN_APP
general conversation number 437,GENERAL_CONVERSATION
general conversation number 1393,GENERAL_CONVERSATION
search query number 813,WEB_SEARCH
search query number 157,WEB_SEARCH
open file number 618,OPEN_FILE
get time request number 766,GET_TIME
unmute command number 553,UNMUTE
unmute command number 17,UNMUTE
mute command number 1237,MUTE
unmute command number 1377,UNMUTE
open file number 723,OPEN_FILE
open application number 1324,OPEN_APP
search query number 979,WEB_SEARCH
mute command number 614,MUTE
open application number 49,OPEN_APP
get time request number 1282,GET_TIME
general conversation number 585,GENERAL_CONVERSATION
search query number 603,WEB_SEARCH
open file number 1266,OPEN_FILE
open file number 1161,OPEN_FILE
get time request number 301,GET_TIME
search query number 1066,WEB_SEARCH
open file number 393,OPEN_FILE
open application number 855,OPEN_APP
get time request number 1033,GET_TIME
get time request number 300,GET_TIME
unmute command number 1035,UNMUTE
open file number 454,OPEN_FILE
open application number 1376,OPEN_APP
get time request number 1213,GET_TIME
search query number 521,WEB_SEARCH
open application number 111,OPEN_APP
open file number 1140,OPEN_FILE
mute command number 54,MUTE
search query number 983,WEB_SEARCH
open file number 398,OPEN_FILE
open file number 429,OPEN_FILE
search query number 837,WEB_SEARCH
open application number 341,OPEN_APP
get time request number 217,GET_TIME
search query number 203,WEB_SEARCH
mute command number 376,MUTE
search query number 1240,WEB_SEARCH
search query number 1149,WEB_SEARCH
search query number 27,WEB_SEARCH
open file number 1202,OPEN_FILE
mute command number 888,MUTE
mute command number 871,MUTE
search query number 1160,WEB_SEARCH
open application number 845,OPEN_APP
get time request number 1338,GET_TIME
mute command number 544,MUTE
general conversation number 958,GENERAL_CONVERSATION
general conversation number 423,GENERAL_CONVERSATION
open application number 725,OPEN_APP
mute command number 863,MUTE
general conversation number 411,GENERAL_CONVERSATION
get time request number 19,GET_TIME
open application number 19,OPEN_APP
mute command number 1335,MUTE
open file number 1357,OPEN_FILE
get time request number 905,GET_TIME
get time request number 229,GET_TIME
open application number 221,OPEN_APP
general conversation number 11,GENERAL_CONVERSATION
unmute command number 579,UNMUTE
unmute command number 574,UNMUTE
open file number 527,OPEN_FILE
get time request number 249,GET_TIME
open application number 751,OPEN_APP
open application number 876,OPEN_APP
mute command number 773,MUTE
mute command number 808,MUTE
search query number 465,WEB_SEARCH
open application number 310,OPEN_APP
general conversation number 542,GENERAL_CONVERSATION
open application number 271,OPEN_APP
unmute command number 777,UNMUTE
open application number 933,OPEN_APP
open file number 569,OPEN_FILE
search query number 289,WEB_SEARCH
open application number 578,OPEN_APP
open application number 740,OPEN_APP
search query number 926,WEB_SEARCH
get time request number 884,GET_TIME
get time request number 1411,GET_TIME
open file number 302,OPEN_FILE
get time request number 949,GET_TIME
get time request number 1026,GET_TIME
general conversation number 131,GENERAL_CONVERSATION
mute command number 665,MUTE
general conversation number 573,GENERAL_CONVERSATION
mute command number 622,MUTE
general conversation number 394,GENERAL_CONVERSATION
get time request number 736,GET_TIME
get time request number 378,GET_TIME
open application number 821,OPEN_APP
unmute command number 261,UNMUTE
open file number 329,OPEN_FILE
open application number 764,OPEN_APP
mute command number 1177,MUTE
search query number 114,WEB_SEARCH
unmute command number 707,UNMUTE
open application number 1318,OPEN_APP
open application number 360,OPEN_APP
general conversation number 1033,GENERAL_CONVERSATION
get time request number 4,GET_TIME
general conversation number 1284,GENERAL_CONVERSATION
get time request number 528,GET_TIME
open application number 27,OPEN_APP
search query number 56,WEB_SEARCH
general conversation number 121,GENERAL_CONVERSATION
search query number 917,WEB_SEARCH
unmute command number 1004,UNMUTE
mute command number 352,MUTE
open application number 680,OPEN_APP
unmute command number 27,UNMUTE
general conversation number 931,GENERAL_CONVERSATION
open file number 628,OPEN_FILE
mute command number 1216,MUTE
open file number 789,OPEN_FILE
open application number 7,OPEN_APP
mute command number 693,MUTE
search query number 569,WEB_SEARCH
search query number 124,WEB_SEARCH
open file number 178,OPEN_FILE
general conversation number 86,GENERAL_CONVERSATION
open application number 30,OPEN_APP
open file number 596,OPEN_FILE
general conversation number 1382,GENERAL_CONVERSATION
open file number 472,OPEN_FILE
unmute command number 316,UNMUTE
unmute command number 1124,UNMUTE
open file number 582,OPEN_FILE
open application number 1369,OPEN_APP
open file number 1421,OPEN_FILE
open application number 345,OPEN_APP
mute command number 467,MUTE
get time request number 686,GET_TIME
search query number 408,WEB_SEARCH
mute command number 428,MUTE
open file number 287,OPEN_FILE
general conversation number 228,GENERAL_CONVERSATION
mute command number 1262,MUTE
search query number 1261,WEB_SEARCH
search query number 574,WEB_SEARCH
general conversation number 480,GENERAL_CONVERSATION
mute command number 1360,MUTE
search query number 1154,WEB_SEARCH
search query number 844,WEB_SEARCH
search query number 625,WEB_SEARCH
get time request number 294,GET_TIME
get time request number 966,GET_TIME
mute command number 17,MUTE
open file number 721,OPEN_FILE
open application number 1046,OPEN_APP
open application number 994,OPEN_APP
open file number 894,OPEN_FILE
general conversation number 1204,GENERAL_CONVERSATION
general conversation number 988,GENERAL_CONVERSATION
open file number 689,OPEN_FILE
search query number 1287,WEB_SEARCH
unmute command number 699,UNMUTE
get time request number 486,GET_TIME
search query number 534,WEB_SEARCH
mute command number 637,MUTE
search query number 1197,WEB_SEARCH
unmute command number 557,UNMUTE
mute command number 714,MUTE
general conversation number 1325,GENERAL_CONVERSATION
search query number 916,WEB_SEARCH
search query number 1358,WEB_SEARCH
open application number 611,OPEN_APP
open application number 1380,OPEN_APP
open file number 1259,OPEN_FILE
search query number 1420,WEB_SEARCH
get time request number 1372,GET_TIME
search query number 331,WEB_SEARCH
unmute command number 1265,UNMUTE
unmute command number 753,UNMUTE
general conversation number 868,GENERAL_CONVERSATION
general conversation number 420,GENERAL_CONVERSATION
mute command number 1298,MUTE
general conversation number 1286,GENERAL_CONVERSATION
search query number 152,WEB_SEARCH
mute command number 364,MUTE
get time request number 662,GET_TIME
mute command number 1,MUTE
general conversation number 882,GENERAL_CONVERSATION
get time request number 1198,GET_TIME
unmute command number 289,UNMUTE
open application number 1076,OPEN_APP
mute command number 640,MUTE
general conversation number 135,GENERAL_CONVERSATION
mute command number 1108,MUTE
search query number 1099,WEB_SEARCH
open application number 1224,OPEN_APP
general conversation number 555,GENERAL_CONVERSATION
open application number 1050,OPEN_APP
search query number 70,WEB_SEARCH
search query number 227,WEB_SEARCH
general conversation number 786,GENERAL_CONVERSATION
unmute command number 1340,UNMUTE
open application number 839,OPEN_APP
general conversation number 179,GENERAL_CONVERSATION
open application number 997,OPEN_APP
open application number 1012,OPEN_APP
get time request number 470,GET_TIME
get time request number 1395,GET_TIME
get time request number 1234,GET_TIME
general conversation number 149,GENERAL_CONVERSATION
open application number 797,OPEN_APP
mute command number 1392,MUTE
open application number 749,OPEN_APP
mute command number 1377,MUTE
open file number 602,OPEN_FILE
general conversation number 1172,GENERAL_CONVERSATION
open application number 1420,OPEN_APP
open application number 195,OPEN_APP
unmute command number 1052,UNMUTE
search query number 404,WEB_SEARCH
mute command number 955,MUTE
search query number 997,WEB_SEARCH
search query number 372,WEB_SEARCH
search query number 19,WEB_SEARCH
general conversation number 1296,GENERAL_CONVERSATION
open application number 501,OPEN_APP
mute command number 837,MUTE
open application number 931,OPEN_APP
open file number 365,OPEN_FILE
unmute command number 226,UNMUTE
unmute command number 1219,UNMUTE
general conversation number 1078,GENERAL_CONVERSATION
unmute command number 115,UNMUTE
mute command number 268,MUTE
general conversation number 1391,GENERAL_CONVERSATION
open file number 1117,OPEN_FILE
unmute command number 713,UNMUTE
open application number 1299,OPEN_APP
search query number 585,WEB_SEARCH
get time request number 967,GET_TIME
get time request number 595,GET_TIME
search query number 937,WEB_SEARCH
open application number 564,OPEN_APP
open file number 523,OPEN_FILE
search query number 142,WEB_SEARCH
mute command number 1415,MUTE
search query number 1321,WEB_SEARCH
search query number 1202,WEB_SEARCH
get time request number 370,GET_TIME
open file number 693,OPEN_FILE
general conversation number 1245,GENERAL_CONVERSATION
mute command number 423,MUTE
unmute command number 788,UNMUTE
mute command number 1199,MUTE
open file number 1409,OPEN_FILE
general conversation number 1106,GENERAL_CONVERSATION
open file number 495,OPEN_FILE
mute command number 805,MUTE
unmute command number 1061,UNMUTE
get time request number 492,GET_TIME
general conversation number 1365,GENERAL_CONVERSATION
search query number 898,WEB_SEARCH
open file number 269,OPEN_FILE
general conversation number 460,GENERAL_CONVERSATION
unmute command number 444,UNMUTE
general conversation number 1355,GENERAL_CONVERSATION
open application number 834,OPEN_APP
mute command number 1067,MUTE
open application number 212,OPEN_APP
open application number 938,OPEN_APP
mute command number 205,MUTE
general conversation number 1241,GENERAL_CONVERSATION
open application number 1295,OPEN_APP
search query number 1194,WEB_SEARCH
get time request number 191,GET_TIME
open application number 847,OPEN_APP
unmute command number 364,UNMUTE
open application number 229,OPEN_APP
get time request number 186,GET_TIME
general conversation number 761,GENERAL_CONVERSATION
general conversation number 62,GENERAL_CONVERSATION
get time request number 381,GET_TIME
search query number 812,WEB_SEARCH
open application number 479,OPEN_APP
general conversation number 1111,GENERAL_CONVERSATION
unmute command number 1182,UNMUTE
get time request number 920,GET_TIME
mute command number 1243,MUTE
mute command number 1419,MUTE
search query number 65,WEB_SEARCH
general conversation number 238,GENERAL_CONVERSATION
general conversation number 1146,GENERAL_CONVERSATION
search query number 500,WEB_SEARCH
get time request number 1201,GET_TIME
mute command number 82,MUTE
general conversation number 740,GENERAL_CONVERSATION
get time request number 924,GET_TIME
unmute command number 1418,UNMUTE
get time request number 567,GET_TIME
open application number 606,OPEN_APP
unmute command number 539,UNMUTE
mute command number 958,MUTE
get time request number 1211,GET_TIME
open application number 850,OPEN_APP
get time request number 459,GET_TIME
open application number 1144,OPEN_APP
open application number 685,OPEN_APP
get time request number 1108,GET_TIME
get time request number 479,GET_TIME
search query number 841,WEB_SEARCH
mute command number 65,MUTE
general conversation number 523,GENERAL_CONVERSATION
open application number 1427,OPEN_APP
open application number 214,OPEN_APP
open file number 284,OPEN_FILE
open file number 905,OPEN_FILE
search query number 549,WEB_SEARCH
get time request number 444,GET_TIME
open application number 1003,OPEN_APP
unmute command number 1145,UNMUTE
search query number 1427,WEB_SEARCH
unmute command number 1400,UNMUTE
get time request number 1373,GET_TIME
search query number 126,WEB_SEARCH
search query number 1274,WEB_SEARCH
mute command number 706,MUTE
open application number 1016,OPEN_APP
unmute command number 1396,UNMUTE
get time request number 469,GET_TIME
get time request number 580,GET_TIME
open file number 717,OPEN_FILE
open file number 188,OPEN_FILE
open application number 995,OPEN_APP
general conversation number 219,GENERAL_CONVERSATION
search query number 1018,WEB_SEARCH
search query number 1038,WEB_SEARCH
unmute command number 640,UNMUTE
get time request number 127,GET_TIME
search query number 1396,WEB_SEARCH
general conversation number 1059,GENERAL_CONVERSATION
general conversation number 1148,GENERAL_CONVERSATION
mute command number 657,MUTE
search query number 888,WEB_SEARCH
general conversation number 864,GENERAL_CONVERSATION
general conversation number 463,GENERAL_CONVERSATION
open file number 868,OPEN_FILE
unmute command number 1278,UNMUTE
search query number 742,WEB_SEARCH
open application number 434,OPEN_APP
unmute command number 845,UNMUTE
search query number 980,WEB_SEARCH
mute command number 195,MUTE
search query number 672,WEB_SEARCH
general conversation number 1105,GENERAL_CONVERSATION
unmute command number 1040,UNMUTE
get time request number 410,GET_TIME
unmute command number 38,UNMUTE
general conversation number 975,GENERAL_CONVERSATION
general conversation number 481,GENERAL_CONVERSATION
get time request number 1408,GET_TIME
get time request number 49,GET_TIME
open file number 1165,OPEN_FILE
general conversation number 821,GENERAL_CONVERSATION
mute command number 721,MUTE
open file number 736,OPEN_FILE
open file number 1008,OPEN_FILE
open application number 732,OPEN_APP
unmute command number 357,UNMUTE
unmute command number 1060,UNMUTE
mute command number 415,MUTE
general conversation number 367,GENERAL_CONVERSATION
get time request number 1332,GET_TIME
open application number 1248,OPEN_APP
unmute command number 948,UNMUTE
open file number 59,OPEN_FILE
mute command number 735,MUTE
open file number 1105,OPEN_FILE
open application number 247,OPEN_APP
search query number 1086,WEB_SEARCH
get time request number 465,GET_TIME
unmute command number 615,UNMUTE
general conversation number 605,GENERAL_CONVERSATION
unmute command number 945,UNMUTE
get time request number 964,GET_TIME
open file number 144,OPEN_FILE
mute command number 1252,MUTE
search query number 1040,WEB_SEARCH
open file number 648,OPEN_FILE
unmute command number 62,UNMUTE
search query number 606,WEB_SEARCH
general conversation number 399,GENERAL_CONVERSATION
unmute command number 545,UNMUTE
search query number 1415,WEB_SEARCH
open application number 528,OPEN_APP
general conversation number 1128,GENERAL_CONVERSATION
unmute command number 363,UNMUTE
search query number 8,WEB_SEARCH
open file number 1044,OPEN_FILE
unmute command number 1225,UNMUTE
mute command number 101,MUTE
open file number 252,OPEN_FILE
unmute command number 477,UNMUTE
search query number 1338,WEB_SEARCH
general conversation number 1066,GENERAL_CONVERSATION
general conversation number 576,GENERAL_CONVERSATION
open file number 460,OPEN_FILE
mute command number 754,MUTE
search query number 1335,WEB_SEARCH
mute command number 961,MUTE
mute command number 1094,MUTE
open file number 832,OPEN_FILE
unmute command number 1112,UNMUTE
mute command number 1316,MUTE
general conversation number 65,GENERAL_CONVERSATION
unmute command number 307,UNMUTE
unmute command number 1339,UNMUTE
general conversation number 362,GENERAL_CONVERSATION
get time request number 747,GET_TIME
mute command number 1180,MUTE
general conversation number 553,GENERAL_CONVERSATION
unmute command number 399,UNMUTE
search query number 771,WEB_SEARCH
open application number 533,OPEN_APP
mute command number 1314,MUTE
open file number 761,OPEN_FILE
general conversation number 797,GENERAL_CONVERSATION
get time request number 483,GET_TIME
open application number 544,OPEN_APP
mute command number 1405,MUTE
mute command number 580,MUTE
search query number 1121,WEB_SEARCH
search query number 119,WEB_SEARCH
unmute command number 1238,UNMUTE
get time request number 382,GET_TIME
open file number 526,OPEN_FILE
unmute command number 1252,UNMUTE
general conversation number 1320,GENERAL_CONVERSATION
open file number 406,OPEN_FILE
get time request number 996,GET_TIME
get time request number 271,GET_TIME
get time request number 1172,GET_TIME
get time request number 875,GET_TIME
mute command number 335,MUTE
mute command number 619,MUTE
open application number 31,OPEN_APP
open file number 729,OPEN_FILE
general conversation number 40,GENERAL_CONVERSATION
search query number 350,WEB_SEARCH
mute command number 729,MUTE
general conversation number 980,GENERAL_CONVERSATION
search query number 1422,WEB_SEARCH
general conversation number 727,GENERAL_CONVERSATION
get time request number 887,GET_TIME
search query number 40,WEB_SEARCH
open application number 791,OPEN_APP
open file number 1274,OPEN_FILE
general conversation number 296,GENERAL_CONVERSATION
search query number 1164,WEB_SEARCH
unmute command number 131,UNMUTE
open application number 457,OPEN_APP
general conversation number 107,GENERAL_CONVERSATION
mute command number 1222,MUTE
get time request number 324,GET_TIME
get time request number 865,GET_TIME
open file number 1304,OPEN_FILE
get time request number 187,GET_TIME
general conversation number 142,GENERAL_CONVERSATION
open file number 645,OPEN_FILE
open application number 33,OPEN_APP
open application number 803,OPEN_APP
mute command number 1229,MUTE
open application number 114,OPEN_APP
unmute command number 28,UNMUTE
open file number 1417,OPEN_FILE
mute command number 852,MUTE
mute command number 105,MUTE
unmute command number 1127,UNMUTE
mute command number 643,MUTE
open application number 665,OPEN_APP
open application number 145,OPEN_APP
unmute command number 514,UNMUTE
open file number 473,OPEN_FILE
open file number 949,OPEN_FILE
unmute command number 141,UNMUTE
get time request number 902,GET_TIME
search query number 653,WEB_SEARCH
search query number 59,WEB_SEARCH
open application number 1078,OPEN_APP
search query number 25,WEB_SEARCH
general conversation number 344,GENERAL_CONVERSATION
open application number 735,OPEN_APP
open application number 1127,OPEN_APP
search query number 1246,WEB_SEARCH
mute command number 767,MUTE
open file number 1118,OPEN_FILE
get time request number 793,GET_TIME
open file number 29,OPEN_FILE
unmute command number 56,UNMUTE
mute command number 244,MUTE
mute command number 488,MUTE
unmute command number 1397,UNMUTE
search query number 439,WEB_SEARCH
mute command number 10,MUTE
open application number 1148,OPEN_APP
open application number 859,OPEN_APP
unmute command number 985,UNMUTE
mute command number 797,MUTE
unmute command number 741,UNMUTE
search query number 1035,WEB_SEARCH
unmute command number 1003,UNMUTE
open file number 1164,OPEN_FILE
general conversation number 592,GENERAL_CONVERSATION
open file number 973,OPEN_FILE
mute command number 883,MUTE
open application number 801,OPEN_APP
open file number 690,OPEN_FILE
search query number 188,WEB_SEARCH
mute command number 1374,MUTE
general conversation number 340,GENERAL_CONVERSATION
open file number 670,OPEN_FILE
unmute command number 1412,UNMUTE
mute command number 328,MUTE
open application number 23,OPEN_APP
open application number 307,OPEN_APP
search query number 940,WEB_SEARCH
mute command number 520,MUTE
unmute command number 1036,UNMUTE
unmute command number 422,UNMUTE
open application number 22,OPEN_APP
mute command number 605,MUTE
open file number 48,OPEN_FILE
general conversation number 487,GENERAL_CONVERSATION
get time request number 909,GET_TIME
get time request number 1399,GET_TIME
mute command number 1101,MUTE
mute command number 1015,MUTE
general conversation number 1379,GENERAL_CONVERSATION
open file number 1181,OPEN_FILE
search query number 261,WEB_SEARCH
search query number 100,WEB_SEARCH
open file number 844,OPEN_FILE
open file number 1337,OPEN_FILE
search query number 895,WEB_SEARCH
unmute command number 808,UNMUTE
search query number 308,WEB_SEARCH
open file number 895,OPEN_FILE
get time request number 1189,GET_TIME
search query number 1100,WEB_SEARCH
general conversation number 525,GENERAL_CONVERSATION
search query number 971,WEB_SEARCH
general conversation number 966,GENERAL_CONVERSATION
get time request number 143,GET_TIME
open application number 376,OPEN_APP
search query number 631,WEB_SEARCH
get time request number 707,GET_TIME
unmute command number 30,UNMUTE
mute command number 1251,MUTE
open file number 80,OPEN_FILE
search query number 276,WEB_SEARCH
unmute command number 460,UNMUTE
open file number 599,OPEN_FILE
general conversation number 360,GENERAL_CONVERSATION
unmute command number 993,UNMUTE
open application number 320,OPEN_APP
open application number 1425,OPEN_APP
general conversation number 662,GENERAL_CONVERSATION
get time request number 500,GET_TIME
get time request number 1227,GET_TIME
open file number 12,OPEN_FILE
get time request number 1168,GET_TIME
open application number 189,OPEN_APP
search query number 161,WEB_SEARCH
unmute command number 243,UNMUTE
open file number 7,OPEN_FILE
search query number 1122,WEB_SEARCH
open application number 1203,OPEN_APP
unmute command number 1218,UNMUTE
get time request number 90,GET_TIME
open application number 412,OPEN_APP
open file number 1184,OPEN_FILE
open file number 914,OPEN_FILE
open file number 449,OPEN_FILE
open file number 1119,OPEN_FILE
mute command number 304,MUTE
open file number 1403,OPEN_FILE
get time request number 421,GET_TIME
get time request number 1387,GET_TIME
get time request number 904,GET_TIME
general conversation number 485,GENERAL_CONVERSATION
unmute command number 700,UNMUTE
get time request number 826,GET_TIME
unmute command number 1154,UNMUTE
open application number 660,OPEN_APP
unmute command number 449,UNMUTE
general conversation number 982,GENERAL_CONVERSATION
get time request number 234,GET_TIME
mute command number 458,MUTE
unmute command number 1088,UNMUTE
mute command number 542,MUTE
open file number 1414,OPEN_FILE
unmute command number 1105,UNMUTE
general conversation number 418,GENERAL_CONVERSATION
unmute command number 1375,UNMUTE
unmute command number 1220,UNMUTE
open application number 626,OPEN_APP
open application number 288,OPEN_APP
search query number 894,WEB_SEARCH
open file number 501,OPEN_FILE
unmute command number 1342,UNMUTE
open application number 1072,OPEN_APP
general conversation number 85,GENERAL_CONVERSATION
unmute command number 1104,UNMUTE
get time request number 35,GET_TIME
open application number 58,OPEN_APP
get time request number 503,GET_TIME
search query number 847,WEB_SEARCH
open application number 1017,OPEN_APP
mute command number 64,MUTE
mute command number 769,MUTE
unmute command number 811,UNMUTE
search query number 390,WEB_SEARCH
general conversation number 231,GENERAL_CONVERSATION
get time request number 403,GET_TIME
get time request number 471,GET_TIME
open file number 386,OPEN_FILE
general conversation number 905,GENERAL_CONVERSATION
general conversation number 224,GENERAL_CONVERSATION
unmute command number 192,UNMUTE
search query number 535,WEB_SEARCH
open file number 1216,OPEN_FILE
get time request number 490,GET_TIME
open application number 96,OPEN_APP
unmute command number 1362,UNMUTE
open file number 798,OPEN_FILE
get time request number 1252,GET_TIME
unmute command number 837,UNMUTE
get time request number 1309,GET_TIME
search query number 1096,WEB_SEARCH
get time request number 224,GET_TIME
mute command number 564,MUTE
unmute command number 1387,UNMUTE
open file number 685,OPEN_FILE
mute command number 1312,MUTE
general conversation number 370,GENERAL_CONVERSATION
general conversation number 335,GENERAL_CONVERSATION
search query number 170,WEB_SEARCH
get time request number 1190,GET_TIME
unmute command number 1039,UNMUTE
open application number 407,OPEN_APP
open file number 642,OPEN_FILE
get time request number 400,GET_TIME
general conversation number 428,GENERAL_CONVERSATION
unmute command number 634,UNMUTE
open application number 1312,OPEN_APP
get time request number 636,GET_TIME
open file number 733,OPEN_FILE
search query number 273,WEB_SEARCH
open file number 156,OPEN_FILE
unmute command number 229,UNMUTE
general conversation number 1152,GENERAL_CONVERSATION
get time request number 688,GET_TIME
search query number 268,WEB_SEARCH
mute command number 23,MUTE
mute command number 1256,MUTE
mute command number 975,MUTE
search query number 1254,WEB_SEARCH
general conversation number 520,GENERAL_CONVERSATION
open application number 775,OPEN_APP
general conversation number 590,GENERAL_CONVERSATION
mute command number 821,MUTE
search query number 1220,WEB_SEARCH
get time request number 559,GET_TIME
get time request number 140,GET_TIME
general conversation number 547,GENERAL_CONVERSATION
mute command number 289,MUTE
mute command number 972,MUTE
search query number 920,WEB_SEARCH
general conversation number 1142,GENERAL_CONVERSATION
mute command number 914,MUTE
general conversation number 284,GENERAL_CONVERSATION
unmute command number 523,UNMUTE
unmute command number 89,UNMUTE
mute command number 514,MUTE
mute command number 686,MUTE
general conversation number 962,GENERAL_CONVERSATION
open file number 1269,OPEN_FILE
mute command number 875,MUTE
unmute command number 499,UNMUTE
unmute command number 1395,UNMUTE
search query number 333,WEB_SEARCH
mute command number 317,MUTE
unmute command number 1152,UNMUTE
search query number 827,WEB_SEARCH
search query number 1399,WEB_SEARCH
get time request number 674,GET_TIME
mute command number 709,MUTE
open application number 615,OPEN_APP
search query number 934,WEB_SEARCH
open application number 696,OPEN_APP
search query number 386,WEB_SEARCH
mute command number 1284,MUTE
open file number 1126,OPEN_FILE
open application number 1351,OPEN_APP
general conversation number 567,GENERAL_CONVERSATION
search query number 830,WEB_SEARCH
search query number 1130,WEB_SEARCH
open file number 703,OPEN_FILE
get time request number 349,GET_TIME
search query number 668,WEB_SEARCH
open file number 1225,OPEN_FILE
get time request number 954,GET_TIME
search query number 326,WEB_SEARCH
unmute command number 397,UNMUTE
get time request number 420,GET_TIME
unmute command number 339,UNMUTE
get time request number 824,GET_TIME
open file number 823,OPEN_FILE
search query number 1005,WEB_SEARCH
general conversation number 212,GENERAL_CONVERSATION
open application number 976,OPEN_APP
general conversation number 783,GENERAL_CONVERSATION
mute command number 662,MUTE
search query number 1385,WEB_SEARCH
unmute command number 113,UNMUTE
get time request number 987,GET_TIME
get time request number 685,GET_TIME
general conversation number 582,GENERAL_CONVERSATION
mute command number 218,MUTE
search query number 46,WEB_SEARCH
open application number 893,OPEN_APP
search query number 840,WEB_SEARCH
search query number 1248,WEB_SEARCH
unmute command number 921,UNMUTE
mute command number 613,MUTE
get time request number 458,GET_TIME
open application number 510,OPEN_APP
mute command number 901,MUTE
get time request number 556,GET_TIME
get time request number 1107,GET_TIME
general conversation number 548,GENERAL_CONVERSATION
mute command number 93,MUTE
open application number 342,OPEN_APP
general conversation number 346,GENERAL_CONVERSATION
mute command number 781,MUTE
general conversation number 1001,GENERAL_CONVERSATION
general conversation number 694,GENERAL_CONVERSATION
unmute command number 251,UNMUTE
search query number 460,WEB_SEARCH
open application number 1038,OPEN_APP
open file number 524,OPEN_FILE
general conversation number 4,GENERAL_CONVERSATION
mute command number 911,MUTE
unmute command number 519,UNMUTE
get time request number 733,GET_TIME
general conversation number 1076,GENERAL_CONVERSATION
mute command number 1394,MUTE
get time request number 1095,GET_TIME
open file number 1197,OPEN_FILE
open application number 315,OPEN_APP
mute command number 1037,MUTE
open application number 1004,OPEN_APP
search query number 240,WEB_SEARCH
mute command number 1134,MUTE
search query number 86,WEB_SEARCH
get time request number 772,GET_TIME
mute command number 716,MUTE
open file number 484,OPEN_FILE
search query number 599,WEB_SEARCH
search query number 438,WEB_SEARCH
get time request number 1386,GET_TIME
open application number 483,OPEN_APP
mute command number 166,MUTE
general conversation number 689,GENERAL_CONVERSATION
get time request number 911,GET_TIME
open file number 492,OPEN_FILE
general conversation number 82,GENERAL_CONVERSATION
mute command number 626,MUTE
open application number 476,OPEN_APP
open file number 985,OPEN_FILE
open file number 533,OPEN_FILE
search query number 532,WEB_SEARCH
open file number 1129,OPEN_FILE
mute command number 925,MUTE
open file number 376,OPEN_FILE
get time request number 1360,GET_TIME
get time request number 1103,GET_TIME
open file number 959,OPEN_FILE
open application number 20,OPEN_APP
general conversation number 887,GENERAL_CONVERSATION
unmute command number 129,UNMUTE
open application number 1157,OPEN_APP
mute command number 11,MUTE
general conversation number 294,GENERAL_CONVERSATION
general conversation number 1321,GENERAL_CONVERSATION
open application number 475,OPEN_APP
unmute command number 1240,UNMUTE
search query number 1209,WEB_SEARCH
open application number 55,OPEN_APP
search query number 1267,WEB_SEARCH
open file number 335,OPEN_FILE
search query number 1023,WEB_SEARCH
mute command number 1275,MUTE
search query number 21,WEB_SEARCH
unmute command number 1246,UNMUTE
unmute command number 1184,UNMUTE
open application number 13,OPEN_APP
general conversation number 615,GENERAL_CONVERSATION
general conversation number 611,GENERAL_CONVERSATION
mute command number 974,MUTE
search query number 852,WEB_SEARCH
open file number 414,OPEN_FILE
unmute command number 1300,UNMUTE
mute command number 298,MUTE
open application number 1292,OPEN_APP
open file number 684,OPEN_FILE
open application number 798,OPEN_APP
general conversation number 483,GENERAL_CONVERSATION
open file number 323,OPEN_FILE
general conversation number 468,GENERAL_CONVERSATION
unmute command number 546,UNMUTE
general conversation number 968,GENERAL_CONVERSATION
open file number 134,OPEN_FILE
search query number 992,WEB_SEARCH
mute command number 1202,MUTE
get time request number 930,GET_TIME
search query number 651,WEB_SEARCH
search query number 608,WEB_SEARCH
open application number 500,OPEN_APP
get time request number 494,GET_TIME
open application number 91,OPEN_APP
general conversation number 382,GENERAL_CONVERSATION
general conversation number 1291,GENERAL_CONVERSATION
search query number 1230,WEB_SEARCH
get time request number 423,GET_TIME
general conversation number 146,GENERAL_CONVERSATION
search query number 544,WEB_SEARCH
open file number 1050,OPEN_FILE
general conversation number 503,GENERAL_CONVERSATION
search query number 1288,WEB_SEARCH
search query number 389,WEB_SEARCH
open file number 185,OPEN_FILE
open application number 757,OPEN_APP
open application number 569,OPEN_APP
open file number 743,OPEN_FILE
general conversation number 1044,GENERAL_CONVERSATION
general conversation number 261,GENERAL_CONVERSATION
unmute command number 935,UNMUTE
unmute command number 776,UNMUTE
unmute command number 315,UNMUTE
get time request number 714,GET_TIME
mute command number 935,MUTE
open application number 143,OPEN_APP
open application number 963,OPEN_APP
general conversation number 1041,GENERAL_CONVERSATION
mute command number 1160,MUTE
get time request number 209,GET_TIME
general conversation number 1254,GENERAL_CONVERSATION
get time request number 282,GET_TIME
open application number 243,OPEN_APP
open application number 142,OPEN_APP
unmute command number 85,UNMUTE
unmute command number 1329,UNMUTE
open file number 637,OPEN_FILE
get time request number 447,GET_TIME
unmute command number 715,UNMUTE
mute command number 150,MUTE
unmute command number 1386,UNMUTE
general conversation number 1202,GENERAL_CONVERSATION
mute command number 749,MUTE
mute command number 118,MUTE
open file number 10,OPEN_FILE
general conversation number 535,GENERAL_CONVERSATION
unmute command number 1143,UNMUTE
open file number 165,OPEN_FILE
mute command number 369,MUTE
get time request number 1290,GET_TIME
get time request number 477,GET_TIME
general conversation number 90,GENERAL_CONVERSATION
get time request number 1075,GET_TIME
unmute command number 841,UNMUTE
search query number 801,WEB_SEARCH
open file number 1087,OPEN_FILE
mute command number 7,MUTE
search query number 693,WEB_SEARCH
get time request number 696,GET_TIME
unmute command number 1249,UNMUTE
open application number 512,OPEN_APP
search query number 1292,WEB_SEARCH
mute command number 1279,MUTE
open file number 1057,OPEN_FILE
search query number 529,WEB_SEARCH
unmute command number 506,UNMUTE
get time request number 264,GET_TIME
mute command number 1054,MUTE
mute command number 811,MUTE
open file number 26,OPEN_FILE
open file number 714,OPEN_FILE
open application number 136,OPEN_APP
open file number 1121,OPEN_FILE
search query number 624,WEB_SEARCH
get time request number 866,GET_TIME
open application number 246,OPEN_APP
search query number 91,WEB_SEARCH
get time request number 126,GET_TIME
general conversation number 543,GENERAL_CONVERSATION
open file number 553,OPEN_FILE
search query number 1381,WEB_SEARCH
search query number 1413,WEB_SEARCH
search query number 777,WEB_SEARCH
mute command number 908,MUTE
unmute command number 195,UNMUTE
mute command number 865,MUTE
get time request number 389,GET_TIME
open file number 23,OPEN_FILE
search query number 48,WEB_SEARCH
open application number 625,OPEN_APP
get time request number 1415,GET_TIME
general conversation number 873,GENERAL_CONVERSATION
unmute command number 992,UNMUTE
open file number 1154,OPEN_FILE
unmute command number 66,UNMUTE
general conversation number 37,GENERAL_CONVERSATION
mute command number 1027,MUTE
unmute command number 564,UNMUTE
get time request number 546,GET_TIME
unmute command number 695,UNMUTE
general conversation number 713,GENERAL_CONVERSATION
search query number 541,WEB_SEARCH
search query number 300,WEB_SEARCH
get time request number 1236,GET_TIME
open application number 505,OPEN_APP
get time request number 1217,GET_TIME
unmute command number 833,UNMUTE
search query number 912,WEB_SEARCH
open application number 95,OPEN_APP
search query number 634,WEB_SEARCH
open file number 708,OPEN_FILE
search query number 1184,WEB_SEARCH
general conversation number 143,GENERAL_CONVERSATION
open application number 1406,OPEN_APP
get time request number 698,GET_TIME
mute command number 1367,MUTE
open application number 843,OPEN_APP
search query number 967,WEB_SEARCH
mute command number 558,MUTE
open file number 1404,OPEN_FILE
general conversation number 595,GENERAL_CONVERSATION
unmute command number 96,UNMUTE
mute command number 1106,MUTE
search query number 343,WEB_SEARCH
unmute command number 465,UNMUTE
unmute command number 911,UNMUTE
search query number 368,WEB_SEARCH
mute command number 506,MUTE
unmute command number 611,UNMUTE
unmute command number 416,UNMUTE
get time request number 1126,GET_TIME
open file number 966,OPEN_FILE
mute command number 691,MUTE
general conversation number 1129,GENERAL_CONVERSATION
open application number 358,OPEN_APP
mute command number 1029,MUTE
get time request number 980,GET_TIME
mute command number 123,MUTE
open file number 1213,OPEN_FILE
open file number 370,OPEN_FILE
search query number 857,WEB_SEARCH
search query number 1351,WEB_SEARCH
unmute command number 712,UNMUTE
search query number 312,WEB_SEARCH
open file number 453,OPEN_FILE
get time request number 154,GET_TIME
open file number 1255,OPEN_FILE
search query number 1135,WEB_SEARCH
open file number 1013,OPEN_FILE
open file number 417,OPEN_FILE
open file number 163,OPEN_FILE
unmute command number 252,UNMUTE
open application number 1205,OPEN_APP
open application number 8,OPEN_APP
open application number 1379,OPEN_APP
open application number 350,OPEN_APP
open file number 706,OPEN_FILE
mute command number 1373,MUTE
open application number 424,OPEN_APP
open application number 156,OPEN_APP
get time request number 99,GET_TIME
open file number 1020,OPEN_FILE
open application number 56,OPEN_APP
general conversation number 109,GENERAL_CONVERSATION
unmute command number 919,UNMUTE
open file number 873,OPEN_FILE
open application number 321,OPEN_APP
mute command number 99,MUTE
open file number 1332,OPEN_FILE
general conversation number 337,GENERAL_CONVERSATION
get time request number 838,GET_TIME
general conversation number 650,GENERAL_CONVERSATION
open file number 542,OPEN_FILE
open file number 970,OPEN_FILE
search query number 198,WEB_SEARCH
unmute command number 1076,UNMUTE
unmute command number 139,UNMUTE
unmute command number 224,UNMUTE
get time request number 819,GET_TIME
open application number 118,OPEN_APP
open file number 974,OPEN_FILE
open file number 253,OPEN_FILE
unmute command number 1046,UNMUTE
general conversation number 849,GENERAL_CONVERSATION
unmute command number 165,UNMUTE
mute command number 655,MUTE
mute command number 1368,MUTE
get time request number 1347,GET_TIME
general conversation number 971,GENERAL_CONVERSATION
search query number 1054,WEB_SEARCH
general conversation number 903,GENERAL_CONVERSATION
general conversation number 1351,GENERAL_CONVERSATION
search query number 121,WEB_SEARCH
open application number 1036,OPEN_APP
open application number 1146,OPEN_APP
get time request number 1161,GET_TIME
open application number 1,OPEN_APP
open application number 367,OPEN_APP
general conversation number 916,GENERAL_CONVERSATION
open file number 813,OPEN_FILE
open application number 347,OPEN_APP
open file number 324,OPEN_FILE
get time request number 437,GET_TIME
get time request number 16,GET_TIME
unmute command number 356,UNMUTE
general conversation number 462,GENERAL_CONVERSATION
unmute command number 903,UNMUTE
unmute command number 922,UNMUTE
unmute command number 124,UNMUTE
search query number 29,WEB_SEARCH
unmute command number 447,UNMUTE
search query number 99,WEB_SEARCH
get time request number 497,GET_TIME
search query number 1418,WEB_SEARCH
open application number 623,OPEN_APP
open application number 1375,OPEN_APP
search query number 814,WEB_SEARCH
mute command number 1126,MUTE
mute command number 574,MUTE
get time request number 612,GET_TIME
get time request number 467,GET_TIME
general conversation number 1184,GENERAL_CONVERSATION
mute command number 1056,MUTE
open application number 990,OPEN_APP
open file number 476,OPEN_FILE
open application number 1336,OPEN_APP
get time request number 581,GET_TIME
mute command number 387,MUTE
open file number 261,OPEN_FILE
open application number 714,OPEN_APP
get time request number 1083,GET_TIME
get time request number 1414,GET_TIME
search query number 719,WEB_SEARCH
mute command number 1321,MUTE
open file number 697,OPEN_FILE
mute command number 1348,MUTE
mute command number 540,MUTE
open file number 311,OPEN_FILE
unmute command number 660,UNMUTE
mute command number 421,MUTE
unmute command number 1163,UNMUTE
get time request number 955,GET_TIME
open application number 161,OPEN_APP
general conversation number 1009,GENERAL_CONVERSATION
unmute command number 793,UNMUTE
open file number 976,OPEN_FILE
general conversation number 175,GENERAL_CONVERSATION
search query number 313,WEB_SEARCH
general conversation number 38,GENERAL_CONVERSATION
mute command number 715,MUTE
general conversation number 154,GENERAL_CONVERSATION
mute command number 1150,MUTE
search query number 248,WEB_SEARCH
open application number 57,OPEN_APP
open application number 863,OPEN_APP
unmute command number 359,UNMUTE
general conversation number 829,GENERAL_CONVERSATION
general conversation number 1125,GENERAL_CONVERSATION
open file number 62,OPEN_FILE
open file number 718,OPEN_FILE
mute command number 107,MUTE
open file number 802,OPEN_FILE
mute command number 795,MUTE
unmute command number 1376,UNMUTE
unmute command number 1161,UNMUTE
unmute command number 522,UNMUTE
open file number 680,OPEN_FILE
get time request number 1143,GET_TIME
unmute command number 1263,UNMUTE
open file number 1229,OPEN_FILE
open application number 448,OPEN_APP
general conversation number 1210,GENERAL_CONVERSATION
search query number 1191,WEB_SEARCH
search query number 449,WEB_SEARCH
get time request number 631,GET_TIME
open application number 602,OPEN_APP
search query number 900,WEB_SEARCH
open file number 180,OPEN_FILE
general conversation number 716,GENERAL_CONVERSATION
unmute command number 901,UNMUTE
unmute command number 329,UNMUTE
general conversation number 929,GENERAL_CONVERSATION
get time request number 1268,GET_TIME
general conversation number 79,GENERAL_CONVERSATION
get time request number 827,GET_TIME
search query number 543,WEB_SEARCH
open application number 406,OPEN_APP
open application number 1305,OPEN_APP
search query number 250,WEB_SEARCH
open file number 906,OPEN_FILE
mute command number 155,MUTE
mute command number 669,MUTE
unmute command number 262,UNMUTE
get time request number 899,GET_TIME
search query number 382,WEB_SEARCH
open file number 1355,OPEN_FILE
open file number 1102,OPEN_FILE
general conversation number 91,GENERAL_CONVERSATION
open application number 400,OPEN_APP
open file number 1058,OPEN_FILE
unmute command number 1021,UNMUTE
open application number 1235,OPEN_APP
search query number 1153,WEB_SEARCH
open file number 760,OPEN_FILE
unmute command number 961,UNMUTE
general conversation number 953,GENERAL_CONVERSATION
search query number 671,WEB_SEARCH
unmute command number 968,UNMUTE
search query number 482,WEB_SEARCH
open file number 947,OPEN_FILE
unmute command number 915,UNMUTE
general conversation number 759,GENERAL_CONVERSATION
general conversation number 539,GENERAL_CONVERSATION
mute command number 1276,MUTE
search query number 22,WEB_SEARCH
general conversation number 643,GENERAL_CONVERSATION
unmute command number 951,UNMUTE
open application number 259,OPEN_APP
open file number 946,OPEN_FILE
get time request number 577,GET_TIME
mute command number 211,MUTE
mute command number 1109,MUTE
search query number 346,WEB_SEARCH
open application number 916,OPEN_APP
search query number 399,WEB_SEARCH
unmute command number 1212,UNMUTE
open file number 45,OPEN_FILE
general conversation number 1290,GENERAL_CONVERSATION
unmute command number 76,UNMUTE
general conversation number 841,GENERAL_CONVERSATION
search query number 787,WEB_SEARCH
general conversation number 560,GENERAL_CONVERSATION
unmute command number 34,UNMUTE
search query number 1394,WEB_SEARCH
mute command number 1203,MUTE
open file number 632,OPEN_FILE
mute command number 90,MUTE
open file number 320,OPEN_FILE
get time request number 1057,GET_TIME
open file number 752,OPEN_FILE
search query number 411,WEB_SEARCH
get time request number 390,GET_TIME
mute command number 368,MUTE
open application number 106,OPEN_APP
unmute command number 1125,UNMUTE
unmute command number 300,UNMUTE
open application number 270,OPEN_APP
search query number 292,WEB_SEARCH
unmute command number 1381,UNMUTE
unmute command number 48,UNMUTE
get time request number 874,GET_TIME
general conversation number 1151,GENERAL_CONVERSATION
mute command number 20,MUTE
unmute command number 881,UNMUTE
general conversation number 692,GENERAL_CONVERSATION
search query number 212,WEB_SEARCH
general conversation number 364,GENERAL_CONVERSATION
open application number 497,OPEN_APP
search query number 551,WEB_SEARCH
open application number 1177,OPEN_APP
general conversation number 268,GENERAL_CONVERSATION
mute command number 109,MUTE
search query number 871,WEB_SEARCH
open file number 1106,OPEN_FILE
open application number 1164,OPEN_APP
open file number 516,OPEN_FILE
open file number 1422,OPEN_FILE
unmute command number 1324,UNMUTE
unmute command number 209,UNMUTE
unmute command number 459,UNMUTE
mute command number 156,MUTE
open file number 427,OPEN_FILE
open file number 233,OPEN_FILE
get time request number 882,GET_TIME
search query number 1242,WEB_SEARCH
general conversation number 1250,GENERAL_CONVERSATION
general conversation number 959,GENERAL_CONVERSATION
open application number 404,OPEN_APP
unmute command number 582,UNMUTE
mute command number 487,MUTE
get time request number 1235,GET_TIME
unmute command number 905,UNMUTE
open file number 682,OPEN_FILE
mute command number 346,MUTE
mute command number 615,MUTE
unmute command number 965,UNMUTE
search query number 1266,WEB_SEARCH
search query number 1407,WEB_SEARCH
general conversation number 1067,GENERAL_CONVERSATION
general conversation number 291,GENERAL_CONVERSATION
get time request number 912,GET_TIME
open file number 1183,OPEN_FILE
get time request number 59,GET_TIME
general conversation number 1279,GENERAL_CONVERSATION
open application number 1213,OPEN_APP
get time request number 1287,GET_TIME
mute command number 1051,MUTE
open application number 1261,OPEN_APP
mute command number 872,MUTE
mute command number 459,MUTE
get time request number 712,GET_TIME
unmute command number 196,UNMUTE
unmute command number 1031,UNMUTE
unmute command number 1098,UNMUTE
open application number 1280,OPEN_APP
mute command number 19,MUTE
general conversation number 1086,GENERAL_CONVERSATION
general conversation number 1104,GENERAL_CONVERSATION
open application number 796,OPEN_APP
open application number 94,OPEN_APP
open file number 257,OPEN_FILE
open application number 957,OPEN_APP
open file number 1375,OPEN_FILE
general conversation number 1305,GENERAL_CONVERSATION
open file number 1040,OPEN_FILE
open file number 933,OPEN_FILE
mute command number 562,MUTE
get time request number 158,GET_TIME
get time request number 939,GET_TIME
get time request number 233,GET_TIME
unmute command number 621,UNMUTE
unmute command number 532,UNMUTE
open application number 1139,OPEN_APP
open application number 1356,OPEN_APP
mute command number 731,MUTE
mute command number 207,MUTE
get time request number 731,GET_TIME
general conversation number 687,GENERAL_CONVERSATION
get time request number 935,GET_TIME
open application number 474,OPEN_APP
get time request number 279,GET_TIME
general conversation number 748,GENERAL_CONVERSATION
unmute command number 872,UNMUTE
search query number 138,WEB_SEARCH
open application number 909,OPEN_APP
general conversation number 531,GENERAL_CONVERSATION
general conversation number 1213,GENERAL_CONVERSATION
get time request number 1314,GET_TIME
mute command number 1391,MUTE
general conversation number 1405,GENERAL_CONVERSATION
open file number 44,OPEN_FILE
open file number 1052,OPEN_FILE
unmute command number 742,UNMUTE
mute command number 1329,MUTE
mute command number 740,MUTE
open application number 185,OPEN_APP
get time request number 1283,GET_TIME
get time request number 610,GET_TIME
search query number 448,WEB_SEARCH
search query number 1061,WEB_SEARCH
mute command number 222,MUTE
general conversation number 876,GENERAL_CONVERSATION
unmute command number 1256,UNMUTE
search query number 704,WEB_SEARCH
search query number 123,WEB_SEARCH
search query number 924,WEB_SEARCH
open file number 646,OPEN_FILE
general conversation number 823,GENERAL_CONVERSATION
general conversation number 168,GENERAL_CONVERSATION
mute command number 53,MUTE
get time request number 372,GET_TIME
search query number 112,WEB_SEARCH
get time request number 851,GET_TIME
unmute command number 1113,UNMUTE
open application number 481,OPEN_APP
get time request number 727,GET_TIME
get time request number 330,GET_TIME
open application number 207,OPEN_APP
general conversation number 922,GENERAL_CONVERSATION
open application number 499,OPEN_APP
general conversation number 204,GENERAL_CONVERSATION
search query number 860,WEB_SEARCH
general conversation number 314,GENERAL_CONVERSATION
search query number 863,WEB_SEARCH
general conversation number 935,GENERAL_CONVERSATION
open application number 333,OPEN_APP
general conversation number 920,GENERAL_CONVERSATION
get time request number 957,GET_TIME
mute command number 927,MUTE
unmute command number 723,UNMUTE
get time request number 36,GET_TIME
get time request number 1419,GET_TIME
unmute command number 815,UNMUTE
mute command number 479,MUTE
open file number 192,OPEN_FILE
general conversation number 19,GENERAL_CONVERSATION
open file number 159,OPEN_FILE
general conversation number 598,GENERAL_CONVERSATION
search query number 51,WEB_SEARCH
general conversation number 1168,GENERAL_CONVERSATION
unmute command number 1092,UNMUTE
open application number 1230,OPEN_APP
mute command number 869,MUTE
search query number 1402,WEB_SEARCH
search query number 412,WEB_SEARCH
open file number 1097,OPEN_FILE
general conversation number 1164,GENERAL_CONVERSATION
get time request number 1048,GET_TIME
get time request number 1424,GET_TIME
unmute command number 164,UNMUTE
unmute command number 602,UNMUTE
general conversation number 701,GENERAL_CONVERSATION
general conversation number 529,GENERAL_CONVERSATION
mute command number 803,MUTE
unmute command number 25,UNMUTE
get time request number 570,GET_TIME
open file number 583,OPEN_FILE
general conversation number 77,GENERAL_CONVERSATION
search query number 1298,WEB_SEARCH
unmute command number 136,UNMUTE
get time request number 1378,GET_TIME
search query number 1106,WEB_SEARCH
search query number 572,WEB_SEARCH
open application number 1138,OPEN_APP
open application number 99,OPEN_APP
search query number 1056,WEB_SEARCH
open application number 828,OPEN_APP
get time request number 221,GET_TIME
search query number 555,WEB_SEARCH
unmute command number 36,UNMUTE
mute command number 996,MUTE
get time request number 1104,GET_TIME
unmute command number 1425,UNMUTE
general conversation number 871,GENERAL_CONVERSATION
open application number 617,OPEN_APP
unmute command number 179,UNMUTE
get time request number 43,GET_TIME
general conversation number 264,GENERAL_CONVERSATION
search query number 1110,WEB_SEARCH
mute command number 807,MUTE
open file number 1416,OPEN_FILE
mute command number 26,MUTE
open application number 1207,OPEN_APP
mute command number 1165,MUTE
unmute command number 1309,UNMUTE
mute command number 74,MUTE
general conversation number 389,GENERAL_CONVERSATION
get time request number 117,GET_TIME
mute command number 654,MUTE
search query number 1342,WEB_SEARCH
open application number 450,OPEN_APP
mute command number 254,MUTE
mute command number 172,MUTE
mute command number 1206,MUTE
mute command number 1260,MUTE
get time request number 1014,GET_TIME
get time request number 460,GET_TIME
search query number 469,WEB_SEARCH
get time request number 1101,GET_TIME
get time request number 212,GET_TIME
mute command number 1288,MUTE
open application number 316,OPEN_APP
open file number 369,OPEN_FILE
mute command number 1253,MUTE
open file number 207,OPEN_FILE
open file number 888,OPEN_FILE
open application number 675,OPEN_APP
get time request number 1303,GET_TIME
unmute command number 598,UNMUTE
general conversation number 251,GENERAL_CONVERSATION
open application number 776,OPEN_APP
get time request number 893,GET_TIME
mute command number 260,MUTE
open file number 276,OPEN_FILE
open file number 345,OPEN_FILE
open file number 113,OPEN_FILE
open application number 514,OPEN_APP
unmute command number 172,UNMUTE
general conversation number 103,GENERAL_CONVERSATION
mute command number 1117,MUTE
mute command number 577,MUTE
unmute command number 149,UNMUTE
get time request number 1375,GET_TIME
mute command number 1264,MUTE
open file number 1055,OPEN_FILE
get time request number 944,GET_TIME
unmute command number 1261,UNMUTE
search query number 45,WEB_SEARCH
general conversation number 384,GENERAL_CONVERSATION
general conversation number 949,GENERAL_CONVERSATION
open application number 1348,OPEN_APP
open file number 930,OPEN_FILE
mute command number 1395,MUTE
unmute command number 888,UNMUTE
mute command number 701,MUTE
general conversation number 710,GENERAL_CONVERSATION
open file number 699,OPEN_FILE
open application number 410,OPEN_APP
open application number 83,OPEN_APP
general conversation number 1223,GENERAL_CONVERSATION
mute command number 130,MUTE
search query number 882,WEB_SEARCH
open file number 61,OPEN_FILE
open file number 303,OPEN_FILE
get time request number 970,GET_TIME
general conversation number 1173,GENERAL_CONVERSATION
get time request number 801,GET_TIME
general conversation number 805,GENERAL_CONVERSATION
open file number 49,OPEN_FILE
mute command number 546,MUTE
general conversation number 307,GENERAL_CONVERSATION
general conversation number 917,GENERAL_CONVERSATION
general conversation number 562,GENERAL_CONVERSATION
search query number 930,WEB_SEARCH
open file number 836,OPEN_FILE
unmute command number 46,UNMUTE
open file number 300,OPEN_FILE
get time request number 251,GET_TIME
open file number 940,OPEN_FILE
mute command number 922,MUTE
general conversation number 1299,GENERAL_CONVERSATION
open file number 425,OPEN_FILE
get time request number 472,GET_TIME
get time request number 1357,GET_TIME
get time request number 999,GET_TIME
general conversation number 381,GENERAL_CONVERSATION
open file number 1362,OPEN_FILE
general conversation number 938,GENERAL_CONVERSATION
open file number 772,OPEN_FILE
open file number 573,OPEN_FILE
open application number 570,OPEN_APP
mute command number 570,MUTE
general conversation number 890,GENERAL_CONVERSATION
search query number 776,WEB_SEARCH
mute command number 633,MUTE
general conversation number 1021,GENERAL_CONVERSATION
mute command number 1370,MUTE
unmute command number 101,UNMUTE
get time request number 131,GET_TIME
search query number 97,WEB_SEARCH
unmute command number 44,UNMUTE
general conversation number 59,GENERAL_CONVERSATION
unmute command number 626,UNMUTE
get time request number 122,GET_TIME
get time request number 1082,GET_TIME
mute command number 1179,MUTE
open file number 351,OPEN_FILE
general conversation number 444,GENERAL_CONVERSATION
general conversation number 317,GENERAL_CONVERSATION
general conversation number 193,GENERAL_CONVERSATION
open application number 604,OPEN_APP
get time request number 1370,GET_TIME
search query number 692,WEB_SEARCH
get time request number 960,GET_TIME
mute command number 533,MUTE
open file number 993,OPEN_FILE
mute command number 269,MUTE
open file number 17,OPEN_FILE
search query number 695,WEB_SEARCH
unmute command number 984,UNMUTE
unmute command number 1273,UNMUTE
mute command number 313,MUTE
open file number 854,OPEN_FILE
unmute command number 1016,UNMUTE
open application number 712,OPEN_APP
open application number 494,OPEN_APP
get time request number 585,GET_TIME
open file number 1208,OPEN_FILE
open application number 554,OPEN_APP
open application number 1419,OPEN_APP
general conversation number 1237,GENERAL_CONVERSATION
mute command number 198,MUTE
general conversation number 283,GENERAL_CONVERSATION
get time request number 1241,GET_TIME
open application number 670,OPEN_APP
open application number 1350,OPEN_APP
general conversation number 574,GENERAL_CONVERSATION
mute command number 1270,MUTE
get time request number 419,GET_TIME
unmute command number 1048,UNMUTE
open file number 650,OPEN_FILE
search query number 993,WEB_SEARCH
general conversation number 1386,GENERAL_CONVERSATION
general conversation number 1257,GENERAL_CONVERSATION
get time request number 129,GET_TIME
general conversation number 31,GENERAL_CONVERSATION
mute command number 1376,MUTE
unmute command number 677,UNMUTE
open application number 1229,OPEN_APP
general conversation number 259,GENERAL_CONVERSATION
unmute command number 190,UNMUTE
search query number 874,WEB_SEARCH
get time request number 119,GET_TIME
unmute command number 759,UNMUTE
mute command number 960,MUTE
open application number 914,OPEN_APP
open application number 1309,OPEN_APP
get time request number 149,GET_TIME
mute command number 541,MUTE
get time request number 1056,GET_TIME
search query number 186,WEB_SEARCH
unmute command number 580,UNMUTE
mute command number 770,MUTE
search query number 344,WEB_SEARCH
open file number 437,OPEN_FILE
unmute command number 409,UNMUTE
unmute command number 670,UNMUTE
mute command number 154,MUTE
general conversation number 112,GENERAL_CONVERSATION
general conversation number 754,GENERAL_CONVERSATION
open application number 1196,OPEN_APP
open file number 117,OPEN_FILE
unmute command number 511,UNMUTE
unmute command number 691,UNMUTE
unmute command number 1348,UNMUTE
search query number 763,WEB_SEARCH
get time request number 1087,GET_TIME
get time request number 1295,GET_TIME
mute command number 515,MUTE
general conversation number 832,GENERAL_CONVERSATION
open file number 1287,OPEN_FILE
get time request number 174,GET_TIME
open file number 686,OPEN_FILE
get time request number 900,GET_TIME
general conversation number 52,GENERAL_CONVERSATION
open file number 608,OPEN_FILE
search query number 0,WEB_SEARCH
unmute command number 664,UNMUTE
mute command number 1389,MUTE
unmute command number 954,UNMUTE
mute command number 495,MUTE
mute command number 1000,MUTE
search query number 1372,WEB_SEARCH
general conversation number 319,GENERAL_CONVERSATION
mute command number 1263,MUTE
open application number 1131,OPEN_APP
open application number 545,OPEN_APP
mute command number 1351,MUTE
get time request number 879,GET_TIME
open application number 1389,OPEN_APP
unmute command number 1087,UNMUTE
general conversation number 549,GENERAL_CONVERSATION
get time request number 1228,GET_TIME
general conversation number 578,GENERAL_CONVERSATION
search query number 815,WEB_SEARCH
get time request number 213,GET_TIME
search query number 749,WEB_SEARCH
general conversation number 897,GENERAL_CONVERSATION
unmute command number 1292,UNMUTE
general conversation number 348,GENERAL_CONVERSATION
unmute command number 306,UNMUTE
open file number 1148,OPEN_FILE
general conversation number 583,GENERAL_CONVERSATION
unmute command number 126,UNMUTE
search query number 853,WEB_SEARCH
open application number 590,OPEN_APP
open application number 1084,OPEN_APP
open file number 333,OPEN_FILE
get time request number 1340,GET_TIME
get time request number 205,GET_TIME
open application number 1296,OPEN_APP
mute command number 231,MUTE
search query number 735,WEB_SEARCH
search query number 1010,WEB_SEARCH
general conversation number 174,GENERAL_CONVERSATION
unmute command number 867,UNMUTE
open file number 293,OPEN_FILE
unmute command number 779,UNMUTE
search query number 266,WEB_SEARCH
unmute command number 667,UNMUTE
mute command number 1118,MUTE
open file number 1396,OPEN_FILE
unmute command number 7,UNMUTE
general conversation number 524,GENERAL_CONVERSATION
general conversation number 1,GENERAL_CONVERSATION
general conversation number 801,GENERAL_CONVERSATION
search query number 641,WEB_SEARCH
get time request number 880,GET_TIME
unmute command number 847,UNMUTE
unmute command number 1201,UNMUTE
unmute command number 887,UNMUTE
open file number 251,OPEN_FILE
search query number 1116,WEB_SEARCH
search query number 1032,WEB_SEARCH
open file number 388,OPEN_FILE
open file number 242,OPEN_FILE
general conversation number 839,GENERAL_CONVERSATION
open application number 605,OPEN_APP
get time request number 366,GET_TIME
search query number 1409,WEB_SEARCH
open file number 424,OPEN_FILE
general conversation number 302,GENERAL_CONVERSATION
mute command number 311,MUTE
mute command number 791,MUTE
general conversation number 792,GENERAL_CONVERSATION
open file number 382,OPEN_FILE
open file number 241,OPEN_FILE
open application number 932,OPEN_APP
general conversation number 767,GENERAL_CONVERSATION
unmute command number 543,UNMUTE
search query number 254,WEB_SEARCH
general conversation number 153,GENERAL_CONVERSATION
open file number 643,OPEN_FILE
unmute command number 571,UNMUTE
unmute command number 926,UNMUTE
get time request number 243,GET_TIME
open file number 1084,OPEN_FILE
unmute command number 1331,UNMUTE
open application number 556,OPEN_APP
open application number 124,OPEN_APP
search query number 610,WEB_SEARCH
open file number 47,OPEN_FILE
open application number 181,OPEN_APP
search query number 1359,WEB_SEARCH
get time request number 1025,GET_TIME
unmute command number 1080,UNMUTE
get time request number 1393,GET_TIME
open application number 218,OPEN_APP
get time request number 1136,GET_TIME
general conversation number 693,GENERAL_CONVERSATION
general conversation number 820,GENERAL_CONVERSATION
search query number 267,WEB_SEARCH
unmute command number 842,UNMUTE
unmute command number 70,UNMUTE
open application number 132,OPEN_APP
open application number 484,OPEN_APP
open application number 138,OPEN_APP
unmute command number 786,UNMUTE
get time request number 849,GET_TIME
general conversation number 281,GENERAL_CONVERSATION
open file number 204,OPEN_FILE
open file number 1160,OPEN_FILE
open application number 1104,OPEN_APP
search query number 163,WEB_SEARCH
mute command number 1213,MUTE
mute command number 353,MUTE
search query number 234,WEB_SEARCH
search query number 684,WEB_SEARCH
open application number 1254,OPEN_APP
unmute command number 368,UNMUTE
search query number 563,WEB_SEARCH
get time request number 18,GET_TIME
get time request number 62,GET_TIME
general conversation number 1267,GENERAL_CONVERSATION
open application number 576,OPEN_APP
general conversation number 378,GENERAL_CONVERSATION
unmute command number 228,UNMUTE
open file number 1101,OPEN_FILE
get time request number 320,GET_TIME
general conversation number 1277,GENERAL_CONVERSATION
open application number 710,OPEN_APP
search query number 868,WEB_SEARCH
open application number 338,OPEN_APP
mute command number 436,MUTE
general conversation number 1361,GENERAL_CONVERSATION
general conversation number 729,GENERAL_CONVERSATION
get time request number 48,GET_TIME
open application number 1400,OPEN_APP
unmute command number 162,UNMUTE
general conversation number 137,GENERAL_CONVERSATION
unmute command number 652,UNMUTE
search query number 1037,WEB_SEARCH
unmute command number 194,UNMUTE
mute command number 271,MUTE
open file number 1222,OPEN_FILE
mute command number 375,MUTE
get time request number 38,GET_TIME
get time request number 1286,GET_TIME
search query number 1173,WEB_SEARCH
search query number 181,WEB_SEARCH
open file number 519,OPEN_FILE
open file number 374,OPEN_FILE
search query number 981,WEB_SEARCH
unmute command number 1424,UNMUTE
open file number 1036,OPEN_FILE
open application number 1281,OPEN_APP
open file number 249,OPEN_FILE
unmute command number 1120,UNMUTE
search query number 374,WEB_SEARCH
open application number 1337,OPEN_APP
search query number 508,WEB_SEARCH
open application number 1323,OPEN_APP
unmute command number 425,UNMUTE
open application number 262,OPEN_APP
general conversation number 937,GENERAL_CONVERSATION
open application number 818,OPEN_APP
unmute command number 814,UNMUTE
get time request number 1212,GET_TIME
open application number 451,OPEN_APP
general conversation number 72,GENERAL_CONVERSATION
open application number 1073,OPEN_APP
open file number 1306,OPEN_FILE
get time request number 31,GET_TIME
mute command number 208,MUTE
open application number 1116,OPEN_APP
get time request number 426,GET_TIME
open application number 1268,OPEN_APP
search query number 880,WEB_SEARCH
open file number 1243,OPEN_FILE
search query number 1360,WEB_SEARCH
get time request number 302,GET_TIME
general conversation number 509,GENERAL_CONVERSATION
open application number 717,OPEN_APP
general conversation number 706,GENERAL_CONVERSATION
open file number 1249,OPEN_FILE
open file number 1,OPEN_FILE
get time request number 1240,GET_TIME
search query number 706,WEB_SEARCH
open file number 1065,OPEN_FILE
open application number 575,OPEN_APP
get time request number 1185,GET_TIME
get time request number 253,GET_TIME
mute command number 1100,MUTE
search query number 877,WEB_SEARCH
open file number 1298,OPEN_FILE
search query number 1237,WEB_SEARCH
open file number 808,OPEN_FILE
general conversation number 1394,GENERAL_CONVERSATION
unmute command number 373,UNMUTE
search query number 1319,WEB_SEARCH
open application number 743,OPEN_APP
open application number 12,OPEN_APP
mute command number 128,MUTE
get time request number 509,GET_TIME
search query number 1369,WEB_SEARCH
search query number 1053,WEB_SEARCH
unmute command number 1196,UNMUTE
get time request number 1262,GET_TIME
open application number 170,OPEN_APP
open application number 1195,OPEN_APP
mute command number 202,MUTE
get time request number 552,GET_TIME
unmute command number 1352,UNMUTE
general conversation number 1401,GENERAL_CONVERSATION
get time request number 365,GET_TIME
get time request number 173,GET_TIME
general conversation number 133,GENERAL_CONVERSATION
general conversation number 1090,GENERAL_CONVERSATION
mute command number 1422,MUTE
mute command number 989,MUTE
unmute command number 103,UNMUTE
open application number 381,OPEN_APP
search query number 965,WEB_SEARCH
open file number 1245,OPEN_FILE
open file number 24,OPEN_FILE
search query number 1183,WEB_SEARCH
unmute command number 1405,UNMUTE
open file number 394,OPEN_FILE
open application number 633,OPEN_APP
open application number 1240,OPEN_APP
mute command number 139,MUTE
open application number 216,OPEN_APP
unmute command number 1336,UNMUTE
get time request number 586,GET_TIME
open application number 1272,OPEN_APP
mute command number 705,MUTE
unmute command number 1223,UNMUTE
search query number 1132,WEB_SEARCH
mute command number 1197,MUTE
unmute command number 485,UNMUTE
open application number 702,OPEN_APP
open application number 968,OPEN_APP
unmute command number 917,UNMUTE
general conversation number 1233,GENERAL_CONVERSATION
open application number 984,OPEN_APP
unmute command number 780,UNMUTE
search query number 697,WEB_SEARCH
get time request number 1182,GET_TIME
get time request number 542,GET_TIME
mute command number 1266,MUTE
mute command number 337,MUTE
open file number 964,OPEN_FILE
mute command number 1176,MUTE
general conversation number 53,GENERAL_CONVERSATION
open application number 947,OPEN_APP
mute command number 868,MUTE
get time request number 210,GET_TIME
mute command number 847,MUTE
search query number 1171,WEB_SEARCH
open application number 864,OPEN_APP
general conversation number 939,GENERAL_CONVERSATION
open file number 559,OPEN_FILE
general conversation number 1293,GENERAL_CONVERSATION
open application number 929,OPEN_APP
open file number 530,OPEN_FILE
open application number 1228,OPEN_APP
get time request number 112,GET_TIME
open application number 125,OPEN_APP
search query number 1065,WEB_SEARCH
open file number 1378,OPEN_FILE
get time request number 348,GET_TIME
search query number 1109,WEB_SEARCH
open application number 41,OPEN_APP
general conversation number 457,GENERAL_CONVERSATION
general conversation number 1136,GENERAL_CONVERSATION
open file number 213,OPEN_FILE
search query number 1063,WEB_SEARCH
open application number 1172,OPEN_APP
general conversation number 1147,GENERAL_CONVERSATION
mute command number 315,MUTE
mute command number 5,MUTE
open file number 1373,OPEN_FILE
get time request number 692,GET_TIME
mute command number 629,MUTE
get time request number 906,GET_TIME
get time request number 675,GET_TIME
unmute command number 957,UNMUTE
general conversation number 1072,GENERAL_CONVERSATION
unmute command number 1083,UNMUTE
unmute command number 173,UNMUTE
open application number 67,OPEN_APP
search query number 809,WEB_SEARCH
open application number 773,OPEN_APP
open file number 960,OPEN_FILE
search query number 1073,WEB_SEARCH
get time request number 659,GET_TIME
general conversation number 815,GENERAL_CONVERSATION
open application number 131,OPEN_APP
mute command number 1412,MUTE
general conversation number 83,GENERAL_CONVERSATION
search query number 929,WEB_SEARCH
get time request number 226,GET_TIME
open application number 297,OPEN_APP
search query number 799,WEB_SEARCH
general conversation number 925,GENERAL_CONVERSATION
search query number 252,WEB_SEARCH
mute command number 648,MUTE
open application number 205,OPEN_APP
mute command number 674,MUTE
open file number 265,OPEN_FILE
unmute command number 1188,UNMUTE
mute command number 59,MUTE
general conversation number 452,GENERAL_CONVERSATION
open application number 1293,OPEN_APP
open file number 829,OPEN_FILE
unmute command number 1178,UNMUTE
mute command number 603,MUTE
get time request number 1249,GET_TIME
search query number 1189,WEB_SEARCH
search query number 1269,WEB_SEARCH
unmute command number 982,UNMUTE
open file number 299,OPEN_FILE
mute command number 493,MUTE
general conversation number 1315,GENERAL_CONVERSATION
unmute command number 426,UNMUTE
search query number 621,WEB_SEARCH
general conversation number 1314,GENERAL_CONVERSATION
get time request number 103,GET_TIME
mute command number 1149,MUTE
open application number 1039,OPEN_APP
general conversation number 416,GENERAL_CONVERSATION
unmute command number 1075,UNMUTE
mute command number 1421,MUTE
general conversation number 898,GENERAL_CONVERSATION
open file number 420,OPEN_FILE
unmute command number 1267,UNMUTE
mute command number 822,MUTE
search query number 1080,WEB_SEARCH
get time request number 268,GET_TIME
open file number 773,OPEN_FILE
mute command number 880,MUTE
unmute command number 1068,UNMUTE
open file number 410,OPEN_FILE
open application number 1372,OPEN_APP
unmute command number 520,UNMUTE
get time request number 841,GET_TIME
search query number 1260,WEB_SEARCH
unmute command number 1121,UNMUTE
unmute command number 1282,UNMUTE
open application number 966,OPEN_APP
open file number 475,OPEN_FILE
mute command number 264,MUTE
get time request number 1157,GET_TIME
open file number 731,OPEN_FILE
mute command number 3,MUTE
general conversation number 1234,GENERAL_CONVERSATION
get time request number 625,GET_TIME
unmute command number 259,UNMUTE
open file number 598,OPEN_FILE
unmute command number 892,UNMUTE
search query number 902,WEB_SEARCH
open file number 412,OPEN_FILE
search query number 1284,WEB_SEARCH
get time request number 858,GET_TIME
unmute command number 5,UNMUTE
mute command number 840,MUTE
unmute command number 406,UNMUTE
get time request number 1304,GET_TIME
unmute command number 1131,UNMUTE
open file number 1311,OPEN_FILE
search query number 314,WEB_SEARCH
open file number 346,OPEN_FILE
general conversation number 436,GENERAL_CONVERSATION
unmute command number 134,UNMUTE
unmute command number 1008,UNMUTE
mute command number 995,MUTE
open file number 125,OPEN_FILE
open file number 633,OPEN_FILE
unmute command number 51,UNMUTE
open file number 833,OPEN_FILE
get time request number 1123,GET_TIME
open application number 426,OPEN_APP
search query number 1249,WEB_SEARCH
mute command number 213,MUTE
get time request number 759,GET_TIME
open file number 445,OPEN_FILE
general conversation number 639,GENERAL_CONVERSATION
search query number 673,WEB_SEARCH
open application number 1388,OPEN_APP
get time request number 1418,GET_TIME
search query number 67,WEB_SEARCH
unmute command number 473,UNMUTE
open application number 1193,OPEN_APP
get time request number 868,GET_TIME
open file number 403,OPEN_FILE
mute command number 442,MUTE
mute command number 946,MUTE
open file number 893,OPEN_FILE
search query number 948,WEB_SEARCH
get time request number 238,GET_TIME
get time request number 1239,GET_TIME
open file number 432,OPEN_FILE
mute command number 809,MUTE
open application number 380,OPEN_APP
mute command number 1273,MUTE
get time request number 572,GET_TIME
open file number 855,OPEN_FILE
unmute command number 456,UNMUTE
open application number 1262,OPEN_APP
get time request number 170,GET_TIME
general conversation number 249,GENERAL_CONVERSATION
mute command number 1148,MUTE
unmute command number 188,UNMUTE
open application number 1190,OPEN_APP
unmute command number 487,UNMUTE
general conversation number 778,GENERAL_CONVERSATION
unmute command number 286,UNMUTE
search query number 1350,WEB_SEARCH
get time request number 1089,GET_TIME
get time request number 813,GET_TIME
unmute command number 792,UNMUTE
open application number 534,OPEN_APP
mute command number 124,MUTE
get time request number 664,GET_TIME
mute command number 884,MUTE
get time request number 1160,GET_TIME
get time request number 457,GET_TIME
mute command number 201,MUTE
open application number 35,OPEN_APP
unmute command number 1015,UNMUTE
search query number 1083,WEB_SEARCH
open application number 40,OPEN_APP
open file number 358,OPEN_FILE
general conversation number 1419,GENERAL_CONVERSATION
general conversation number 742,GENERAL_CONVERSATION
mute command number 36,MUTE
get time request number 767,GET_TIME
open file number 1191,OPEN_FILE
get time request number 83,GET_TIME
general conversation number 197,GENERAL_CONVERSATION
open file number 221,OPEN_FILE
open file number 898,OPEN_FILE
general conversation number 81,GENERAL_CONVERSATION
mute command number 12,MUTE
unmute command number 1208,UNMUTE
unmute command number 454,UNMUTE
open file number 153,OPEN_FILE
get time request number 225,GET_TIME
search query number 518,WEB_SEARCH
general conversation number 518,GENERAL_CONVERSATION
general conversation number 619,GENERAL_CONVERSATION
general conversation number 813,GENERAL_CONVERSATION
mute command number 76,MUTE
open application number 337,OPEN_APP
general conversation number 23,GENERAL_CONVERSATION
general conversation number 698,GENERAL_CONVERSATION
open application number 683,OPEN_APP
get time request number 579,GET_TIME
open file number 1134,OPEN_FILE
mute command number 453,MUTE
search query number 1234,WEB_SEARCH
get time request number 1139,GET_TIME
open application number 907,OPEN_APP
unmute command number 908,UNMUTE
unmute command number 3,UNMUTE
mute command number 567,MUTE
unmute command number 820,UNMUTE
general conversation number 974,GENERAL_CONVERSATION
get time request number 431,GET_TIME
open application number 861,OPEN_APP
search query number 1031,WEB_SEARCH
open file number 668,OPEN_FILE
open file number 357,OPEN_FILE
open file number 322,OPEN_FILE
search query number 1221,WEB_SEARCH
get time request number 653,GET_TIME
open file number 1211,OPEN_FILE
mute command number 447,MUTE
unmute command number 1009,UNMUTE
mute command number 457,MUTE
search query number 316,WEB_SEARCH
open file number 1049,OPEN_FILE
mute command number 281,MUTE
general conversation number 1016,GENERAL_CONVERSATION
open file number 954,OPEN_FILE
unmute command number 1023,UNMUTE
open application number 676,OPEN_APP
open file number 470,OPEN_FILE
general conversation number 1087,GENERAL_CONVERSATION
open application number 1200,OPEN_APP
open application number 902,OPEN_APP
get time request number 94,GET_TIME
unmute command number 933,UNMUTE
get time request number 68,GET_TIME
general conversation number 1324,GENERAL_CONVERSATION
open file number 1219,OPEN_FILE
get time request number 1112,GET_TIME
get time request number 725,GET_TIME
get time request number 148,GET_TIME
open file number 518,OPEN_FILE
open application number 97,OPEN_APP
general conversation number 1268,GENERAL_CONVERSATION
unmute command number 939,UNMUTE
search query number 914,WEB_SEARCH
search query number 964,WEB_SEARCH
mute command number 240,MUTE
mute command number 439,MUTE
general conversation number 178,GENERAL_CONVERSATION
get time request number 1015,GET_TIME
unmute command number 272,UNMUTE
general conversation number 475,GENERAL_CONVERSATION
get time request number 601,GET_TIME
unmute command number 991,UNMUTE
mute command number 432,MUTE
search query number 1022,WEB_SEARCH
open file number 145,OPEN_FILE
general conversation number 1328,GENERAL_CONVERSATION
open file number 215,OPEN_FILE
general conversation number 292,GENERAL_CONVERSATION
general conversation number 58,GENERAL_CONVERSATION
search query number 764,WEB_SEARCH
get time request number 425,GET_TIME
mute command number 171,MUTE
search query number 371,WEB_SEARCH
open file number 82,OPEN_FILE
get time request number 69,GET_TIME
open file number 1022,OPEN_FILE
unmute command number 848,UNMUTE
mute command number 934,MUTE
open application number 882,OPEN_APP
open application number 196,OPEN_APP
get time request number 679,GET_TIME
unmute command number 880,UNMUTE
general conversation number 1258,GENERAL_CONVERSATION
unmute command number 714,UNMUTE
open file number 260,OPEN_FILE
open file number 366,OPEN_FILE
get time request number 1199,GET_TIME
get time request number 114,GET_TIME
search query number 1166,WEB_SEARCH
get time request number 1307,GET_TIME
mute command number 1035,MUTE
search query number 320,WEB_SEARCH
general conversation number 603,GENERAL_CONVERSATION
unmute command number 884,UNMUTE
get time request number 829,GET_TIME
open file number 21,OPEN_FILE
mute command number 670,MUTE
search query number 291,WEB_SEARCH
general conversation number 945,GENERAL_CONVERSATION
open file number 259,OPEN_FILE
unmute command number 1296,UNMUTE
open file number 224,OPEN_FILE
open application number 547,OPEN_APP
unmute command number 420,UNMUTE
search query number 959,WEB_SEARCH
general conversation number 186,GENERAL_CONVERSATION
open file number 497,OPEN_FILE
get time request number 257,GET_TIME
open file number 1124,OPEN_FILE
open file number 621,OPEN_FILE
search query number 1384,WEB_SEARCH
open file number 997,OPEN_FILE
general conversation number 329,GENERAL_CONVERSATION
open application number 329,OPEN_APP
search query number 607,WEB_SEARCH
get time request number 750,GET_TIME
search query number 1163,WEB_SEARCH
open file number 666,OPEN_FILE
open file number 659,OPEN_FILE
open application number 767,OPEN_APP
unmute command number 378,UNMUTE
mute command number 1156,MUTE
unmute command number 816,UNMUTE
search query number 436,WEB_SEARCH
unmute command number 1384,UNMUTE
general conversation number 745,GENERAL_CONVERSATION
mute command number 1231,MUTE
general conversation number 714,GENERAL_CONVERSATION
open application number 1245,OPEN_APP
open file number 745,OPEN_FILE
search query number 546,WEB_SEARCH
unmute command number 613,UNMUTE
search query number 956,WEB_SEARCH
search query number 493,WEB_SEARCH
search query number 775,WEB_SEARCH
get time request number 286,GET_TIME
open application number 772,OPEN_APP
get time request number 1218,GET_TIME
general conversation number 34,GENERAL_CONVERSATION
open file number 123,OPEN_FILE
general conversation number 653,GENERAL_CONVERSATION
open file number 181,OPEN_FILE
unmute command number 1409,UNMUTE
unmute command number 1288,UNMUTE
mute command number 1105,MUTE
unmute command number 1150,UNMUTE
open application number 1047,OPEN_APP
unmute command number 1200,UNMUTE
search query number 612,WEB_SEARCH
mute command number 672,MUTE
search query number 398,WEB_SEARCH
open file number 1285,OPEN_FILE
get time request number 1097,GET_TIME
open file number 1218,OPEN_FILE
get time request number 758,GET_TIME
general conversation number 350,GENERAL_CONVERSATION
open file number 1176,OPEN_FILE
mute command number 210,MUTE
get time request number 603,GET_TIME
open file number 581,OPEN_FILE
search query number 1352,WEB_SEARCH
unmute command number 1216,UNMUTE
general conversation number 684,GENERAL_CONVERSATION
mute command number 983,MUTE
get time request number 54,GET_TIME
general conversation number 1211,GENERAL_CONVERSATION
general conversation number 1007,GENERAL_CONVERSATION
mute command number 582,MUTE
mute command number 778,MUTE
mute command number 314,MUTE
open application number 39,OPEN_APP
unmute command number 1301,UNMUTE
search query number 270,WEB_SEARCH
get time request number 1216,GET_TIME
open application number 1285,OPEN_APP
mute command number 719,MUTE
open application number 433,OPEN_APP
get time request number 336,GET_TIME
get time request number 1398,GET_TIME
unmute command number 938,UNMUTE
unmute command number 402,UNMUTE
open file number 274,OPEN_FILE
open file number 1368,OPEN_FILE
open file number 1242,OPEN_FILE
general conversation number 358,GENERAL_CONVERSATION
unmute command number 376,UNMUTE
search query number 180,WEB_SEARCH
unmute command number 417,UNMUTE
open file number 982,OPEN_FILE
open application number 1035,OPEN_APP
general conversation number 506,GENERAL_CONVERSATION
open application number 203,OPEN_APP
general conversation number 1133,GENERAL_CONVERSATION
mute command number 860,MUTE
get time request number 737,GET_TIME
general conversation number 1192,GENERAL_CONVERSATION
general conversation number 550,GENERAL_CONVERSATION
mute command number 388,MUTE
search query number 265,WEB_SEARCH
open file number 202,OPEN_FILE
open file number 20,OPEN_FILE
general conversation number 499,GENERAL_CONVERSATION
get time request number 39,GET_TIME
mute command number 949,MUTE
open application number 519,OPEN_APP
get time request number 953,GET_TIME
general conversation number 229,GENERAL_CONVERSATION
open file number 458,OPEN_FILE
mute command number 1181,MUTE
get time request number 521,GET_TIME
open file number 1039,OPEN_FILE
get time request number 1010,GET_TIME
get time request number 108,GET_TIME
unmute command number 59,UNMUTE
open application number 1062,OPEN_APP
unmute command number 784,UNMUTE
general conversation number 1270,GENERAL_CONVERSATION
general conversation number 546,GENERAL_CONVERSATION
general conversation number 1178,GENERAL_CONVERSATION
general conversation number 565,GENERAL_CONVERSATION
open file number 1139,OPEN_FILE
general conversation number 1154,GENERAL_CONVERSATION
open file number 30,OPEN_FILE
general conversation number 522,GENERAL_CONVERSATION
get time request number 377,GET_TIME
mute command number 212,MUTE
mute command number 1087,MUTE
search query number 1323,WEB_SEARCH
search query number 1004,WEB_SEARCH
search query number 1348,WEB_SEARCH
open application number 1106,OPEN_APP
general conversation number 541,GENERAL_CONVERSATION
unmute command number 1096,UNMUTE
search query number 323,WEB_SEARCH
get time request number 867,GET_TIME
open application number 427,OPEN_APP
open file number 1159,OPEN_FILE
open application number 1382,OPEN_APP
mute command number 194,MUTE
general conversation number 35,GENERAL_CONVERSATION
open file number 1172,OPEN_FILE
general conversation number 895,GENERAL_CONVERSATION
open file number 1076,OPEN_FILE
unmute command number 1344,UNMUTE
unmute command number 999,UNMUTE
mute command number 528,MUTE
mute command number 120,MUTE
open file number 1248,OPEN_FILE
open file number 149,OPEN_FILE
get time request number 1425,GET_TIME
unmute command number 414,UNMUTE
get time request number 794,GET_TIME
open file number 1061,OPEN_FILE
mute command number 1277,MUTE
unmute command number 663,UNMUTE
open file number 1328,OPEN_FILE
search query number 10,WEB_SEARCH
search query number 1327,WEB_SEARCH
open file number 1221,OPEN_FILE
unmute command number 1140,UNMUTE
get time request number 644,GET_TIME
open file number 378,OPEN_FILE
mute command number 1375,MUTE
unmute command number 275,UNMUTE
unmute command number 1232,UNMUTE
mute command number 920,MUTE
open file number 127,OPEN_FILE
open file number 585,OPEN_FILE
get time request number 498,GET_TIME
search query number 4,WEB_SEARCH
open file number 658,OPEN_FILE
search query number 819,WEB_SEARCH
get time request number 756,GET_TIME
unmute command number 764,UNMUTE
open file number 383,OPEN_FILE
mute command number 91,MUTE
general conversation number 661,GENERAL_CONVERSATION
mute command number 1318,MUTE
general conversation number 1093,GENERAL_CONVERSATION
general conversation number 1336,GENERAL_CONVERSATION
open file number 1380,OPEN_FILE
get time request number 316,GET_TIME
open file number 338,OPEN_FILE
unmute command number 978,UNMUTE
open file number 958,OPEN_FILE
general conversation number 854,GENERAL_CONVERSATION
search query number 287,WEB_SEARCH
open application number 449,OPEN_APP
get time request number 762,GET_TIME
open file number 891,OPEN_FILE
general conversation number 1348,GENERAL_CONVERSATION
get time request number 1137,GET_TIME
unmute command number 1283,UNMUTE
unmute command number 22,UNMUTE
general conversation number 218,GENERAL_CONVERSATION
open application number 730,OPEN_APP
unmute command number 676,UNMUTE
open file number 716,OPEN_FILE
general conversation number 1425,GENERAL_CONVERSATION
get time request number 908,GET_TIME
unmute command number 167,UNMUTE
open application number 240,OPEN_APP
open file number 109,OPEN_FILE
open application number 1171,OPEN_APP
get time request number 489,GET_TIME
unmute command number 633,UNMUTE
general conversation number 473,GENERAL_CONVERSATION
search query number 642,WEB_SEARCH
get time request number 87,GET_TIME
mute command number 699,MUTE
unmute command number 1371,UNMUTE
get time request number 1266,GET_TIME
mute command number 607,MUTE
unmute command number 561,UNMUTE
open application number 1033,OPEN_APP
general conversation number 375,GENERAL_CONVERSATION
search query number 288,WEB_SEARCH
mute command number 1332,MUTE
mute command number 836,MUTE
open application number 566,OPEN_APP
open file number 236,OPEN_FILE
open application number 1019,OPEN_APP
general conversation number 747,GENERAL_CONVERSATION
general conversation number 1372,GENERAL_CONVERSATION
mute command number 848,MUTE
open file number 461,OPEN_FILE
unmute command number 1043,UNMUTE
search query number 1027,WEB_SEARCH
unmute command number 1089,UNMUTE
get time request number 326,GET_TIME
mute command number 27,MUTE
open application number 463,OPEN_APP
get time request number 796,GET_TIME
get time request number 85,GET_TIME
open application number 872,OPEN_APP
unmute command number 63,UNMUTE
general conversation number 632,GENERAL_CONVERSATION
mute command number 601,MUTE
open file number 174,OPEN_FILE
search query number 1263,WEB_SEARCH
get time request number 402,GET_TIME
unmute command number 727,UNMUTE
open file number 1398,OPEN_FILE
unmute command number 1250,UNMUTE
open file number 1260,OPEN_FILE
general conversation number 320,GENERAL_CONVERSATION
mute command number 1402,MUTE
unmute command number 198,UNMUTE
search query number 1138,WEB_SEARCH
open application number 34,OPEN_APP
search query number 1311,WEB_SEARCH
open application number 988,OPEN_APP
open file number 34,OPEN_FILE
mute command number 907,MUTE
search query number 208,WEB_SEARCH
get time request number 495,GET_TIME
unmute command number 1313,UNMUTE
general conversation number 194,GENERAL_CONVERSATION
unmute command number 858,UNMUTE
open application number 838,OPEN_APP
get time request number 573,GET_TIME
open file number 292,OPEN_FILE
open file number 755,OPEN_FILE
open application number 849,OPEN_APP
open application number 0,OPEN_APP
unmute command number 93,UNMUTE
open file number 187,OPEN_FILE
open application number 1204,OPEN_APP
general conversation number 260,GENERAL_CONVERSATION
unmute command number 673,UNMUTE
unmute command number 431,UNMUTE
open application number 814,OPEN_APP
open file number 1292,OPEN_FILE
get time request number 1085,GET_TIME
open application number 886,OPEN_APP
unmute command number 1086,UNMUTE
open file number 243,OPEN_FILE
get time request number 398,GET_TIME
search query number 1014,WEB_SEARCH
open file number 607,OPEN_FILE
general conversation number 308,GENERAL_CONVERSATION
search query number 153,WEB_SEARCH
open application number 999,OPEN_APP
get time request number 1129,GET_TIME
mute command number 524,MUTE
get time request number 323,GET_TIME
open file number 1088,OPEN_FILE
unmute command number 1093,UNMUTE
open application number 399,OPEN_APP
open application number 153,OPEN_APP
general conversation number 943,GENERAL_CONVERSATION
unmute command number 77,UNMUTE
get time request number 718,GET_TIME
open file number 570,OPEN_FILE
get time request number 555,GET_TIME
open application number 411,OPEN_APP
general conversation number 1350,GENERAL_CONVERSATION
unmute command number 635,UNMUTE
mute command number 764,MUTE
open file number 1322,OPEN_FILE
get time request number 179,GET_TIME
general conversation number 477,GENERAL_CONVERSATION
mute command number 306,MUTE
open file number 875,OPEN_FILE
unmute command number 411,UNMUTE
general conversation number 410,GENERAL_CONVERSATION
mute command number 75,MUTE
search query number 154,WEB_SEARCH
get time request number 1059,GET_TIME
open application number 24,OPEN_APP
get time request number 406,GET_TIME
open file number 1127,OPEN_FILE
mute command number 1397,MUTE
open file number 925,OPEN_FILE
open application number 6,OPEN_APP
get time request number 1004,GET_TIME
mute command number 62,MUTE
general conversation number 1408,GENERAL_CONVERSATION
open file number 209,OPEN_FILE
get time request number 432,GET_TIME
get time request number 1023,GET_TIME
get time request number 1147,GET_TIME
search query number 1117,WEB_SEARCH
mute command number 108,MUTE
get time request number 1289,GET_TIME
unmute command number 82,UNMUTE
open file number 304,OPEN_FILE
get time request number 102,GET_TIME
general conversation number 680,GENERAL_CONVERSATION
mute command number 1414,MUTE
open application number 941,OPEN_APP
open file number 285,OPEN_FILE
unmute command number 1194,UNMUTE
search query number 1011,WEB_SEARCH
general conversation number 853,GENERAL_CONVERSATION
mute command number 1124,MUTE
general conversation number 1218,GENERAL_CONVERSATION
general conversation number 1034,GENERAL_CONVERSATION
get time request number 396,GET_TIME
open application number 1325,OPEN_APP
mute command number 932,MUTE
open application number 1125,OPEN_APP
unmute command number 1191,UNMUTE
open file number 399,OPEN_FILE
open file number 196,OPEN_FILE
unmute command number 505,UNMUTE
get time request number 1328,GET_TIME
mute command number 744,MUTE
general conversation number 1388,GENERAL_CONVERSATION
get time request number 216,GET_TIME
open file number 734,OPEN_FILE
open application number 874,OPEN_APP
get time request number 1027,GET_TIME
mute command number 589,MUTE
unmute command number 672,UNMUTE
general conversation number 827,GENERAL_CONVERSATION
get time request number 1120,GET_TIME
unmute command number 1389,UNMUTE
mute command number 327,MUTE
general conversation number 569,GENERAL_CONVERSATION
general conversation number 1018,GENERAL_CONVERSATION
open file number 611,OPEN_FILE
unmute command number 1345,UNMUTE
general conversation number 914,GENERAL_CONVERSATION
open application number 1118,OPEN_APP
get time request number 1034,GET_TIME
open file number 735,OPEN_FILE
open file number 556,OPEN_FILE
mute command number 1097,MUTE
get time request number 250,GET_TIME
search query number 1382,WEB_SEARCH
get time request number 795,GET_TIME
mute command number 9,MUTE
search query number 1172,WEB_SEARCH
general conversation number 554,GENERAL_CONVERSATION
search query number 391,WEB_SEARCH
unmute command number 345,UNMUTE
unmute command number 1426,UNMUTE
open file number 1251,OPEN_FILE
general conversation number 998,GENERAL_CONVERSATION
search query number 130,WEB_SEARCH
general conversation number 48,GENERAL_CONVERSATION
mute command number 971,MUTE
general conversation number 490,GENERAL_CONVERSATION
mute command number 947,MUTE
general conversation number 1427,GENERAL_CONVERSATION
general conversation number 208,GENERAL_CONVERSATION
unmute command number 175,UNMUTE
get time request number 516,GET_TIME
mute command number 894,MUTE
general conversation number 705,GENERAL_CONVERSATION
search query number 564,WEB_SEARCH
open file number 100,OPEN_FILE
mute command number 230,MUTE
get time request number 258,GET_TIME
open file number 419,OPEN_FILE
search query number 485,WEB_SEARCH
general conversation number 494,GENERAL_CONVERSATION
mute command number 1234,MUTE
open file number 103,OPEN_FILE
open file number 520,OPEN_FILE
mute command number 734,MUTE
unmute command number 1311,UNMUTE
unmute command number 1307,UNMUTE
open file number 1303,OPEN_FILE
get time request number 604,GET_TIME
open file number 801,OPEN_FILE
open file number 401,OPEN_FILE
open application number 440,OPEN_APP
mute command number 751,MUTE
mute command number 726,MUTE
search query number 1305,WEB_SEARCH
search query number 662,WEB_SEARCH
open file number 965,OPEN_FILE
open file number 1029,OPEN_FILE
get time request number 1191,GET_TIME
get time request number 215,GET_TIME
open file number 118,OPEN_FILE
search query number 849,WEB_SEARCH
search query number 461,WEB_SEARCH
open file number 1275,OPEN_FILE
mute command number 228,MUTE
unmute command number 11,UNMUTE
unmute command number 912,UNMUTE
mute command number 443,MUTE
open application number 160,OPEN_APP
open file number 418,OPEN_FILE
unmute command number 349,UNMUTE
open file number 1043,OPEN_FILE
unmute command number 560,UNMUTE
general conversation number 814,GENERAL_CONVERSATION
get time request number 697,GET_TIME
general conversation number 1023,GENERAL_CONVERSATION
get time request number 776,GET_TIME
mute command number 351,MUTE
unmute command number 408,UNMUTE
open application number 5,OPEN_APP
open file number 1397,OPEN_FILE
open file number 848,OPEN_FILE
general conversation number 769,GENERAL_CONVERSATION
open application number 537,OPEN_APP
get time request number 452,GET_TIME
open application number 325,OPEN_APP
unmute command number 873,UNMUTE
search query number 620,WEB_SEARCH
get time request number 1315,GET_TIME
general conversation number 843,GENERAL_CONVERSATION
open application number 678,OPEN_APP
get time request number 550,GET_TIME
open application number 888,OPEN_APP
get time request number 547,GET_TIME
mute command number 1002,MUTE
search query number 732,WEB_SEARCH
open file number 1072,OPEN_FILE
open application number 289,OPEN_APP
search query number 160,WEB_SEARCH
unmute command number 1414,UNMUTE
mute command number 710,MUTE
search query number 43,WEB_SEARCH
mute command number 1233,MUTE
mute command number 100,MUTE
unmute command number 125,UNMUTE
get time request number 14,GET_TIME
general conversation number 271,GENERAL_CONVERSATION
get time request number 1035,GET_TIME
unmute command number 998,UNMUTE
open file number 791,OPEN_FILE
search query number 686,WEB_SEARCH
open application number 738,OPEN_APP
mute command number 32,MUTE
search query number 206,WEB_SEARCH
search query number 3,WEB_SEARCH
unmute command number 404,UNMUTE
get time request number 1258,GET_TIME
get time request number 132,GET_TIME
search query number 803,WEB_SEARCH
open application number 1112,OPEN_APP
open file number 678,OPEN_FILE
search query number 337,WEB_SEARCH
open file number 325,OPEN_FILE
mute command number 572,MUTE
unmute command number 1319,UNMUTE
unmute command number 242,UNMUTE
unmute command number 45,UNMUTE
open file number 232,OPEN_FILE
get time request number 859,GET_TIME
general conversation number 852,GENERAL_CONVERSATION
mute command number 243,MUTE
open file number 915,OPEN_FILE
open file number 700,OPEN_FILE
open application number 1126,OPEN_APP
open file number 53,OPEN_FILE
open file number 835,OPEN_FILE
general conversation number 610,GENERAL_CONVERSATION
mute command number 247,MUTE
open file number 1214,OPEN_FILE
open application number 498,OPEN_APP
mute command number 687,MUTE
open application number 639,OPEN_APP
open application number 820,OPEN_APP
mute command number 680,MUTE
mute command number 678,MUTE
unmute command number 1063,UNMUTE
mute command number 1061,MUTE
open file number 1325,OPEN_FILE
mute command number 397,MUTE
mute command number 345,MUTE
get time request number 1013,GET_TIME
open file number 31,OPEN_FILE
open file number 1014,OPEN_FILE
general conversation number 1219,GENERAL_CONVERSATION
open file number 783,OPEN_FILE
open application number 1013,OPEN_APP
search query number 413,WEB_SEARCH
get time request number 1197,GET_TIME
search query number 1247,WEB_SEARCH
search query number 385,WEB_SEARCH
search query number 445,WEB_SEARCH
general conversation number 441,GENERAL_CONVERSATION
search query number 548,WEB_SEARCH
open file number 744,OPEN_FILE
mute command number 362,MUTE
search query number 361,WEB_SEARCH
open file number 301,OPEN_FILE
open application number 1008,OPEN_APP
open application number 1263,OPEN_APP
get time request number 380,GET_TIME
unmute command number 1155,UNMUTE
search query number 403,WEB_SEARCH
mute command number 326,MUTE
mute command number 147,MUTE
get time request number 1009,GET_TIME
get time request number 977,GET_TIME
general conversation number 537,GENERAL_CONVERSATION
unmute command number 538,UNMUTE
open file number 853,OPEN_FILE
search query number 1272,WEB_SEARCH
mute command number 177,MUTE
mute command number 374,MUTE
open application number 1320,OPEN_APP
get time request number 530,GET_TIME
open application number 70,OPEN_APP
open application number 880,OPEN_APP
search query number 1289,WEB_SEARCH
open file number 114,OPEN_FILE
open file number 220,OPEN_FILE
general conversation number 71,GENERAL_CONVERSATION
get time request number 82,GET_TIME
search query number 725,WEB_SEARCH
mute command number 928,MUTE
general conversation number 671,GENERAL_CONVERSATION
general conversation number 215,GENERAL_CONVERSATION
mute command number 704,MUTE
mute command number 440,MUTE
general conversation number 790,GENERAL_CONVERSATION
unmute command number 504,UNMUTE
get time request number 1130,GET_TIME
unmute command number 1231,UNMUTE
search query number 562,WEB_SEARCH
open file number 76,OPEN_FILE
general conversation number 1137,GENERAL_CONVERSATION
open application number 945,OPEN_APP
general conversation number 25,GENERAL_CONVERSATION
open application number 1080,OPEN_APP
general conversation number 1006,GENERAL_CONVERSATION
open application number 369,OPEN_APP
get time request number 20,GET_TIME
search query number 199,WEB_SEARCH
open file number 975,OPEN_FILE
mute command number 696,MUTE
general conversation number 579,GENERAL_CONVERSATION
open file number 229,OPEN_FILE
mute command number 98,MUTE
general conversation number 997,GENERAL_CONVERSATION
unmute command number 177,UNMUTE
unmute command number 18,UNMUTE
general conversation number 744,GENERAL_CONVERSATION
mute command number 1084,MUTE
mute command number 462,MUTE
unmute command number 1257,UNMUTE
open file number 742,OPEN_FILE
open application number 1096,OPEN_APP
unmute command number 169,UNMUTE
open application number 715,OPEN_APP
general conversation number 1068,GENERAL_CONVERSATION
general conversation number 1101,GENERAL_CONVERSATION
general conversation number 363,GENERAL_CONVERSATION
general conversation number 663,GENERAL_CONVERSATION
general conversation number 768,GENERAL_CONVERSATION
mute command number 924,MUTE
search query number 173,WEB_SEARCH
open application number 1010,OPEN_APP
get time request number 1110,GET_TIME
open application number 1199,OPEN_APP
get time request number 670,GET_TIME
general conversation number 105,GENERAL_CONVERSATION
general conversation number 722,GENERAL_CONVERSATION
mute command number 1125,MUTE
get time request number 984,GET_TIME
open application number 1335,OPEN_APP
open application number 824,OPEN_APP
general conversation number 570,GENERAL_CONVERSATION
unmute command number 109,UNMUTE
open application number 600,OPEN_APP
general conversation number 1368,GENERAL_CONVERSATION
search query number 52,WEB_SEARCH
search query number 601,WEB_SEARCH
unmute command number 918,UNMUTE
mute command number 1369,MUTE
general conversation number 1297,GENERAL_CONVERSATION
search query number 1151,WEB_SEARCH
mute command number 1317,MUTE
mute command number 200,MUTE
get time request number 589,GET_TIME
general conversation number 20,GENERAL_CONVERSATION
get time request number 379,GET_TIME
get time request number 1000,GET_TIME
open file number 1250,OPEN_FILE
open file number 522,OPEN_FILE
general conversation number 442,GENERAL_CONVERSATION
get time request number 1043,GET_TIME
get time request number 263,GET_TIME
open file number 1186,OPEN_FILE
unmute command number 956,UNMUTE
open file number 764,OPEN_FILE
open file number 214,OPEN_FILE
search query number 1201,WEB_SEARCH
open application number 47,OPEN_APP
open file number 436,OPEN_FILE
get time request number 164,GET_TIME
search query number 745,WEB_SEARCH
open application number 638,OPEN_APP
mute command number 512,MUTE
mute command number 959,MUTE
general conversation number 774,GENERAL_CONVERSATION
general conversation number 17,GENERAL_CONVERSATION
open application number 467,OPEN_APP
get time request number 275,GET_TIME
unmute command number 669,UNMUTE
open application number 939,OPEN_APP
get time request number 1244,GET_TIME
unmute command number 1314,UNMUTE
get time request number 1063,GET_TIME
mute command number 538,MUTE
search query number 557,WEB_SEARCH
search query number 1177,WEB_SEARCH
mute command number 988,MUTE
mute command number 941,MUTE
open application number 1236,OPEN_APP
get time request number 1193,GET_TIME
open application number 139,OPEN_APP
open file number 962,OPEN_FILE
get time request number 144,GET_TIME
open application number 1030,OPEN_APP
search query number 1243,WEB_SEARCH
unmute command number 643,UNMUTE
mute command number 565,MUTE
unmute command number 657,UNMUTE
mute command number 858,MUTE
get time request number 726,GET_TIME
get time request number 272,GET_TIME
unmute command number 767,UNMUTE
unmute command number 535,UNMUTE
unmute command number 334,UNMUTE
open application number 728,OPEN_APP
open application number 634,OPEN_APP
search query number 423,WEB_SEARCH
unmute command number 1166,UNMUTE
unmute command number 313,UNMUTE
open file number 751,OPEN_FILE
open application number 1110,OPEN_APP
mute command number 349,MUTE
get time request number 671,GET_TIME
get time request number 1284,GET_TIME
open application number 598,OPEN_APP
unmute command number 1180,UNMUTE
search query number 335,WEB_SEARCH
unmute command number 849,UNMUTE
unmute command number 237,UNMUTE
search query number 770,WEB_SEARCH
open application number 978,OPEN_APP
mute command number 509,MUTE
unmute command number 1005,UNMUTE
get time request number 1158,GET_TIME
open file number 1063,OPEN_FILE
open application number 460,OPEN_APP
search query number 78,WEB_SEARCH
general conversation number 435,GENERAL_CONVERSATION
unmute command number 665,UNMUTE
search query number 32,WEB_SEARCH
mute command number 1349,MUTE
get time request number 1413,GET_TIME
open file number 986,OPEN_FILE
get time request number 72,GET_TIME
open application number 1120,OPEN_APP
mute command number 660,MUTE
open file number 1212,OPEN_FILE
mute command number 1065,MUTE
get time request number 1002,GET_TIME
unmute command number 1001,UNMUTE
open application number 982,OPEN_APP
unmute command number 457,UNMUTE
open application number 1109,OPEN_APP
open file number 154,OPEN_FILE
general conversation number 169,GENERAL_CONVERSATION
open application number 60,OPEN_APP
open file number 35,OPEN_FILE
general conversation number 587,GENERAL_CONVERSATION
open application number 256,OPEN_APP
open application number 1221,OPEN_APP
open file number 1173,OPEN_FILE
unmute command number 567,UNMUTE
general conversation number 1165,GENERAL_CONVERSATION
unmute command number 584,UNMUTE
open file number 815,OPEN_FILE
open file number 1258,OPEN_FILE
general conversation number 655,GENERAL_CONVERSATION
open file number 272,OPEN_FILE
open application number 491,OPEN_APP
unmute command number 521,UNMUTE
open file number 859,OPEN_FILE
general conversation number 267,GENERAL_CONVERSATION
open application number 679,OPEN_APP
open file number 948,OPEN_FILE
open file number 541,OPEN_FILE
mute command number 365,MUTE
search query number 1367,WEB_SEARCH
general conversation number 177,GENERAL_CONVERSATION
open application number 10,OPEN_APP
open file number 972,OPEN_FILE
get time request number 53,GET_TIME
search query number 674,WEB_SEARCH
open file number 200,OPEN_FILE
search query number 865,WEB_SEARCH
unmute command number 702,UNMUTE
search query number 514,WEB_SEARCH
general conversation number 858,GENERAL_CONVERSATION
open application number 1064,OPEN_APP
open file number 1005,OPEN_FILE
general conversation number 489,GENERAL_CONVERSATION
open file number 1012,OPEN_FILE
search query number 957,WEB_SEARCH
unmute command number 214,UNMUTE
unmute command number 795,UNMUTE
get time request number 1320,GET_TIME
unmute command number 361,UNMUTE
mute command number 1006,MUTE
open file number 1244,OPEN_FILE
get time request number 783,GET_TIME
open application number 1271,OPEN_APP
general conversation number 1097,GENERAL_CONVERSATION
unmute command number 1360,UNMUTE
general conversation number 1123,GENERAL_CONVERSATION
mute command number 539,MUTE
open application number 601,OPEN_APP
search query number 962,WEB_SEARCH
mute command number 1185,MUTE
open file number 1320,OPEN_FILE
search query number 594,WEB_SEARCH
search query number 945,WEB_SEARCH
search query number 44,WEB_SEARCH
open application number 328,OPEN_APP
search query number 426,WEB_SEARCH
general conversation number 1179,GENERAL_CONVERSATION
open file number 349,OPEN_FILE
general conversation number 1199,GENERAL_CONVERSATION
unmute command number 309,UNMUTE
general conversation number 647,GENERAL_CONVERSATION
open application number 334,OPEN_APP
unmute command number 256,UNMUTE
unmute command number 927,UNMUTE
general conversation number 1036,GENERAL_CONVERSATION
unmute command number 757,UNMUTE
unmute command number 879,UNMUTE
unmute command number 807,UNMUTE
open application number 59,OPEN_APP
unmute command number 433,UNMUTE
mute command number 649,MUTE
open file number 164,OPEN_FILE
general conversation number 326,GENERAL_CONVERSATION
search query number 999,WEB_SEARCH
mute command number 1278,MUTE
mute command number 1294,MUTE
search query number 892,WEB_SEARCH
general conversation number 794,GENERAL_CONVERSATION
get time request number 1106,GET_TIME
search query number 596,WEB_SEARCH
search query number 282,WEB_SEARCH
general conversation number 1019,GENERAL_CONVERSATION
open application number 204,OPEN_APP
general conversation number 14,GENERAL_CONVERSATION
mute command number 859,MUTE
open file number 705,OPEN_FILE
open application number 292,OPEN_APP
open file number 661,OPEN_FILE
open file number 588,OPEN_FILE
general conversation number 1415,GENERAL_CONVERSATION
general conversation number 1069,GENERAL_CONVERSATION
mute command number 784,MUTE
open application number 785,OPEN_APP
unmute command number 931,UNMUTE
open application number 1291,OPEN_APP
get time request number 533,GET_TIME
open application number 75,OPEN_APP
get time request number 194,GET_TIME
open file number 1372,OPEN_FILE
general conversation number 1022,GENERAL_CONVERSATION
get time request number 1098,GET_TIME
unmute command number 1071,UNMUTE
search query number 765,WEB_SEARCH
open file number 1153,OPEN_FILE
open file number 861,OPEN_FILE
open application number 827,OPEN_APP
unmute command number 1037,UNMUTE
open file number 1041,OPEN_FILE
mute command number 334,MUTE
open application number 466,OPEN_APP
unmute command number 1082,UNMUTE
search query number 1007,WEB_SEARCH
get time request number 649,GET_TIME
general conversation number 1024,GENERAL_CONVERSATION
general conversation number 1317,GENERAL_CONVERSATION
general conversation number 26,GENERAL_CONVERSATION
get time request number 1412,GET_TIME
open file number 653,OPEN_FILE
open file number 719,OPEN_FILE
search query number 1283,WEB_SEARCH
open application number 975,OPEN_APP
unmute command number 35,UNMUTE
open file number 992,OPEN_FILE
general conversation number 1352,GENERAL_CONVERSATION
general conversation number 972,GENERAL_CONVERSATION
general conversation number 9,GENERAL_CONVERSATION
open file number 616,OPEN_FILE
open file number 803,OPEN_FILE
unmute command number 90,UNMUTE
get time request number 1319,GET_TIME
unmute command number 869,UNMUTE
mute command number 1190,MUTE
get time request number 1276,GET_TIME
search query number 810,WEB_SEARCH
open file number 1353,OPEN_FILE
get time request number 443,GET_TIME
open application number 1156,OPEN_APP
unmute command number 187,UNMUTE
open file number 1089,OPEN_FILE
open application number 1241,OPEN_APP
open file number 1308,OPEN_FILE
open file number 1210,OPEN_FILE
unmute command number 1270,UNMUTE
open application number 1339,OPEN_APP
unmute command number 701,UNMUTE
unmute command number 1228,UNMUTE
get time request number 256,GET_TIME
search query number 523,WEB_SEARCH
unmute command number 495,UNMUTE
unmute command number 150,UNMUTE
search query number 1309,WEB_SEARCH
general conversation number 16,GENERAL_CONVERSATION
open application number 647,OPEN_APP
general conversation number 1196,GENERAL_CONVERSATION
mute command number 1346,MUTE
mute command number 1182,MUTE
general conversation number 210,GENERAL_CONVERSATION
mute command number 1028,MUTE
unmute command number 1169,UNMUTE
search query number 62,WEB_SEARCH
unmute command number 255,UNMUTE
get time request number 141,GET_TIME
open application number 1342,OPEN_APP
mute command number 226,MUTE
get time request number 1257,GET_TIME
open file number 1141,OPEN_FILE
unmute command number 801,UNMUTE
general conversation number 1118,GENERAL_CONVERSATION
unmute command number 232,UNMUTE
get time request number 52,GET_TIME
search query number 517,WEB_SEARCH
general conversation number 940,GENERAL_CONVERSATION
unmute command number 382,UNMUTE
open file number 842,OPEN_FILE
general conversation number 708,GENERAL_CONVERSATION
unmute command number 1115,UNMUTE
mute command number 1184,MUTE
search query number 614,WEB_SEARCH
get time request number 534,GET_TIME
unmute command number 729,UNMUTE
search query number 579,WEB_SEARCH
unmute command number 427,UNMUTE
get time request number 1305,GET_TIME
search query number 936,WEB_SEARCH
open file number 1095,OPEN_FILE
open file number 629,OPEN_FILE
unmute command number 1034,UNMUTE
unmute command number 996,UNMUTE
open file number 739,OPEN_FILE
search query number 410,WEB_SEARCH
get time request number 1210,GET_TIME
open application number 284,OPEN_APP
general conversation number 443,GENERAL_CONVERSATION
get time request number 997,GET_TIME
search query number 242,WEB_SEARCH
unmute command number 940,UNMUTE
open application number 1404,OPEN_APP
general conversation number 345,GENERAL_CONVERSATION
get time request number 204,GET_TIME
unmute command number 800,UNMUTE
search query number 458,WEB_SEARCH
open application number 1307,OPEN_APP
open application number 686,OPEN_APP
open application number 1037,OPEN_APP
mute command number 138,MUTE
open application number 807,OPEN_APP
mute command number 830,MUTE
mute command number 354,MUTE
search query number 499,WEB_SEARCH
general conversation number 96,GENERAL_CONVERSATION
open application number 793,OPEN_APP
unmute command number 282,UNMUTE
get time request number 80,GET_TIME
search query number 591,WEB_SEARCH
search query number 931,WEB_SEARCH
search query number 839,WEB_SEARCH
unmute command number 464,UNMUTE
unmute command number 1419,UNMUTE
mute command number 270,MUTE
mute command number 110,MUTE
general conversation number 568,GENERAL_CONVERSATION
search query number 522,WEB_SEARCH
get time request number 236,GET_TIME
mute command number 287,MUTE
general conversation number 711,GENERAL_CONVERSATION
get time request number 768,GET_TIME
search query number 334,WEB_SEARCH
search query number 236,WEB_SEARCH
open application number 148,OPEN_APP
open application number 155,OPEN_APP
mute command number 1295,MUTE
get time request number 537,GET_TIME
open application number 1179,OPEN_APP
unmute command number 1306,UNMUTE
open file number 334,OPEN_FILE
unmute command number 1290,UNMUTE
unmute command number 1258,UNMUTE
open file number 759,OPEN_FILE
open application number 609,OPEN_APP
mute command number 1344,MUTE
open application number 823,OPEN_APP
get time request number 1179,GET_TIME
open application number 1014,OPEN_APP
search query number 633,WEB_SEARCH
mute command number 474,MUTE
search query number 218,WEB_SEARCH
general conversation number 512,GENERAL_CONVERSATION
open file number 1263,OPEN_FILE
general conversation number 93,GENERAL_CONVERSATION
get time request number 1349,GET_TIME
mute command number 1211,MUTE
unmute command number 813,UNMUTE
open file number 517,OPEN_FILE
general conversation number 454,GENERAL_CONVERSATION
open file number 1387,OPEN_FILE
open file number 255,OPEN_FILE
open application number 52,OPEN_APP
open file number 545,OPEN_FILE
search query number 1207,WEB_SEARCH
get time request number 1308,GET_TIME
open file number 1030,OPEN_FILE
mute command number 1031,MUTE
unmute command number 944,UNMUTE
get time request number 621,GET_TIME
unmute command number 1275,UNMUTE
general conversation number 324,GENERAL_CONVERSATION
open file number 1112,OPEN_FILE
unmute command number 448,UNMUTE
unmute command number 413,UNMUTE
unmute command number 233,UNMUTE
get time request number 1061,GET_TIME
open file number 514,OPEN_FILE
unmute command number 280,UNMUTE
mute command number 1242,MUTE
general conversation number 225,GENERAL_CONVERSATION
mute command number 667,MUTE
general conversation number 1326,GENERAL_CONVERSATION
unmute command number 73,UNMUTE
open file number 92,OPEN_FILE
general conversation number 766,GENERAL_CONVERSATION
search query number 701,WEB_SEARCH
open file number 851,OPEN_FILE
search query number 1332,WEB_SEARCH
unmute command number 683,UNMUTE
get time request number 172,GET_TIME
general conversation number 110,GENERAL_CONVERSATION
open file number 171,OPEN_FILE
general conversation number 391,GENERAL_CONVERSATION
get time request number 74,GET_TIME
mute command number 203,MUTE
mute command number 1286,MUTE
unmute command number 1370,UNMUTE
mute command number 906,MUTE
unmute command number 197,UNMUTE
unmute command number 818,UNMUTE
unmute command number 831,UNMUTE
mute command number 969,MUTE
mute command number 602,MUTE
search query number 155,WEB_SEARCH
get time request number 1390,GET_TIME
search query number 230,WEB_SEARCH
open file number 900,OPEN_FILE
search query number 1098,WEB_SEARCH
search query number 866,WEB_SEARCH
open file number 1059,OPEN_FILE
mute command number 646,MUTE
unmute command number 772,UNMUTE
open application number 572,OPEN_APP
search query number 774,WEB_SEARCH
search query number 846,WEB_SEARCH
open application number 326,OPEN_APP
open application number 711,OPEN_APP
search query number 60,WEB_SEARCH
mute command number 677,MUTE
open file number 800,OPEN_FILE
search query number 1308,WEB_SEARCH
open file number 151,OPEN_FILE
mute command number 964,MUTE
open file number 884,OPEN_FILE
unmute command number 865,UNMUTE
open file number 1223,OPEN_FILE
general conversation number 1011,GENERAL_CONVERSATION
unmute command number 133,UNMUTE
open application number 371,OPEN_APP
search query number 1368,WEB_SEARCH
unmute command number 341,UNMUTE
open file number 758,OPEN_FILE
open file number 647,OPEN_FILE
open file number 41,OPEN_FILE
open file number 750,OPEN_FILE
mute command number 86,MUTE
mute command number 885,MUTE
search query number 969,WEB_SEARCH
get time request number 519,GET_TIME
unmute command number 684,UNMUTE
unmute command number 840,UNMUTE
unmute command number 370,UNMUTE
general conversation number 1260,GENERAL_CONVERSATION
general conversation number 75,GENERAL_CONVERSATION
get time request number 877,GET_TIME
unmute command number 185,UNMUTE
get time request number 1311,GET_TIME
get time request number 466,GET_TIME
open file number 677,OPEN_FILE
open file number 186,OPEN_FILE
search query number 1406,WEB_SEARCH
unmute command number 104,UNMUTE
get time request number 239,GET_TIME
open file number 1132,OPEN_FILE
search query number 175,WEB_SEARCH
search query number 1182,WEB_SEARCH
mute command number 180,MUTE
general conversation number 395,GENERAL_CONVERSATION
mute command number 307,MUTE
unmute command number 1254,UNMUTE
open application number 1145,OPEN_APP
open file number 807,OPEN_FILE
mute command number 303,MUTE
unmute command number 1334,UNMUTE
search query number 824,WEB_SEARCH
open file number 1376,OPEN_FILE
mute command number 611,MUTE
get time request number 511,GET_TIME
general conversation number 1085,GENERAL_CONVERSATION
get time request number 763,GET_TIME
open file number 603,OPEN_FILE
general conversation number 478,GENERAL_CONVERSATION
general conversation number 28,GENERAL_CONVERSATION
open application number 973,OPEN_APP
open file number 748,OPEN_FILE
mute command number 477,MUTE
mute command number 627,MUTE
mute command number 675,MUTE
get time request number 850,GET_TIME
open application number 1150,OPEN_APP
unmute command number 859,UNMUTE
search query number 116,WEB_SEARCH
open application number 1412,OPEN_APP
open file number 298,OPEN_FILE
unmute command number 318,UNMUTE
unmute command number 174,UNMUTE
search query number 409,WEB_SEARCH
unmute command number 461,UNMUTE
mute command number 717,MUTE
get time request number 988,GET_TIME
open file number 212,OPEN_FILE
mute command number 739,MUTE
search query number 784,WEB_SEARCH
mute command number 736,MUTE
unmute command number 1133,UNMUTE
search query number 501,WEB_SEARCH
get time request number 514,GET_TIME
unmute command number 1411,UNMUTE
unmute command number 1394,UNMUTE
unmute command number 432,UNMUTE
open file number 356,OPEN_FILE
open file number 741,OPEN_FILE
unmute command number 737,UNMUTE
search query number 388,WEB_SEARCH
get time request number 3,GET_TIME
general conversation number 1302,GENERAL_CONVERSATION
open file number 1283,OPEN_FILE
open application number 172,OPEN_APP
open file number 219,OPEN_FILE
unmute command number 1305,UNMUTE
mute command number 727,MUTE
search query number 446,WEB_SEARCH
general conversation number 406,GENERAL_CONVERSATION
open file number 828,OPEN_FILE
unmute command number 690,UNMUTE
search query number 958,WEB_SEARCH
general conversation number 124,GENERAL_CONVERSATION
mute command number 833,MUTE
get time request number 637,GET_TIME
open file number 1048,OPEN_FILE
search query number 1404,WEB_SEARCH
open application number 1316,OPEN_APP
get time request number 40,GET_TIME
mute command number 1319,MUTE
open application number 1256,OPEN_APP
search query number 663,WEB_SEARCH
open application number 442,OPEN_APP
general conversation number 1047,GENERAL_CONVERSATION
mute command number 1255,MUTE
get time request number 11,GET_TIME
open application number 778,OPEN_APP
general conversation number 1349,GENERAL_CONVERSATION
get time request number 12,GET_TIME
general conversation number 1220,GENERAL_CONVERSATION
general conversation number 250,GENERAL_CONVERSATION
open application number 1286,OPEN_APP
general conversation number 1373,GENERAL_CONVERSATION
open file number 435,OPEN_FILE
open application number 1266,OPEN_APP
mute command number 522,MUTE
search query number 280,WEB_SEARCH
unmute command number 1203,UNMUTE
mute command number 1001,MUTE
mute command number 1382,MUTE
open application number 1023,OPEN_APP
get time request number 1325,GET_TIME
unmute command number 599,UNMUTE
general conversation number 1280,GENERAL_CONVERSATION
general conversation number 1139,GENERAL_CONVERSATION
general conversation number 7,GENERAL_CONVERSATION
open file number 1381,OPEN_FILE
unmute command number 67,UNMUTE
open file number 1174,OPEN_FILE
search query number 393,WEB_SEARCH
get time request number 1416,GET_TIME
search query number 720,WEB_SEARCH
unmute command number 1245,UNMUTE
get time request number 95,GET_TIME
search query number 440,WEB_SEARCH
open application number 733,OPEN_APP
search query number 975,WEB_SEARCH
open file number 627,OPEN_FILE
open file number 1254,OPEN_FILE
mute command number 1291,MUTE
get time request number 435,GET_TIME
open application number 1257,OPEN_APP
mute command number 748,MUTE
get time request number 617,GET_TIME
open file number 96,OPEN_FILE
open application number 366,OPEN_APP
mute command number 1052,MUTE
mute command number 979,MUTE
mute command number 1250,MUTE
get time request number 181,GET_TIME
open application number 927,OPEN_APP
get time request number 1077,GET_TIME
get time request number 897,GET_TIME
mute command number 1122,MUTE
get time request number 1206,GET_TIME
mute command number 621,MUTE
search query number 1310,WEB_SEARCH
open application number 1122,OPEN_APP
get time request number 284,GET_TIME
open file number 584,OPEN_FILE
open application number 593,OPEN_APP
unmute command number 525,UNMUTE
search query number 1362,WEB_SEARCH
general conversation number 1207,GENERAL_CONVERSATION
general conversation number 1330,GENERAL_CONVERSATION
general conversation number 29,GENERAL_CONVERSATION
unmute command number 1359,UNMUTE
search query number 145,WEB_SEARCH
search query number 73,WEB_SEARCH
unmute command number 16,UNMUTE
general conversation number 856,GENERAL_CONVERSATION
unmute command number 1185,UNMUTE
open file number 1070,OPEN_FILE
unmute command number 270,UNMUTE
general conversation number 1344,GENERAL_CONVERSATION
open application number 159,OPEN_APP
get time request number 566,GET_TIME
general conversation number 791,GENERAL_CONVERSATION
search query number 736,WEB_SEARCH
general conversation number 336,GENERAL_CONVERSATION
open application number 513,OPEN_APP
open application number 311,OPEN_APP
search query number 264,WEB_SEARCH
search query number 760,WEB_SEARCH
get time request number 449,GET_TIME
unmute command number 154,UNMUTE
get time request number 266,GET_TIME
search query number 885,WEB_SEARCH
open application number 210,OPEN_APP
open application number 146,OPEN_APP
search query number 1312,WEB_SEARCH
open application number 701,OPEN_APP
general conversation number 88,GENERAL_CONVERSATION
open file number 1231,OPEN_FILE
search query number 435,WEB_SEARCH
get time request number 599,GET_TIME
open file number 826,OPEN_FILE
open application number 1129,OPEN_APP
open file number 1180,OPEN_FILE
get time request number 732,GET_TIME
unmute command number 374,UNMUTE
open application number 719,OPEN_APP
get time request number 650,GET_TIME
get time request number 741,GET_TIME
search query number 473,WEB_SEARCH
general conversation number 1037,GENERAL_CONVERSATION
search query number 1387,WEB_SEARCH
open file number 724,OPEN_FILE
search query number 194,WEB_SEARCH
open application number 100,OPEN_APP
general conversation number 1070,GENERAL_CONVERSATION
get time request number 1267,GET_TIME
mute command number 1066,MUTE
general conversation number 924,GENERAL_CONVERSATION
open application number 1147,OPEN_APP
get time request number 770,GET_TIME
mute command number 1112,MUTE
get time request number 1146,GET_TIME
get time request number 1288,GET_TIME
general conversation number 304,GENERAL_CONVERSATION
search query number 807,WEB_SEARCH
general conversation number 919,GENERAL_CONVERSATION
search query number 707,WEB_SEARCH
unmute command number 566,UNMUTE
general conversation number 861,GENERAL_CONVERSATION
general conversation number 213,GENERAL_CONVERSATION
general conversation number 115,GENERAL_CONVERSATION
general conversation number 310,GENERAL_CONVERSATION
general conversation number 325,GENERAL_CONVERSATION
mute command number 259,MUTE
search query number 721,WEB_SEARCH
open application number 587,OPEN_APP
unmute command number 708,UNMUTE
search query number 359,WEB_SEARCH
unmute command number 726,UNMUTE
search query number 731,WEB_SEARCH
search query number 648,WEB_SEARCH
unmute command number 1385,UNMUTE
general conversation number 773,GENERAL_CONVERSATION
unmute command number 1289,UNMUTE
search query number 573,WEB_SEARCH
general conversation number 941,GENERAL_CONVERSATION
get time request number 237,GET_TIME
search query number 420,WEB_SEARCH
general conversation number 1126,GENERAL_CONVERSATION
open application number 1160,OPEN_APP
open file number 122,OPEN_FILE
general conversation number 893,GENERAL_CONVERSATION
general conversation number 44,GENERAL_CONVERSATION
mute command number 1212,MUTE
search query number 947,WEB_SEARCH
unmute command number 809,UNMUTE
get time request number 1184,GET_TIME
unmute command number 140,UNMUTE
unmute command number 932,UNMUTE
general conversation number 948,GENERAL_CONVERSATION
open application number 630,OPEN_APP
general conversation number 1098,GENERAL_CONVERSATION
open file number 1379,OPEN_FILE
mute command number 1099,MUTE
search query number 524,WEB_SEARCH
open file number 173,OPEN_FILE
unmute command number 176,UNMUTE
general conversation number 1288,GENERAL_CONVERSATION
get time request number 800,GET_TIME
general conversation number 510,GENERAL_CONVERSATION
open application number 291,OPEN_APP
search query number 1233,WEB_SEARCH
open file number 498,OPEN_FILE
search query number 84,WEB_SEARCH
general conversation number 275,GENERAL_CONVERSATION
open application number 250,OPEN_APP
open application number 305,OPEN_APP
open file number 141,OPEN_FILE
unmute command number 605,UNMUTE
general conversation number 977,GENERAL_CONVERSATION
search query number 1236,WEB_SEARCH
unmute command number 573,UNMUTE
unmute command number 1333,UNMUTE
open file number 197,OPEN_FILE
unmute command number 137,UNMUTE
mute command number 46,MUTE
search query number 753,WEB_SEARCH
search query number 848,WEB_SEARCH
search query number 828,WEB_SEARCH
open file number 681,OPEN_FILE
search query number 1003,WEB_SEARCH
general conversation number 810,GENERAL_CONVERSATION
get time request number 510,GET_TIME
open application number 684,OPEN_APP
open application number 787,OPEN_APP
open application number 249,OPEN_APP
open file number 155,OPEN_FILE
mute command number 682,MUTE
general conversation number 950,GENERAL_CONVERSATION
search query number 251,WEB_SEARCH
open file number 88,OPEN_FILE
open application number 695,OPEN_APP
general conversation number 1390,GENERAL_CONVERSATION
search query number 733,WEB_SEARCH
mute command number 968,MUTE
mute command number 310,MUTE
mute command number 993,MUTE
general conversation number 676,GENERAL_CONVERSATION
get time request number 820,GET_TIME
get time request number 860,GET_TIME
unmute command number 983,UNMUTE
open application number 1113,OPEN_APP
mute command number 1423,MUTE
open file number 673,OPEN_FILE
open application number 378,OPEN_APP
search query number 960,WEB_SEARCH
open application number 871,OPEN_APP
mute command number 1049,MUTE
get time request number 839,GET_TIME
get time request number 184,GET_TIME
open file number 1079,OPEN_FILE
search query number 1294,WEB_SEARCH
open application number 1123,OPEN_APP
open application number 234,OPEN_APP
general conversation number 872,GENERAL_CONVERSATION
get time request number 647,GET_TIME
open application number 401,OPEN_APP
open application number 1397,OPEN_APP
open file number 825,OPEN_FILE
open application number 531,OPEN_APP
open application number 294,OPEN_APP
search query number 428,WEB_SEARCH
search query number 196,WEB_SEARCH
mute command number 500,MUTE
open application number 1077,OPEN_APP
get time request number 846,GET_TIME
mute command number 1426,MUTE
open application number 1063,OPEN_APP
search query number 285,WEB_SEARCH
open application number 536,OPEN_APP
open file number 1289,OPEN_FILE
get time request number 722,GET_TIME
unmute command number 1294,UNMUTE
open application number 788,OPEN_APP
mute command number 1398,MUTE
get time request number 665,GET_TIME
mute command number 998,MUTE
open file number 79,OPEN_FILE
search query number 1146,WEB_SEARCH
open application number 231,OPEN_APP
general conversation number 978,GENERAL_CONVERSATION
general conversation number 421,GENERAL_CONVERSATION
open file number 78,OPEN_FILE
general conversation number 521,GENERAL_CONVERSATION
open application number 1383,OPEN_APP
get time request number 563,GET_TIME
general conversation number 356,GENERAL_CONVERSATION
get time request number 183,GET_TIME
search query number 738,WEB_SEARCH
unmute command number 516,UNMUTE
unmute command number 817,UNMUTE
open file number 500,OPEN_FILE
mute command number 464,MUTE
get time request number 883,GET_TIME
general conversation number 799,GENERAL_CONVERSATION
general conversation number 1400,GENERAL_CONVERSATION
get time request number 972,GET_TIME
general conversation number 963,GENERAL_CONVERSATION
search query number 565,WEB_SEARCH
unmute command number 1281,UNMUTE
open application number 1060,OPEN_APP
open file number 198,OPEN_FILE
general conversation number 1265,GENERAL_CONVERSATION
search query number 452,WEB_SEARCH
get time request number 791,GET_TIME
open application number 804,OPEN_APP
get time request number 918,GET_TIME
search query number 488,WEB_SEARCH
open application number 108,OPEN_APP
open application number 79,OPEN_APP
general conversation number 333,GENERAL_CONVERSATION
open file number 1342,OPEN_FILE
general conversation number 983,GENERAL_CONVERSATION
get time request number 1019,GET_TIME
open application number 391,OPEN_APP
general conversation number 464,GENERAL_CONVERSATION
open file number 1157,OPEN_FILE
get time request number 746,GET_TIME
unmute command number 463,UNMUTE
unmute command number 1264,UNMUTE
general conversation number 1149,GENERAL_CONVERSATION
get time request number 1144,GET_TIME
open file number 1051,OPEN_FILE
search query number 519,WEB_SEARCH
mute command number 730,MUTE
get time request number 814,GET_TIME
get time request number 1296,GET_TIME
open application number 157,OPEN_APP
get time request number 818,GET_TIME
open file number 1317,OPEN_FILE
open application number 969,OPEN_APP
get time request number 1054,GET_TIME
open file number 328,OPEN_FILE
search query number 387,WEB_SEARCH
open application number 166,OPEN_APP
open file number 656,OPEN_FILE
general conversation number 599,GENERAL_CONVERSATION
mute command number 185,MUTE
unmute command number 1328,UNMUTE
search query number 480,WEB_SEARCH
search query number 222,WEB_SEARCH
open file number 1264,OPEN_FILE
open file number 908,OPEN_FILE
open file number 137,OPEN_FILE
search query number 1375,WEB_SEARCH
search query number 717,WEB_SEARCH
general conversation number 1395,GENERAL_CONVERSATION
search query number 53,WEB_SEARCH
get time request number 645,GET_TIME
get time request number 6,GET_TIME
mute command number 1341,MUTE
get time request number 699,GET_TIME
general conversation number 1303,GENERAL_CONVERSATION
mute command number 0,MUTE
get time request number 328,GET_TIME
open file number 1389,OPEN_FILE
open file number 19,OPEN_FILE
open application number 1423,OPEN_APP
get time request number 1243,GET_TIME
unmute command number 756,UNMUTE
open application number 395,OPEN_APP
open application number 574,OPEN_APP
open file number 631,OPEN_FILE
open application number 1141,OPEN_APP
search query number 15,WEB_SEARCH
open application number 469,OPEN_APP
unmute command number 802,UNMUTE
search query number 1068,WEB_SEARCH
get time request number 889,GET_TIME
search query number 1388,WEB_SEARCH
general conversation number 775,GENERAL_CONVERSATION
open application number 192,OPEN_APP
mute command number 581,MUTE
open file number 142,OPEN_FILE
search query number 1361,WEB_SEARCH
mute command number 1217,MUTE
mute command number 1152,MUTE
get time request number 1274,GET_TIME
general conversation number 134,GENERAL_CONVERSATION
open file number 105,OPEN_FILE
general conversation number 930,GENERAL_CONVERSATION
general conversation number 969,GENERAL_CONVERSATION
open file number 32,OPEN_FILE
search query number 113,WEB_SEARCH
mute command number 241,MUTE
mute command number 787,MUTE
get time request number 539,GET_TIME
open application number 1180,OPEN_APP
general conversation number 992,GENERAL_CONVERSATION
open application number 822,OPEN_APP
search query number 178,WEB_SEARCH
open application number 565,OPEN_APP
mute command number 114,MUTE
search query number 769,WEB_SEARCH
unmute command number 559,UNMUTE
unmute command number 986,UNMUTE
unmute command number 155,UNMUTE
unmute command number 889,UNMUTE
general conversation number 299,GENERAL_CONVERSATION
mute command number 1238,MUTE
search query number 1134,WEB_SEARCH
open application number 1031,OPEN_APP
mute command number 182,MUTE
open file number 1257,OPEN_FILE
unmute command number 668,UNMUTE
search query number 1334,WEB_SEARCH
general conversation number 151,GENERAL_CONVERSATION
open file number 1420,OPEN_FILE
general conversation number 1404,GENERAL_CONVERSATION
mute command number 1016,MUTE
mute command number 67,MUTE
mute command number 57,MUTE
unmute command number 1022,UNMUTE
open file number 850,OPEN_FILE
get time request number 306,GET_TIME
unmute command number 220,UNMUTE
open file number 1236,OPEN_FILE
open file number 1335,OPEN_FILE
general conversation number 501,GENERAL_CONVERSATION
unmute command number 572,UNMUTE
general conversation number 1073,GENERAL_CONVERSATION
open file number 1077,OPEN_FILE
general conversation number 1040,GENERAL_CONVERSATION
open application number 507,OPEN_APP
search query number 1203,WEB_SEARCH
search query number 1219,WEB_SEARCH
general conversation number 648,GENERAL_CONVERSATION
search query number 279,WEB_SEARCH
general conversation number 834,GENERAL_CONVERSATION
open application number 453,OPEN_APP
unmute command number 120,UNMUTE
open application number 226,OPEN_APP
open application number 550,OPEN_APP
open file number 1113,OPEN_FILE
mute command number 897,MUTE
open file number 502,OPEN_FILE
mute command number 4,MUTE
mute command number 806,MUTE
open file number 1215,OPEN_FILE
mute command number 882,MUTE
get time request number 28,GET_TIME
mute command number 321,MUTE
general conversation number 488,GENERAL_CONVERSATION
get time request number 1330,GET_TIME
search query number 75,WEB_SEARCH
search query number 1282,WEB_SEARCH
open file number 505,OPEN_FILE
search query number 249,WEB_SEARCH
unmute command number 128,UNMUTE
open file number 856,OPEN_FILE
open file number 586,OPEN_FILE
unmute command number 681,UNMUTE
mute command number 196,MUTE
open application number 538,OPEN_APP
unmute command number 112,UNMUTE
mute command number 843,MUTE
get time request number 385,GET_TIME
mute command number 635,MUTE
open file number 1331,OPEN_FILE
mute command number 965,MUTE
open file number 384,OPEN_FILE
search query number 655,WEB_SEARCH
unmute command number 401,UNMUTE
search query number 904,WEB_SEARCH
open file number 876,OPEN_FILE
open application number 1069,OPEN_APP
search query number 952,WEB_SEARCH
open file number 28,OPEN_FILE
unmute command number 21,UNMUTE
open application number 1009,OPEN_APP
search query number 489,WEB_SEARCH
get time request number 75,GET_TIME
mute command number 757,MUTE
search query number 1320,WEB_SEARCH
open application number 1301,OPEN_APP
unmute command number 1361,UNMUTE
general conversation number 282,GENERAL_CONVERSATION
general conversation number 232,GENERAL_CONVERSATION
unmute command number 182,UNMUTE
open application number 972,OPEN_APP
get time request number 1099,GET_TIME
unmute command number 1358,UNMUTE
unmute command number 116,UNMUTE
open file number 297,OPEN_FILE
unmute command number 1142,UNMUTE
unmute command number 558,UNMUTE
open application number 1362,OPEN_APP
open file number 538,OPEN_FILE
mute command number 393,MUTE
mute command number 1121,MUTE
get time request number 1260,GET_TIME
search query number 1158,WEB_SEARCH
open file number 1138,OPEN_FILE
general conversation number 1189,GENERAL_CONVERSATION
open file number 1356,OPEN_FILE
open file number 457,OPEN_FILE
general conversation number 502,GENERAL_CONVERSATION
get time request number 152,GET_TIME
open file number 443,OPEN_FILE
search query number 472,WEB_SEARCH
mute command number 478,MUTE
mute command number 775,MUTE
search query number 891,WEB_SEARCH
open application number 1378,OPEN_APP
search query number 348,WEB_SEARCH
unmute command number 81,UNMUTE
open application number 437,OPEN_APP
mute command number 909,MUTE
mute command number 1315,MUTE
open file number 1366,OPEN_FILE
general conversation number 800,GENERAL_CONVERSATION
search query number 582,WEB_SEARCH
search query number 338,WEB_SEARCH
open file number 1399,OPEN_FILE
unmute command number 934,UNMUTE
open file number 1144,OPEN_FILE
open file number 1032,OPEN_FILE
open application number 837,OPEN_APP
open application number 66,OPEN_APP
open application number 596,OPEN_APP
general conversation number 1003,GENERAL_CONVERSATION
general conversation number 738,GENERAL_CONVERSATION
search query number 93,WEB_SEARCH
open application number 589,OPEN_APP
general conversation number 455,GENERAL_CONVERSATION
mute command number 329,MUTE
mute command number 175,MUTE
search query number 788,WEB_SEARCH
unmute command number 548,UNMUTE
open file number 640,OPEN_FILE
get time request number 971,GET_TIME
general conversation number 621,GENERAL_CONVERSATION
unmute command number 1045,UNMUTE
general conversation number 878,GENERAL_CONVERSATION
open file number 1193,OPEN_FILE
get time request number 1329,GET_TIME
open file number 1318,OPEN_FILE
search query number 1089,WEB_SEARCH
unmute command number 1211,UNMUTE
get time request number 22,GET_TIME
search query number 746,WEB_SEARCH
get time request number 1222,GET_TIME
search query number 110,WEB_SEARCH
mute command number 1057,MUTE
search query number 315,WEB_SEARCH
get time request number 1195,GET_TIME
get time request number 962,GET_TIME
mute command number 1060,MUTE
open application number 1208,OPEN_APP
open file number 150,OPEN_FILE
get time request number 168,GET_TIME
open application number 755,OPEN_APP
open application number 1117,OPEN_APP
general conversation number 910,GENERAL_CONVERSATION
open application number 285,OPEN_APP
open application number 541,OPEN_APP
general conversation number 702,GENERAL_CONVERSATION
mute command number 1409,MUTE
open file number 788,OPEN_FILE
unmute command number 479,UNMUTE
search query number 168,WEB_SEARCH
unmute command number 1271,UNMUTE
open application number 650,OPEN_APP
search query number 1075,WEB_SEARCH
general conversation number 825,GENERAL_CONVERSATION
open application number 21,OPEN_APP
general conversation number 880,GENERAL_CONVERSATION
open application number 641,OPEN_APP
general conversation number 1053,GENERAL_CONVERSATION
unmute command number 959,UNMUTE
open application number 666,OPEN_APP
open file number 1017,OPEN_FILE
open application number 1304,OPEN_APP
mute command number 1062,MUTE
get time request number 942,GET_TIME
unmute command number 618,UNMUTE
open application number 529,OPEN_APP
open application number 616,OPEN_APP
mute command number 418,MUTE
open application number 356,OPEN_APP
general conversation number 237,GENERAL_CONVERSATION
general conversation number 1262,GENERAL_CONVERSATION
open application number 825,OPEN_APP
mute command number 790,MUTE
get time request number 1369,GET_TIME
open file number 39,OPEN_FILE
unmute command number 1132,UNMUTE
open application number 455,OPEN_APP
open file number 555,OPEN_FILE
search query number 1033,WEB_SEARCH
mute command number 874,MUTE
search query number 511,WEB_SEARCH
open file number 1280,OPEN_FILE
mute command number 81,MUTE
open file number 548,OPEN_FILE
general conversation number 803,GENERAL_CONVERSATION
mute command number 800,MUTE
mute command number 149,MUTE
get time request number 965,GET_TIME
search query number 1069,WEB_SEARCH
unmute command number 1262,UNMUTE
get time request number 397,GET_TIME
get time request number 1115,GET_TIME
general conversation number 836,GENERAL_CONVERSATION
mute command number 737,MUTE
mute command number 642,MUTE
open file number 543,OPEN_FILE
mute command number 745,MUTE
open file number 600,OPEN_FILE
open application number 919,OPEN_APP
mute command number 1227,MUTE
general conversation number 628,GENERAL_CONVERSATION
open application number 423,OPEN_APP
open file number 1185,OPEN_FILE
open file number 1047,OPEN_FILE
general conversation number 70,GENERAL_CONVERSATION
open file number 1010,OPEN_FILE
get time request number 27,GET_TIME
open file number 822,OPEN_FILE
mute command number 386,MUTE
search query number 1301,WEB_SEARCH
general conversation number 1124,GENERAL_CONVERSATION
mute command number 490,MUTE
search query number 664,WEB_SEARCH
open application number 283,OPEN_APP
open application number 278,OPEN_APP
mute command number 1417,MUTE
general conversation number 984,GENERAL_CONVERSATION
open file number 1028,OPEN_FILE
open application number 362,OPEN_APP
open file number 1023,OPEN_FILE
unmute command number 803,UNMUTE
unmute command number 758,UNMUTE
unmute command number 1423,UNMUTE
unmute command number 512,UNMUTE
get time request number 518,GET_TIME
search query number 476,WEB_SEARCH
get time request number 738,GET_TIME
unmute command number 689,UNMUTE
general conversation number 1319,GENERAL_CONVERSATION
general conversation number 1249,GENERAL_CONVERSATION
open file number 1410,OPEN_FILE
general conversation number 164,GENERAL_CONVERSATION
search query number 352,WEB_SEARCH
search query number 1020,WEB_SEARCH
get time request number 269,GET_TIME
get time request number 569,GET_TIME
open application number 1297,OPEN_APP
open application number 832,OPEN_APP
search query number 660,WEB_SEARCH
get time request number 107,GET_TIME
general conversation number 793,GENERAL_CONVERSATION
open application number 693,OPEN_APP
mute command number 1103,MUTE
open application number 317,OPEN_APP
unmute command number 87,UNMUTE
search query number 205,WEB_SEARCH
get time request number 1285,GET_TIME
unmute command number 1335,UNMUTE
general conversation number 1309,GENERAL_CONVERSATION
open file number 258,OPEN_FILE
get time request number 661,GET_TIME
mute command number 1241,MUTE
mute command number 1254,MUTE
mute command number 933,MUTE
general conversation number 1062,GENERAL_CONVERSATION
mute command number 560,MUTE
general conversation number 42,GENERAL_CONVERSATION
open file number 217,OPEN_FILE
general conversation number 623,GENERAL_CONVERSATION
get time request number 71,GET_TIME
open application number 553,OPEN_APP
general conversation number 1035,GENERAL_CONVERSATION
mute command number 273,MUTE
mute command number 85,MUTE
open file number 814,OPEN_FILE
get time request number 976,GET_TIME
general conversation number 923,GENERAL_CONVERSATION
search query number 923,WEB_SEARCH
open application number 51,OPEN_APP
search query number 122,WEB_SEARCH
open application number 36,OPEN_APP
get time request number 919,GET_TIME
mute command number 653,MUTE
open application number 1173,OPEN_APP
mute command number 392,MUTE
mute command number 1078,MUTE
open application number 1092,OPEN_APP
general conversation number 808,GENERAL_CONVERSATION
open file number 5,OPEN_FILE
open application number 644,OPEN_APP
unmute command number 637,UNMUTE
open application number 879,OPEN_APP
unmute command number 293,UNMUTE
mute command number 801,MUTE
unmute command number 970,UNMUTE
general conversation number 1065,GENERAL_CONVERSATION
get time request number 15,GET_TIME
get time request number 185,GET_TIME
mute command number 610,MUTE
mute command number 217,MUTE
unmute command number 1206,UNMUTE
mute command number 398,MUTE
open file number 664,OPEN_FILE
open application number 1321,OPEN_APP
mute command number 341,MUTE
get time request number 1011,GET_TIME
search query number 50,WEB_SEARCH
unmute command number 1277,UNMUTE
search query number 1114,WEB_SEARCH
open application number 815,OPEN_APP
search query number 1371,WEB_SEARCH
mute command number 1164,MUTE
get time request number 669,GET_TIME
open application number 492,OPEN_APP
search query number 669,WEB_SEARCH
search query number 1124,WEB_SEARCH
open application number 1083,OPEN_APP
mute command number 1147,MUTE
get time request number 673,GET_TIME
open file number 1081,OPEN_FILE
mute command number 867,MUTE
search query number 643,WEB_SEARCH
mute command number 802,MUTE
general conversation number 1426,GENERAL_CONVERSATION
search query number 229,WEB_SEARCH
unmute command number 751,UNMUTE
open file number 1393,OPEN_FILE
mute command number 916,MUTE
search query number 586,WEB_SEARCH
unmute command number 610,UNMUTE
general conversation number 999,GENERAL_CONVERSATION
open application number 1162,OPEN_APP
mute command number 1258,MUTE
open file number 1019,OPEN_FILE
unmute command number 856,UNMUTE
mute command number 1045,MUTE
open application number 1251,OPEN_APP
unmute command number 1255,UNMUTE
open application number 731,OPEN_APP
unmute command number 981,UNMUTE
open file number 762,OPEN_FILE
unmute command number 145,UNMUTE
search query number 341,WEB_SEARCH
open application number 179,OPEN_APP
open application number 509,OPEN_APP
open application number 235,OPEN_APP
general conversation number 859,GENERAL_CONVERSATION
general conversation number 1298,GENERAL_CONVERSATION
get time request number 687,GET_TIME
search query number 82,WEB_SEARCH
general conversation number 125,GENERAL_CONVERSATION
search query number 1200,WEB_SEARCH
unmute command number 221,UNMUTE
get time request number 1230,GET_TIME
mute command number 1282,MUTE
open application number 671,OPEN_APP
mute command number 1143,MUTE
search query number 1347,WEB_SEARCH
search query number 678,WEB_SEARCH
get time request number 982,GET_TIME
search query number 89,WEB_SEARCH
open file number 849,OPEN_FILE
open file number 2,OPEN_FILE
open application number 629,OPEN_APP
get time request number 968,GET_TIME
get time request number 502,GET_TIME
search query number 455,WEB_SEARCH
general conversation number 845,GENERAL_CONVERSATION
general conversation number 1327,GENERAL_CONVERSATION
get time request number 50,GET_TIME
get time request number 388,GET_TIME
open application number 1121,OPEN_APP
mute command number 1210,MUTE
search query number 295,WEB_SEARCH
mute command number 1240,MUTE
open application number 251,OPEN_APP
search query number 1185,WEB_SEARCH
get time request number 623,GET_TIME
mute command number 1340,MUTE
unmute command number 61,UNMUTE
open file number 431,OPEN_FILE
mute command number 1138,MUTE
mute command number 61,MUTE
search query number 437,WEB_SEARCH
get time request number 717,GET_TIME
mute command number 1297,MUTE
open file number 913,OPEN_FILE
mute command number 953,MUTE
general conversation number 985,GENERAL_CONVERSATION
search query number 639,WEB_SEARCH
open application number 1028,OPEN_APP
general conversation number 469,GENERAL_CONVERSATION
mute command number 623,MUTE
get time request number 538,GET_TIME
mute command number 1410,MUTE
search query number 1029,WEB_SEARCH
get time request number 254,GET_TIME
open file number 129,OPEN_FILE
search query number 1165,WEB_SEARCH
mute command number 590,MUTE
unmute command number 99,UNMUTE
mute command number 419,MUTE
search query number 944,WEB_SEARCH
mute command number 503,MUTE
unmute command number 1084,UNMUTE
get time request number 481,GET_TIME
get time request number 33,GET_TIME
search query number 794,WEB_SEARCH
get time request number 590,GET_TIME
open application number 1088,OPEN_APP
general conversation number 199,GENERAL_CONVERSATION
unmute command number 1058,UNMUTE
general conversation number 986,GENERAL_CONVERSATION
open application number 408,OPEN_APP
search query number 1001,WEB_SEARCH
general conversation number 809,GENERAL_CONVERSATION
open application number 293,OPEN_APP
search query number 187,WEB_SEARCH
unmute command number 324,UNMUTE
mute command number 780,MUTE
general conversation number 630,GENERAL_CONVERSATION
general conversation number 566,GENERAL_CONVERSATION
search query number 951,WEB_SEARCH
open application number 1282,OPEN_APP
open application number 981,OPEN_APP
mute command number 1011,MUTE
unmute command number 301,UNMUTE
search query number 379,WEB_SEARCH
search query number 1306,WEB_SEARCH
search query number 1296,WEB_SEARCH
mute command number 1039,MUTE
get time request number 408,GET_TIME
get time request number 277,GET_TIME
open application number 295,OPEN_APP
open application number 327,OPEN_APP
unmute command number 678,UNMUTE
open application number 964,OPEN_APP
search query number 1241,WEB_SEARCH
mute command number 302,MUTE
open file number 552,OPEN_FILE
open file number 1333,OPEN_FILE
get time request number 742,GET_TIME
search query number 1262,WEB_SEARCH
open application number 1056,OPEN_APP
search query number 832,WEB_SEARCH
unmute command number 146,UNMUTE
mute command number 772,MUTE
unmute command number 1353,UNMUTE
open file number 1206,OPEN_FILE
unmute command number 327,UNMUTE
open file number 143,OPEN_FILE
open application number 186,OPEN_APP
open application number 1226,OPEN_APP
general conversation number 446,GENERAL_CONVERSATION
open file number 765,OPEN_FILE
get time request number 1018,GET_TIME
general conversation number 1229,GENERAL_CONVERSATION
unmute command number 160,UNMUTE
get time request number 788,GET_TIME
general conversation number 822,GENERAL_CONVERSATION
unmute command number 942,UNMUTE
mute command number 763,MUTE
open application number 1326,OPEN_APP
search query number 553,WEB_SEARCH
open file number 18,OPEN_FILE
search query number 1244,WEB_SEARCH
mute command number 221,MUTE
unmute command number 1103,UNMUTE
open file number 1406,OPEN_FILE
get time request number 139,GET_TIME
unmute command number 314,UNMUTE
mute command number 688,MUTE
open application number 940,OPEN_APP
open application number 351,OPEN_APP
open application number 943,OPEN_APP
unmute command number 649,UNMUTE
get time request number 571,GET_TIME
general conversation number 1190,GENERAL_CONVERSATION
mute command number 584,MUTE
mute command number 1064,MUTE
general conversation number 538,GENERAL_CONVERSATION
get time request number 734,GET_TIME
search query number 262,WEB_SEARCH
search query number 447,WEB_SEARCH
mute command number 779,MUTE
general conversation number 341,GENERAL_CONVERSATION
search query number 272,WEB_SEARCH
general conversation number 2,GENERAL_CONVERSATION
open file number 1316,OPEN_FILE
general conversation number 696,GENERAL_CONVERSATION
search query number 396,WEB_SEARCH
general conversation number 280,GENERAL_CONVERSATION
open file number 952,OPEN_FILE
search query number 677,WEB_SEARCH
get time request number 176,GET_TIME
get time request number 983,GET_TIME
open application number 918,OPEN_APP
open application number 1140,OPEN_APP
general conversation number 666,GENERAL_CONVERSATION
open file number 988,OPEN_FILE
search query number 1193,WEB_SEARCH
open file number 812,OPEN_FILE
open file number 580,OPEN_FILE
mute command number 424,MUTE
get time request number 97,GET_TIME
general conversation number 43,GENERAL_CONVERSATION
general conversation number 1370,GENERAL_CONVERSATION
open application number 848,OPEN_APP
unmute command number 475,UNMUTE
unmute command number 350,UNMUTE
open application number 1373,OPEN_APP
mute command number 1116,MUTE
open application number 279,OPEN_APP
get time request number 932,GET_TIME
open application number 1392,OPEN_APP
get time request number 428,GET_TIME
search query number 1181,WEB_SEARCH
open file number 709,OPEN_FILE
mute command number 265,MUTE
search query number 1412,WEB_SEARCH
get time request number 1133,GET_TIME
open application number 219,OPEN_APP
general conversation number 50,GENERAL_CONVERSATION
search query number 1144,WEB_SEARCH
open application number 233,OPEN_APP
get time request number 743,GET_TIME
open application number 227,OPEN_APP
open file number 551,OPEN_FILE
search query number 1049,WEB_SEARCH
open application number 928,OPEN_APP
search query number 632,WEB_SEARCH
general conversation number 87,GENERAL_CONVERSATION
search query number 604,WEB_SEARCH
mute command number 1170,MUTE
search query number 304,WEB_SEARCH
mute command number 557,MUTE
search query number 1178,WEB_SEARCH
get time request number 1389,GET_TIME
open file number 1367,OPEN_FILE
open file number 1194,OPEN_FILE
open application number 1201,OPEN_APP
get time request number 1175,GET_TIME
get time request number 270,GET_TIME
open application number 335,OPEN_APP
get time request number 773,GET_TIME
mute command number 625,MUTE
open application number 298,OPEN_APP
general conversation number 673,GENERAL_CONVERSATION
open file number 1090,OPEN_FILE
mute command number 373,MUTE
unmute command number 761,UNMUTE
general conversation number 781,GENERAL_CONVERSATION
open application number 299,OPEN_APP
general conversation number 1120,GENERAL_CONVERSATION
search query number 1300,WEB_SEARCH
get time request number 864,GET_TIME
search query number 1072,WEB_SEARCH
mute command number 761,MUTE
unmute command number 482,UNMUTE
open file number 1415,OPEN_FILE
open file number 1162,OPEN_FILE
open file number 620,OPEN_FILE
unmute command number 562,UNMUTE
search query number 1074,WEB_SEARCH
open file number 355,OPEN_FILE
open application number 275,OPEN_APP
get time request number 771,GET_TIME
unmute command number 971,UNMUTE
unmute command number 862,UNMUTE
mute command number 1053,MUTE
general conversation number 728,GENERAL_CONVERSATION
unmute command number 60,UNMUTE
open application number 841,OPEN_APP
get time request number 418,GET_TIME
search query number 905,WEB_SEARCH
mute command number 508,MUTE
unmute command number 824,UNMUTE
search query number 213,WEB_SEARCH
open application number 1097,OPEN_APP
general conversation number 517,GENERAL_CONVERSATION
get time request number 201,GET_TIME
get time request number 313,GET_TIME
search query number 215,WEB_SEARCH
mute command number 429,MUTE
open file number 162,OPEN_FILE
general conversation number 624,GENERAL_CONVERSATION
open application number 258,OPEN_APP
mute command number 1285,MUTE
mute command number 473,MUTE
mute command number 377,MUTE
get time request number 1422,GET_TIME
get time request number 1246,GET_TIME
open file number 375,OPEN_FILE
search query number 483,WEB_SEARCH
open file number 676,OPEN_FILE
open file number 286,OPEN_FILE
unmute command number 766,UNMUTE
get time request number 715,GET_TIME
general conversation number 1384,GENERAL_CONVERSATION
open application number 1085,OPEN_APP
unmute command number 178,UNMUTE
open application number 432,OPEN_APP
get time request number 343,GET_TIME
open application number 482,OPEN_APP
unmute command number 1091,UNMUTE
general conversation number 1102,GENERAL_CONVERSATION
general conversation number 654,GENERAL_CONVERSATION
mute command number 1245,MUTE
get time request number 655,GET_TIME
open file number 738,OPEN_FILE
search query number 822,WEB_SEARCH
open application number 286,OPEN_APP
mute command number 399,MUTE
mute command number 1327,MUTE
open application number 1249,OPEN_APP
general conversation number 894,GENERAL_CONVERSATION
open file number 904,OPEN_FILE
open file number 843,OPEN_FILE
general conversation number 1247,GENERAL_CONVERSATION
search query number 1299,WEB_SEARCH
search query number 556,WEB_SEARCH
general conversation number 401,GENERAL_CONVERSATION
open file number 1309,OPEN_FILE
search query number 1204,WEB_SEARCH
mute command number 820,MUTE
general conversation number 15,GENERAL_CONVERSATION
mute command number 371,MUTE
unmute command number 312,UNMUTE
open application number 786,OPEN_APP
get time request number 646,GET_TIME
mute command number 56,MUTE
general conversation number 318,GENERAL_CONVERSATION
mute command number 70,MUTE
open application number 1237,OPEN_APP
get time request number 1318,GET_TIME
open application number 1411,OPEN_APP
unmute command number 671,UNMUTE
mute command number 102,MUTE
general conversation number 1000,GENERAL_CONVERSATION
open application number 726,OPEN_APP
search query number 1052,WEB_SEARCH
mute command number 853,MUTE
unmute command number 287,UNMUTE
open file number 1326,OPEN_FILE
get time request number 523,GET_TIME
unmute command number 1056,UNMUTE
get time request number 1111,GET_TIME
open application number 887,OPEN_APP
mute command number 134,MUTE
unmute command number 900,UNMUTE
open application number 1399,OPEN_APP
mute command number 536,MUTE
unmute command number 65,UNMUTE
open file number 1424,OPEN_FILE
search query number 235,WEB_SEARCH
open application number 622,OPEN_APP
get time request number 1032,GET_TIME
open file number 133,OPEN_FILE
get time request number 1039,GET_TIME
open application number 765,OPEN_APP
general conversation number 717,GENERAL_CONVERSATION
mute command number 1119,MUTE
unmute command number 896,UNMUTE
open application number 959,OPEN_APP
get time request number 1293,GET_TIME
open application number 394,OPEN_APP
get time request number 1404,GET_TIME
search query number 869,WEB_SEARCH
general conversation number 944,GENERAL_CONVERSATION
unmute command number 1202,UNMUTE
general conversation number 1240,GENERAL_CONVERSATION
general conversation number 1171,GENERAL_CONVERSATION
get time request number 993,GET_TIME
open application number 781,OPEN_APP
general conversation number 505,GENERAL_CONVERSATION
search query number 990,WEB_SEARCH
general conversation number 172,GENERAL_CONVERSATION
open file number 840,OPEN_FILE
mute command number 838,MUTE
open file number 619,OPEN_FILE
open file number 945,OPEN_FILE
get time request number 1245,GET_TIME
mute command number 529,MUTE
open application number 61,OPEN_APP
get time request number 1247,GET_TIME
get time request number 719,GET_TIME
open file number 170,OPEN_FILE
mute command number 902,MUTE
search query number 973,WEB_SEARCH
get time request number 1079,GET_TIME
search query number 1386,WEB_SEARCH
get time request number 735,GET_TIME
open application number 1255,OPEN_APP
general conversation number 627,GENERAL_CONVERSATION
open application number 1007,OPEN_APP
open file number 1307,OPEN_FILE
mute command number 999,MUTE
mute command number 1115,MUTE
open file number 1352,OPEN_FILE
mute command number 1280,MUTE
general conversation number 1406,GENERAL_CONVERSATION
unmute command number 1057,UNMUTE
general conversation number 140,GENERAL_CONVERSATION
open file number 1391,OPEN_FILE
unmute command number 41,UNMUTE
mute command number 957,MUTE
open application number 1075,OPEN_APP
general conversation number 678,GENERAL_CONVERSATION
unmute command number 1280,UNMUTE
unmute command number 153,UNMUTE
open file number 589,OPEN_FILE
search query number 635,WEB_SEARCH
general conversation number 68,GENERAL_CONVERSATION
get time request number 1333,GET_TIME
search query number 654,WEB_SEARCH
get time request number 937,GET_TIME
mute command number 288,MUTE
search query number 223,WEB_SEARCH
open file number 1009,OPEN_FILE
mute command number 69,MUTE
general conversation number 160,GENERAL_CONVERSATION
search query number 657,WEB_SEARCH
open file number 52,OPEN_FILE
open application number 1386,OPEN_APP
search query number 727,WEB_SEARCH
open file number 441,OPEN_FILE
open file number 590,OPEN_FILE
get time request number 1178,GET_TIME
get time request number 7,GET_TIME
mute command number 158,MUTE
unmute command number 1401,UNMUTE
general conversation number 1264,GENERAL_CONVERSATION
mute command number 641,MUTE
unmute command number 216,UNMUTE
open application number 486,OPEN_APP
unmute command number 366,UNMUTE
get time request number 169,GET_TIME
get time request number 1134,GET_TIME
search query number 444,WEB_SEARCH
unmute command number 924,UNMUTE
search query number 928,WEB_SEARCH
general conversation number 1356,GENERAL_CONVERSATION
mute command number 163,MUTE
open application number 232,OPEN_APP
get time request number 873,GET_TIME
search query number 703,WEB_SEARCH
unmute command number 882,UNMUTE
get time request number 540,GET_TIME
general conversation number 353,GENERAL_CONVERSATION
unmute command number 706,UNMUTE
general conversation number 492,GENERAL_CONVERSATION
general conversation number 891,GENERAL_CONVERSATION
unmute command number 199,UNMUTE
mute command number 1173,MUTE
open application number 1315,OPEN_APP
open file number 1371,OPEN_FILE
open file number 1130,OPEN_FILE
open application number 81,OPEN_APP
open application number 1361,OPEN_APP
mute command number 96,MUTE
unmute command number 189,UNMUTE
general conversation number 921,GENERAL_CONVERSATION
get time request number 335,GET_TIME
open application number 44,OPEN_APP
get time request number 822,GET_TIME
general conversation number 685,GENERAL_CONVERSATION
mute command number 793,MUTE
search query number 767,WEB_SEARCH
open file number 710,OPEN_FILE
open file number 90,OPEN_FILE
get time request number 345,GET_TIME
unmute command number 317,UNMUTE
mute command number 892,MUTE
open file number 8,OPEN_FILE
get time request number 309,GET_TIME
general conversation number 1049,GENERAL_CONVERSATION
get time request number 1374,GET_TIME
mute command number 325,MUTE
general conversation number 909,GENERAL_CONVERSATION
general conversation number 751,GENERAL_CONVERSATION
open application number 632,OPEN_APP
open application number 1042,OPEN_APP
search query number 377,WEB_SEARCH
unmute command number 696,UNMUTE
open file number 725,OPEN_FILE
mute command number 79,MUTE
get time request number 990,GET_TIME
get time request number 430,GET_TIME
open application number 220,OPEN_APP
open application number 1407,OPEN_APP
unmute command number 274,UNMUTE
mute command number 504,MUTE
get time request number 1162,GET_TIME
search query number 829,WEB_SEARCH
general conversation number 828,GENERAL_CONVERSATION
get time request number 652,GET_TIME
search query number 237,WEB_SEARCH
open file number 469,OPEN_FILE
open file number 223,OPEN_FILE
general conversation number 904,GENERAL_CONVERSATION
unmute command number 379,UNMUTE
general conversation number 848,GENERAL_CONVERSATION
get time request number 13,GET_TIME
search query number 225,WEB_SEARCH
open file number 1125,OPEN_FILE
get time request number 247,GET_TIME
get time request number 98,GET_TIME
open application number 198,OPEN_APP
search query number 281,WEB_SEARCH
open application number 1184,OPEN_APP
search query number 1250,WEB_SEARCH
search query number 191,WEB_SEARCH
open file number 1042,OPEN_FILE
get time request number 1363,GET_TIME
open application number 352,OPEN_APP
open application number 202,OPEN_APP
general conversation number 842,GENERAL_CONVERSATION
open application number 228,OPEN_APP
mute command number 1365,MUTE
open application number 777,OPEN_APP
open application number 840,OPEN_APP
general conversation number 1222,GENERAL_CONVERSATION
open application number 1163,OPEN_APP
open application number 242,OPEN_APP
get time request number 1152,GET_TIME
mute command number 237,MUTE
open application number 706,OPEN_APP
search query number 174,WEB_SEARCH
search query number 1112,WEB_SEARCH
mute command number 861,MUTE
unmute command number 1059,UNMUTE
open file number 771,OPEN_FILE
search query number 322,WEB_SEARCH
unmute command number 201,UNMUTE
search query number 1170,WEB_SEARCH
mute command number 1033,MUTE
general conversation number 889,GENERAL_CONVERSATION
open file number 531,OPEN_FILE
open application number 904,OPEN_APP
mute command number 1019,MUTE
search query number 935,WEB_SEARCH
open application number 1153,OPEN_APP
open file number 184,OPEN_FILE
mute command number 835,MUTE
open application number 579,OPEN_APP
search query number 1147,WEB_SEARCH
open file number 203,OPEN_FILE
open file number 984,OPEN_FILE
open application number 147,OPEN_APP
unmute command number 488,UNMUTE
get time request number 1353,GET_TIME
open application number 1313,OPEN_APP
open file number 74,OPEN_FILE
open file number 816,OPEN_FILE
mute command number 587,MUTE
get time request number 145,GET_TIME
get time request number 1192,GET_TIME
open application number 607,OPEN_APP
search query number 513,WEB_SEARCH
mute command number 72,MUTE
unmute command number 1123,UNMUTE
mute command number 813,MUTE
general conversation number 1008,GENERAL_CONVERSATION
get time request number 1388,GET_TIME
general conversation number 1181,GENERAL_CONVERSATION
get time request number 137,GET_TIME
general conversation number 990,GENERAL_CONVERSATION
general conversation number 500,GENERAL_CONVERSATION
open file number 777,OPEN_FILE
get time request number 353,GET_TIME
open application number 571,OPEN_APP
open file number 1344,OPEN_FILE
general conversation number 1283,GENERAL_CONVERSATION
search query number 925,WEB_SEARCH
mute command number 593,MUTE
general conversation number 625,GENERAL_CONVERSATION
open application number 115,OPEN_APP
unmute command number 1327,UNMUTE
unmute command number 771,UNMUTE
unmute command number 39,UNMUTE
get time request number 1064,GET_TIME
open application number 267,OPEN_APP
open file number 290,OPEN_FILE
open application number 1000,OPEN_APP
get time request number 702,GET_TIME
get time request number 995,GET_TIME
general conversation number 158,GENERAL_CONVERSATION
open application number 637,OPEN_APP
mute command number 1323,MUTE
open application number 709,OPEN_APP
open application number 1360,OPEN_APP
get time request number 1301,GET_TIME
unmute command number 183,UNMUTE
open application number 1154,OPEN_APP
unmute command number 335,UNMUTE
general conversation number 634,GENERAL_CONVERSATION
search query number 1055,WEB_SEARCH
open file number 912,OPEN_FILE
search query number 647,WEB_SEARCH
get time request number 663,GET_TIME
general conversation number 824,GENERAL_CONVERSATION
open file number 862,OPEN_FILE
general conversation number 1238,GENERAL_CONVERSATION
unmute command number 661,UNMUTE
search query number 1064,WEB_SEARCH
unmute command number 870,UNMUTE
mute command number 1267,MUTE
open application number 71,OPEN_APP
get time request number 1078,GET_TIME
search query number 510,WEB_SEARCH
search query number 1015,WEB_SEARCH
general conversation number 784,GENERAL_CONVERSATION
get time request number 950,GET_TIME
open file number 774,OPEN_FILE
open file number 275,OPEN_FILE
open file number 347,OPEN_FILE
unmute command number 754,UNMUTE
unmute command number 497,UNMUTE
mute command number 1289,MUTE
open application number 1001,OPEN_APP
open application number 672,OPEN_APP
open file number 1385,OPEN_FILE
search query number 305,WEB_SEARCH
mute command number 1339,MUTE
open application number 45,OPEN_APP
get time request number 58,GET_TIME
general conversation number 526,GENERAL_CONVERSATION
open file number 167,OPEN_FILE
unmute command number 1117,UNMUTE
unmute command number 1239,UNMUTE
unmute command number 1157,UNMUTE
unmute command number 40,UNMUTE
general conversation number 703,GENERAL_CONVERSATION
search query number 1373,WEB_SEARCH
general conversation number 327,GENERAL_CONVERSATION
open application number 878,OPEN_APP
open application number 955,OPEN_APP
open file number 1115,OPEN_FILE
open application number 621,OPEN_APP
open file number 990,OPEN_FILE
open file number 1177,OPEN_FILE
mute command number 1224,MUTE
open application number 201,OPEN_APP
mute command number 694,MUTE
get time request number 872,GET_TIME
get time request number 218,GET_TIME
unmute command number 1303,UNMUTE
mute command number 1007,MUTE
general conversation number 5,GENERAL_CONVERSATION
unmute command number 730,UNMUTE
unmute command number 347,UNMUTE
mute command number 976,MUTE
get time request number 775,GET_TIME
get time request number 1401,GET_TIME
mute command number 411,MUTE
mute command number 433,MUTE
general conversation number 1316,GENERAL_CONVERSATION
mute command number 274,MUTE
unmute command number 551,UNMUTE
open file number 130,OPEN_FILE
unmute command number 877,UNMUTE
unmute command number 638,UNMUTE
unmute command number 620,UNMUTE
unmute command number 502,UNMUTE
unmute command number 238,UNMUTE
general conversation number 1170,GENERAL_CONVERSATION
get time request number 974,GET_TIME
search query number 545,WEB_SEARCH
open file number 1278,OPEN_FILE
get time request number 198,GET_TIME
unmute command number 1406,UNMUTE
mute command number 832,MUTE
open application number 1267,OPEN_APP
search query number 1264,WEB_SEARCH
get time request number 1273,GET_TIME
open application number 705,OPEN_APP
open application number 953,OPEN_APP
open application number 1275,OPEN_APP
get time request number 1053,GET_TIME
open file number 770,OPEN_FILE
get time request number 886,GET_TIME
get time request number 1313,GET_TIME
mute command number 645,MUTE
get time request number 92,GET_TIME
unmute command number 552,UNMUTE
general conversation number 187,GENERAL_CONVERSATION
open file number 847,OPEN_FILE
open application number 1188,OPEN_APP
unmute command number 604,UNMUTE
mute command number 1186,MUTE
general conversation number 739,GENERAL_CONVERSATION
open file number 882,OPEN_FILE
open file number 1169,OPEN_FILE
general conversation number 1054,GENERAL_CONVERSATION
search query number 327,WEB_SEARCH
search query number 11,WEB_SEARCH
unmute command number 1380,UNMUTE
search query number 1276,WEB_SEARCH
open file number 1128,OPEN_FILE
get time request number 691,GET_TIME
search query number 1277,WEB_SEARCH
general conversation number 796,GENERAL_CONVERSATION
open application number 986,OPEN_APP
open application number 402,OPEN_APP
get time request number 522,GET_TIME
open application number 761,OPEN_APP
general conversation number 642,GENERAL_CONVERSATION
mute command number 276,MUTE
open application number 332,OPEN_APP
mute command number 1107,MUTE
unmute command number 749,UNMUTE
general conversation number 338,GENERAL_CONVERSATION
mute command number 309,MUTE
general conversation number 563,GENERAL_CONVERSATION
mute command number 162,MUTE
mute command number 299,MUTE
search query number 430,WEB_SEARCH
mute command number 21,MUTE
get time request number 622,GET_TIME
open file number 247,OPEN_FILE
open file number 128,OPEN_FILE
search query number 115,WEB_SEARCH
general conversation number 926,GENERAL_CONVERSATION
open file number 1137,OPEN_FILE
open file number 1312,OPEN_FILE
unmute command number 1233,UNMUTE
search query number 183,WEB_SEARCH
mute command number 1050,MUTE
open file number 131,OPEN_FILE
open application number 103,OPEN_APP
unmute command number 291,UNMUTE
open application number 11,OPEN_APP
get time request number 1001,GET_TIME
get time request number 222,GET_TIME
open file number 1109,OPEN_FILE
mute command number 1155,MUTE
mute command number 437,MUTE
unmute command number 1276,UNMUTE
mute command number 47,MUTE
get time request number 1359,GET_TIME
unmute command number 775,UNMUTE
mute command number 923,MUTE
open application number 137,OPEN_APP
search query number 1030,WEB_SEARCH
general conversation number 274,GENERAL_CONVERSATION
mute command number 394,MUTE
get time request number 787,GET_TIME
get time request number 1047,GET_TIME
get time request number 1352,GET_TIME
open application number 193,OPEN_APP
open application number 368,OPEN_APP
open file number 688,OPEN_FILE
open file number 1261,OPEN_FILE
open file number 754,OPEN_FILE
unmute command number 1268,UNMUTE
search query number 107,WEB_SEARCH
general conversation number 192,GENERAL_CONVERSATION
open application number 652,OPEN_APP
general conversation number 359,GENERAL_CONVERSATION
open application number 217,OPEN_APP
mute command number 799,MUTE
unmute command number 31,UNMUTE
general conversation number 1130,GENERAL_CONVERSATION
open application number 353,OPEN_APP
open application number 200,OPEN_APP
general conversation number 1353,GENERAL_CONVERSATION
open file number 663,OPEN_FILE
open file number 1002,OPEN_FILE
get time request number 369,GET_TIME
open file number 626,OPEN_FILE
open application number 398,OPEN_APP
search query number 336,WEB_SEARCH
general conversation number 1308,GENERAL_CONVERSATION
unmute command number 490,UNMUTE
unmute command number 19,UNMUTE
general conversation number 875,GENERAL_CONVERSATION
get time request number 668,GET_TIME
open file number 732,OPEN_FILE
open application number 1044,OPEN_APP
mute command number 639,MUTE
search query number 486,WEB_SEARCH
unmute command number 763,UNMUTE
mute command number 1082,MUTE
search query number 1286,WEB_SEARCH
search query number 210,WEB_SEARCH
mute command number 236,MUTE
open application number 657,OPEN_APP
open file number 917,OPEN_FILE
general conversation number 831,GENERAL_CONVERSATION
get time request number 150,GET_TIME
open application number 415,OPEN_APP
get time request number 109,GET_TIME
get time request number 409,GET_TIME
search query number 101,WEB_SEARCH
get time request number 1270,GET_TIME
mute command number 15,MUTE
search query number 554,WEB_SEARCH
search query number 1141,WEB_SEARCH
unmute command number 1139,UNMUTE
open application number 691,OPEN_APP
get time request number 182,GET_TIME
mute command number 1331,MUTE
open application number 28,OPEN_APP
open file number 6,OPEN_FILE
search query number 330,WEB_SEARCH
unmute command number 52,UNMUTE
unmute command number 338,UNMUTE
unmute command number 1010,UNMUTE
general conversation number 407,GENERAL_CONVERSATION
open file number 352,OPEN_FILE
get time request number 857,GET_TIME
general conversation number 967,GENERAL_CONVERSATION
unmute command number 1403,UNMUTE
unmute command number 738,UNMUTE
open application number 421,OPEN_APP
get time request number 1326,GET_TIME
open application number 1052,OPEN_APP
open application number 836,OPEN_APP
general conversation number 448,GENERAL_CONVERSATION
unmute command number 534,UNMUTE
open file number 819,OPEN_FILE
general conversation number 1162,GENERAL_CONVERSATION
open file number 1346,OPEN_FILE
open file number 1011,OPEN_FILE
search query number 1161,WEB_SEARCH
general conversation number 1208,GENERAL_CONVERSATION
open application number 1259,OPEN_APP
search query number 466,WEB_SEARCH
unmute command number 874,UNMUTE
mute command number 1328,MUTE
mute command number 1372,MUTE
open application number 42,OPEN_APP
general conversation number 1337,GENERAL_CONVERSATION
general conversation number 233,GENERAL_CONVERSATION
open file number 1262,OPEN_FILE
get time request number 100,GET_TIME
unmute command number 597,UNMUTE
mute command number 246,MUTE
search query number 453,WEB_SEARCH
open application number 546,OPEN_APP
unmute command number 1330,UNMUTE
open file number 447,OPEN_FILE
mute command number 668,MUTE
get time request number 1,GET_TIME
open application number 1393,OPEN_APP
unmute command number 331,UNMUTE
general conversation number 1417,GENERAL_CONVERSATION
get time request number 23,GET_TIME
open application number 1090,OPEN_APP
open file number 387,OPEN_FILE
general conversation number 641,GENERAL_CONVERSATION
open application number 225,OPEN_APP
mute command number 1330,MUTE
unmute command number 43,UNMUTE
general conversation number 445,GENERAL_CONVERSATION
open application number 830,OPEN_APP
unmute command number 1179,UNMUTE
mute command number 220,MUTE
general conversation number 388,GENERAL_CONVERSATION
unmute command number 1226,UNMUTE
get time request number 1281,GET_TIME
mute command number 295,MUTE
open file number 880,OPEN_FILE
mute command number 548,MUTE
get time request number 1275,GET_TIME
open file number 1383,OPEN_FILE
search query number 985,WEB_SEARCH
unmute command number 462,UNMUTE
mute command number 826,MUTE
get time request number 1117,GET_TIME
get time request number 863,GET_TIME
search query number 149,WEB_SEARCH
search query number 1316,WEB_SEARCH
general conversation number 8,GENERAL_CONVERSATION
get time request number 334,GET_TIME
search query number 239,WEB_SEARCH
mute command number 249,MUTE
mute command number 523,MUTE
search query number 422,WEB_SEARCH
mute command number 1307,MUTE
search query number 503,WEB_SEARCH
mute command number 1139,MUTE
open file number 1226,OPEN_FILE
mute command number 1366,MUTE
unmute command number 898,UNMUTE
general conversation number 453,GENERAL_CONVERSATION
mute command number 1283,MUTE
open application number 942,OPEN_APP
open application number 32,OPEN_APP
unmute command number 302,UNMUTE
general conversation number 64,GENERAL_CONVERSATION
unmute command number 384,UNMUTE
get time request number 1371,GET_TIME
general conversation number 626,GENERAL_CONVERSATION
mute command number 363,MUTE
get time request number 411,GET_TIME
mute command number 664,MUTE
unmute command number 1033,UNMUTE
open file number 1423,OPEN_FILE
open application number 487,OPEN_APP
open application number 877,OPEN_APP
mute command number 178,MUTE
get time request number 1131,GET_TIME
search query number 560,WEB_SEARCH
unmute command number 1199,UNMUTE
mute command number 839,MUTE
open file number 963,OPEN_FILE
search query number 1019,WEB_SEARCH
open file number 307,OPEN_FILE
general conversation number 63,GENERAL_CONVERSATION
mute command number 634,MUTE
get time request number 917,GET_TIME
general conversation number 120,GENERAL_CONVERSATION
get time request number 1224,GET_TIME
unmute command number 254,UNMUTE
open application number 84,OPEN_APP
search query number 182,WEB_SEARCH
open file number 534,OPEN_FILE
unmute command number 1067,UNMUTE
unmute command number 288,UNMUTE
unmute command number 508,UNMUTE
general conversation number 514,GENERAL_CONVERSATION
open application number 970,OPEN_APP
open application number 934,OPEN_APP
open file number 987,OPEN_FILE
get time request number 1335,GET_TIME
open application number 746,OPEN_APP
search query number 441,WEB_SEARCH
unmute command number 1365,UNMUTE
get time request number 1310,GET_TIME
mute command number 1063,MUTE
unmute command number 897,UNMUTE
get time request number 994,GET_TIME
get time request number 1316,GET_TIME
open file number 1334,OPEN_FILE
open application number 64,OPEN_APP
search query number 1356,WEB_SEARCH
open application number 1334,OPEN_APP
get time request number 153,GET_TIME
unmute command number 838,UNMUTE
general conversation number 155,GENERAL_CONVERSATION
search query number 1125,WEB_SEARCH
mute command number 170,MUTE
open file number 390,OPEN_FILE
general conversation number 184,GENERAL_CONVERSATION
unmute command number 770,UNMUTE
unmute command number 794,UNMUTE
mute command number 482,MUTE
mute command number 404,MUTE
open file number 1284,OPEN_FILE
open file number 660,OPEN_FILE
search query number 1179,WEB_SEARCH
open application number 1098,OPEN_APP
open file number 737,OPEN_FILE
unmute command number 1020,UNMUTE
mute command number 491,MUTE
unmute command number 666,UNMUTE
search query number 932,WEB_SEARCH
mute command number 631,MUTE
open application number 1206,OPEN_APP
open file number 50,OPEN_FILE
mute command number 389,MUTE
search query number 1291,WEB_SEARCH
search query number 397,WEB_SEARCH
general conversation number 1127,GENERAL_CONVERSATION
open application number 1209,OPEN_APP
mute command number 40,MUTE
mute command number 1072,MUTE
search query number 611,WEB_SEARCH
get time request number 232,GET_TIME
open application number 992,OPEN_APP
unmute command number 570,UNMUTE
mute command number 253,MUTE
get time request number 558,GET_TIME
open application number 1402,OPEN_APP
general conversation number 148,GENERAL_CONVERSATION
get time request number 1279,GET_TIME
get time request number 830,GET_TIME
search query number 712,WEB_SEARCH
open file number 593,OPEN_FILE
open application number 1246,OPEN_APP
open application number 985,OPEN_APP
open file number 1166,OPEN_FILE
mute command number 895,MUTE
open file number 560,OPEN_FILE
get time request number 861,GET_TIME
open application number 1222,OPEN_APP
open file number 1003,OPEN_FILE
search query number 858,WEB_SEARCH
open application number 1302,OPEN_APP
search query number 207,WEB_SEARCH
open application number 1343,OPEN_APP
get time request number 760,GET_TIME
general conversation number 1092,GENERAL_CONVERSATION
unmute command number 484,UNMUTE
open application number 979,OPEN_APP
search query number 870,WEB_SEARCH
open file number 350,OPEN_FILE
search query number 689,WEB_SEARCH
unmute command number 83,UNMUTE
search query number 1195,WEB_SEARCH
get time request number 1149,GET_TIME
get time request number 67,GET_TIME
open application number 257,OPEN_APP
open application number 428,OPEN_APP
search query number 177,WEB_SEARCH
unmute command number 458,UNMUTE
open file number 234,OPEN_FILE
open file number 27,OPEN_FILE
open file number 277,OPEN_FILE
mute command number 1320,MUTE
search query number 1426,WEB_SEARCH
general conversation number 352,GENERAL_CONVERSATION
general conversation number 18,GENERAL_CONVERSATION
open application number 38,OPEN_APP
search query number 137,WEB_SEARCH
unmute command number 49,UNMUTE
general conversation number 425,GENERAL_CONVERSATION
general conversation number 278,GENERAL_CONVERSATION
get time request number 1005,GET_TIME
open application number 43,OPEN_APP
get time request number 241,GET_TIME
get time request number 60,GET_TIME
get time request number 1022,GET_TIME
open application number 248,OPEN_APP
search query number 722,WEB_SEARCH
general conversation number 604,GENERAL_CONVERSATION
mute command number 48,MUTE
mute command number 1359,MUTE
get time request number 504,GET_TIME
mute command number 1416,MUTE
general conversation number 1271,GENERAL_CONVERSATION
open application number 222,OPEN_APP
mute command number 1169,MUTE
unmute command number 975,UNMUTE
general conversation number 66,GENERAL_CONVERSATION
get time request number 789,GET_TIME
open file number 562,OPEN_FILE
open application number 1405,OPEN_APP
open application number 583,OPEN_APP
open application number 1169,OPEN_APP
general conversation number 633,GENERAL_CONVERSATION
general conversation number 386,GENERAL_CONVERSATION
get time request number 245,GET_TIME
search query number 1343,WEB_SEARCH
get time request number 1060,GET_TIME
unmute command number 528,UNMUTE
mute command number 1198,MUTE
get time request number 1259,GET_TIME
get time request number 933,GET_TIME
general conversation number 1416,GENERAL_CONVERSATION
general conversation number 1209,GENERAL_CONVERSATION
get time request number 527,GET_TIME
unmute command number 1351,UNMUTE
mute command number 441,MUTE
mute command number 1178,MUTE
general conversation number 1363,GENERAL_CONVERSATION
unmute command number 381,UNMUTE
open file number 617,OPEN_FILE
search query number 750,WEB_SEARCH
search query number 286,WEB_SEARCH
get time request number 1348,GET_TIME
open application number 496,OPEN_APP
search query number 497,WEB_SEARCH
unmute command number 493,UNMUTE
open file number 601,OPEN_FILE
get time request number 575,GET_TIME
mute command number 164,MUTE
open application number 551,OPEN_APP
get time request number 815,GET_TIME
unmute command number 1416,UNMUTE
get time request number 834,GET_TIME
open file number 444,OPEN_FILE
unmute command number 365,UNMUTE
unmute command number 1295,UNMUTE
mute command number 777,MUTE
open application number 175,OPEN_APP
open file number 537,OPEN_FILE
search query number 1313,WEB_SEARCH
open file number 786,OPEN_FILE
get time request number 842,GET_TIME
general conversation number 752,GENERAL_CONVERSATION
mute command number 788,MUTE
general conversation number 424,GENERAL_CONVERSATION
get time request number 374,GET_TIME
open file number 305,OPEN_FILE
unmute command number 474,UNMUTE
mute command number 1025,MUTE
open file number 244,OPEN_FILE
general conversation number 901,GENERAL_CONVERSATION
general conversation number 1050,GENERAL_CONVERSATION
mute command number 918,MUTE
get time request number 1255,GET_TIME
get time request number 77,GET_TIME
get time request number 611,GET_TIME
get time request number 123,GET_TIME
get time request number 51,GET_TIME
open file number 504,OPEN_FILE
general conversation number 720,GENERAL_CONVERSATION
open file number 1359,OPEN_FILE
open application number 1066,OPEN_APP
unmute command number 994,UNMUTE
search query number 20,WEB_SEARCH
open application number 924,OPEN_APP
search query number 986,WEB_SEARCH
search query number 94,WEB_SEARCH
unmute command number 418,UNMUTE
general conversation number 516,GENERAL_CONVERSATION
open file number 968,OPEN_FILE
general conversation number 113,GENERAL_CONVERSATION
search query number 1218,WEB_SEARCH
search query number 1411,WEB_SEARCH
open application number 1365,OPEN_APP
open application number 1308,OPEN_APP
open application number 737,OPEN_APP
open application number 15,OPEN_APP
get time request number 416,GET_TIME
get time request number 26,GET_TIME
search query number 972,WEB_SEARCH
general conversation number 994,GENERAL_CONVERSATION
unmute command number 53,UNMUTE
mute command number 2,MUTE
search query number 823,WEB_SEARCH
general conversation number 1295,GENERAL_CONVERSATION
general conversation number 777,GENERAL_CONVERSATION
open file number 1411,OPEN_FILE
open file number 83,OPEN_FILE
mute command number 340,MUTE
open file number 1114,OPEN_FILE
open file number 81,OPEN_FILE
open application number 1091,OPEN_APP
general conversation number 987,GENERAL_CONVERSATION
mute command number 435,MUTE
get time request number 959,GET_TIME
search query number 918,WEB_SEARCH
mute command number 1204,MUTE
search query number 342,WEB_SEARCH
mute command number 168,MUTE
open file number 368,OPEN_FILE
open file number 248,OPEN_FILE
get time request number 1344,GET_TIME
general conversation number 837,GENERAL_CONVERSATION
search query number 816,WEB_SEARCH
search query number 302,WEB_SEARCH
open file number 396,OPEN_FILE
mute command number 638,MUTE
mute command number 1380,MUTE
search query number 1094,WEB_SEARCH
mute command number 889,MUTE
search query number 61,WEB_SEARCH
open application number 324,OPEN_APP
search query number 34,WEB_SEARCH
get time request number 1204,GET_TIME
open file number 979,OPEN_FILE
open file number 1204,OPEN_FILE
mute command number 1218,MUTE
get time request number 482,GET_TIME
mute command number 1079,MUTE
get time request number 682,GET_TIME
open file number 766,OPEN_FILE
unmute command number 100,UNMUTE
mute command number 1142,MUTE
open file number 84,OPEN_FILE
general conversation number 1312,GENERAL_CONVERSATION
search query number 531,WEB_SEARCH
open application number 1258,OPEN_APP
search query number 1259,WEB_SEARCH
mute command number 910,MUTE
open application number 464,OPEN_APP
general conversation number 1088,GENERAL_CONVERSATION
unmute command number 1251,UNMUTE
search query number 1105,WEB_SEARCH
open file number 1288,OPEN_FILE
open file number 1083,OPEN_FILE
unmute command number 71,UNMUTE
search query number 1208,WEB_SEARCH
search query number 171,WEB_SEARCH
open application number 1417,OPEN_APP
get time request number 1380,GET_TIME
search query number 462,WEB_SEARCH
open file number 1158,OPEN_FILE
open application number 681,OPEN_APP
mute command number 1005,MUTE
open file number 784,OPEN_FILE
open application number 260,OPEN_APP
general conversation number 400,GENERAL_CONVERSATION
open application number 594,OPEN_APP
unmute command number 50,UNMUTE
general conversation number 426,GENERAL_CONVERSATION
search query number 293,WEB_SEARCH
search query number 884,WEB_SEARCH
open application number 1059,OPEN_APP
get time request number 171,GET_TIME
unmute command number 200,UNMUTE
unmute command number 785,UNMUTE
unmute command number 470,UNMUTE
search query number 169,WEB_SEARCH
search query number 772,WEB_SEARCH
get time request number 146,GET_TIME
get time request number 764,GET_TIME
mute command number 1290,MUTE
get time request number 116,GET_TIME
open file number 654,OPEN_FILE
get time request number 709,GET_TIME
unmute command number 827,UNMUTE
unmute command number 1029,UNMUTE
search query number 724,WEB_SEARCH
mute command number 450,MUTE
open application number 522,OPEN_APP
unmute command number 250,UNMUTE
general conversation number 668,GENERAL_CONVERSATION
mute command number 516,MUTE
search query number 200,WEB_SEARCH
open file number 804,OPEN_FILE
open application number 817,OPEN_APP
general conversation number 1334,GENERAL_CONVERSATION
get time request number 1072,GET_TIME
general conversation number 682,GENERAL_CONVERSATION
unmute command number 778,UNMUTE
open application number 1032,OPEN_APP
open application number 901,OPEN_APP
open application number 1095,OPEN_APP
unmute command number 84,UNMUTE
unmute command number 387,UNMUTE
open file number 1382,OPEN_FILE
unmute command number 308,UNMUTE
search query number 118,WEB_SEARCH
mute command number 320,MUTE
general conversation number 126,GENERAL_CONVERSATION
open application number 829,OPEN_APP
open application number 771,OPEN_APP
open application number 1287,OPEN_APP
mute command number 762,MUTE
mute command number 855,MUTE
general conversation number 1346,GENERAL_CONVERSATION
general conversation number 1399,GENERAL_CONVERSATION
general conversation number 591,GENERAL_CONVERSATION
open file number 1031,OPEN_FILE
search query number 623,WEB_SEARCH
search query number 982,WEB_SEARCH
open file number 1060,OPEN_FILE
mute command number 126,MUTE
general conversation number 1095,GENERAL_CONVERSATION
get time request number 825,GET_TIME
general conversation number 577,GENERAL_CONVERSATION
mute command number 286,MUTE
open application number 1022,OPEN_APP
general conversation number 1158,GENERAL_CONVERSATION
general conversation number 376,GENERAL_CONVERSATION
unmute command number 1000,UNMUTE
open application number 682,OPEN_APP
open application number 899,OPEN_APP
open application number 18,OPEN_APP
unmute command number 468,UNMUTE
open file number 359,OPEN_FILE
get time request number 703,GET_TIME
get time request number 676,GET_TIME
open application number 741,OPEN_APP
mute command number 689,MUTE
open application number 46,OPEN_APP
open application number 268,OPEN_APP
open file number 36,OPEN_FILE
unmute command number 1427,UNMUTE
search query number 552,WEB_SEARCH
unmute command number 724,UNMUTE
unmute command number 446,UNMUTE
open application number 167,OPEN_APP
mute command number 1131,MUTE
general conversation number 1115,GENERAL_CONVERSATION
search query number 533,WEB_SEARCH
open application number 567,OPEN_APP
open file number 536,OPEN_FILE
open file number 595,OPEN_FILE
general conversation number 132,GENERAL_CONVERSATION
get time request number 1159,GET_TIME
general conversation number 1064,GENERAL_CONVERSATION
general conversation number 763,GENERAL_CONVERSATION
open application number 152,OPEN_APP
search query number 690,WEB_SEARCH
search query number 1223,WEB_SEARCH
search query number 433,WEB_SEARCH
general conversation number 640,GENERAL_CONVERSATION
search query number 842,WEB_SEARCH
unmute command number 581,UNMUTE
general conversation number 617,GENERAL_CONVERSATION
open application number 1381,OPEN_APP
open application number 913,OPEN_APP
general conversation number 221,GENERAL_CONVERSATION
unmute command number 804,UNMUTE
open application number 713,OPEN_APP
search query number 1079,WEB_SEARCH
search query number 715,WEB_SEARCH
get time request number 311,GET_TIME
mute command number 588,MUTE
open file number 1413,OPEN_FILE
mute command number 792,MUTE
unmute command number 1222,UNMUTE
unmute command number 886,UNMUTE
mute command number 481,MUTE
search query number 125,WEB_SEARCH
mute command number 556,MUTE
unmute command number 1065,UNMUTE
general conversation number 564,GENERAL_CONVERSATION
search query number 1326,WEB_SEARCH
mute command number 1304,MUTE
open application number 346,OPEN_APP
mute command number 698,MUTE
search query number 80,WEB_SEARCH
mute command number 1161,MUTE
search query number 676,WEB_SEARCH
get time request number 1248,GET_TIME
open file number 870,OPEN_FILE
get time request number 810,GET_TIME
unmute command number 703,UNMUTE
search query number 1009,WEB_SEARCH
get time request number 619,GET_TIME
mute command number 1207,MUTE
mute command number 119,MUTE
unmute command number 343,UNMUTE
open file number 1015,OPEN_FILE
search query number 1070,WEB_SEARCH
search query number 751,WEB_SEARCH
search query number 961,WEB_SEARCH
get time request number 541,GET_TIME
open application number 1198,OPEN_APP
mute command number 598,MUTE
open application number 397,OPEN_APP
mute command number 1013,MUTE
search query number 505,WEB_SEARCH
general conversation number 470,GENERAL_CONVERSATION
open application number 819,OPEN_APP
general conversation number 104,GENERAL_CONVERSATION
open application number 48,OPEN_APP
open file number 730,OPEN_FILE
general conversation number 776,GENERAL_CONVERSATION
mute command number 1302,MUTE
general conversation number 235,GENERAL_CONVERSATION
general conversation number 596,GENERAL_CONVERSATION
open file number 1228,OPEN_FILE
mute command number 566,MUTE
unmute command number 234,UNMUTE
mute command number 1303,MUTE
general conversation number 22,GENERAL_CONVERSATION
unmute command number 1130,UNMUTE
search query number 796,WEB_SEARCH
general conversation number 817,GENERAL_CONVERSATION
unmute command number 823,UNMUTE
open application number 667,OPEN_APP
get time request number 197,GET_TIME
open file number 1034,OPEN_FILE
get time request number 807,GET_TIME
open file number 402,OPEN_FILE
mute command number 782,MUTE
general conversation number 847,GENERAL_CONVERSATION
get time request number 484,GET_TIME
general conversation number 1194,GENERAL_CONVERSATION
search query number 378,WEB_SEARCH
unmute command number 1159,UNMUTE
general conversation number 812,GENERAL_CONVERSATION
search query number 317,WEB_SEARCH
open application number 894,OPEN_APP
general conversation number 309,GENERAL_CONVERSATION
open file number 841,OPEN_FILE
mute command number 596,MUTE
mute command number 1191,MUTE
search query number 1400,WEB_SEARCH
mute command number 876,MUTE
unmute command number 1234,UNMUTE
general conversation number 1322,GENERAL_CONVERSATION
search query number 861,WEB_SEARCH
open application number 673,OPEN_APP
get time request number 1231,GET_TIME
get time request number 695,GET_TIME
open file number 508,OPEN_FILE
open file number 416,OPEN_FILE
open application number 687,OPEN_APP
open application number 215,OPEN_APP
get time request number 200,GET_TIME
unmute command number 186,UNMUTE
general conversation number 223,GENERAL_CONVERSATION
search query number 349,WEB_SEARCH
open application number 1102,OPEN_APP
general conversation number 675,GENERAL_CONVERSATION
unmute command number 1197,UNMUTE
mute command number 967,MUTE
mute command number 316,MUTE
general conversation number 1377,GENERAL_CONVERSATION
unmute command number 1341,UNMUTE
open file number 11,OPEN_FILE
open application number 163,OPEN_APP
search query number 1046,WEB_SEARCH
mute command number 973,MUTE
search query number 542,WEB_SEARCH
search query number 856,WEB_SEARCH
get time request number 639,GET_TIME
search query number 246,WEB_SEARCH
unmute command number 1108,UNMUTE
search query number 132,WEB_SEARCH
general conversation number 609,GENERAL_CONVERSATION
unmute command number 434,UNMUTE
get time request number 338,GET_TIME
unmute command number 1050,UNMUTE
mute command number 31,MUTE
get time request number 1049,GET_TIME
general conversation number 877,GENERAL_CONVERSATION
unmute command number 1100,UNMUTE
open application number 1421,OPEN_APP
open file number 319,OPEN_FILE
get time request number 855,GET_TIME
search query number 36,WEB_SEARCH
open application number 319,OPEN_APP
unmute command number 798,UNMUTE
open application number 101,OPEN_APP
open file number 58,OPEN_FILE
general conversation number 41,GENERAL_CONVERSATION
search query number 593,WEB_SEARCH
mute command number 153,MUTE
general conversation number 1055,GENERAL_CONVERSATION
unmute command number 1253,UNMUTE
get time request number 248,GET_TIME
general conversation number 1114,GENERAL_CONVERSATION
get time request number 517,GET_TIME
general conversation number 114,GENERAL_CONVERSATION
open file number 834,OPEN_FILE
open file number 119,OPEN_FILE
get time request number 778,GET_TIME
get time request number 318,GET_TIME
open application number 742,OPEN_APP
open file number 919,OPEN_FILE
unmute command number 266,UNMUTE
open application number 1114,OPEN_APP
get time request number 1169,GET_TIME
general conversation number 403,GENERAL_CONVERSATION
general conversation number 349,GENERAL_CONVERSATION
open file number 72,OPEN_FILE
unmute command number 1259,UNMUTE
search query number 14,WEB_SEARCH
search query number 1344,WEB_SEARCH
open file number 348,OPEN_FILE
search query number 1077,WEB_SEARCH
general conversation number 334,GENERAL_CONVERSATION
mute command number 1363,MUTE
open file number 482,OPEN_FILE
open application number 1354,OPEN_APP
mute command number 1357,MUTE
mute command number 71,MUTE
open file number 969,OPEN_FILE
open file number 1277,OPEN_FILE
unmute command number 1304,UNMUTE
general conversation number 45,GENERAL_CONVERSATION
get time request number 1017,GET_TIME
get time request number 412,GET_TIME
general conversation number 838,GENERAL_CONVERSATION
open file number 1094,OPEN_FILE
get time request number 1148,GET_TIME
mute command number 571,MUTE
open application number 187,OPEN_APP
unmute command number 269,UNMUTE
general conversation number 780,GENERAL_CONVERSATION
get time request number 666,GET_TIME
unmute command number 1205,UNMUTE
mute command number 89,MUTE
open application number 996,OPEN_APP
open application number 130,OPEN_APP
unmute command number 930,UNMUTE
open file number 1369,OPEN_FILE
search query number 1363,WEB_SEARCH
mute command number 766,MUTE
get time request number 1040,GET_TIME
get time request number 339,GET_TIME
unmute command number 600,UNMUTE
open file number 440,OPEN_FILE
get time request number 34,GET_TIME
search query number 1087,WEB_SEARCH
open file number 1007,OPEN_FILE
get time request number 739,GET_TIME
get time request number 485,GET_TIME
get time request number 56,GET_TIME
get time request number 242,GET_TIME
search query number 977,WEB_SEARCH
general conversation number 257,GENERAL_CONVERSATION
search query number 402,WEB_SEARCH
open file number 439,OPEN_FILE
mute command number 644,MUTE
open file number 727,OPEN_FILE
get time request number 853,GET_TIME
search query number 687,WEB_SEARCH
mute command number 1093,MUTE
general conversation number 844,GENERAL_CONVERSATION
open application number 78,OPEN_APP
mute command number 549,MUTE
get time request number 515,GET_TIME
open file number 194,OPEN_FILE
open application number 950,OPEN_APP
get time request number 806,GET_TIME
unmute command number 392,UNMUTE
open application number 1359,OPEN_APP
general conversation number 1311,GENERAL_CONVERSATION
open file number 493,OPEN_FILE
unmute command number 278,UNMUTE
search query number 782,WEB_SEARCH
open file number 264,OPEN_FILE
mute command number 1120,MUTE
open file number 790,OPEN_FILE
search query number 1279,WEB_SEARCH
search query number 257,WEB_SEARCH
unmute command number 1420,UNMUTE
get time request number 151,GET_TIME
general conversation number 222,GENERAL_CONVERSATION
general conversation number 867,GENERAL_CONVERSATION
open application number 653,OPEN_APP
mute command number 41,MUTE
unmute command number 647,UNMUTE
get time request number 357,GET_TIME
get time request number 163,GET_TIME
get time request number 656,GET_TIME
open file number 704,OPEN_FILE
open application number 471,OPEN_APP
unmute command number 1243,UNMUTE
general conversation number 1135,GENERAL_CONVERSATION
open file number 644,OPEN_FILE
open application number 799,OPEN_APP
open file number 634,OPEN_FILE
open file number 594,OPEN_FILE
search query number 47,WEB_SEARCH
open application number 1048,OPEN_APP
unmute command number 871,UNMUTE
unmute command number 412,UNMUTE
unmute command number 1176,UNMUTE
mute command number 232,MUTE
open application number 430,OPEN_APP
general conversation number 188,GENERAL_CONVERSATION
unmute command number 1151,UNMUTE
get time request number 446,GET_TIME
get time request number 799,GET_TIME
search query number 1102,WEB_SEARCH
mute command number 18,MUTE
search query number 1162,WEB_SEARCH
search query number 1150,WEB_SEARCH
unmute command number 1347,UNMUTE
mute command number 1041,MUTE
unmute command number 264,UNMUTE
open file number 943,OPEN_FILE
open file number 1080,OPEN_FILE
unmute command number 127,UNMUTE
get time request number 615,GET_TIME
mute command number 45,MUTE
mute command number 543,MUTE
open file number 310,OPEN_FILE
mute command number 856,MUTE
mute command number 697,MUTE
open application number 365,OPEN_APP
search query number 332,WEB_SEARCH
get time request number 730,GET_TIME
get time request number 202,GET_TIME
get time request number 5,GET_TIME
open application number 1270,OPEN_APP
open application number 29,OPEN_APP
general conversation number 129,GENERAL_CONVERSATION
mute command number 294,MUTE
general conversation number 422,GENERAL_CONVERSATION
open application number 958,OPEN_APP
mute command number 1396,MUTE
open file number 942,OPEN_FILE
search query number 104,WEB_SEARCH
mute command number 426,MUTE
search query number 512,WEB_SEARCH
get time request number 986,GET_TIME
open application number 76,OPEN_APP
unmute command number 32,UNMUTE
open file number 245,OPEN_FILE
general conversation number 498,GENERAL_CONVERSATION
open application number 1211,OPEN_APP
open application number 53,OPEN_APP
unmute command number 203,UNMUTE
search query number 1118,WEB_SEARCH
open application number 790,OPEN_APP
mute command number 283,MUTE
get time request number 520,GET_TIME
general conversation number 1084,GENERAL_CONVERSATION
mute command number 771,MUTE
open application number 599,OPEN_APP
open application number 993,OPEN_APP
unmute command number 47,UNMUTE
mute command number 991,MUTE
general conversation number 1100,GENERAL_CONVERSATION
open file number 1350,OPEN_FILE
unmute command number 718,UNMUTE
mute command number 829,MUTE
open application number 374,OPEN_APP
open application number 580,OPEN_APP
get time request number 614,GET_TIME
mute command number 747,MUTE
get time request number 890,GET_TIME
open file number 13,OPEN_FILE
get time request number 728,GET_TIME
get time request number 916,GET_TIME
open file number 910,OPEN_FILE
open application number 1264,OPEN_APP
general conversation number 305,GENERAL_CONVERSATION
search query number 730,WEB_SEARCH
search query number 938,WEB_SEARCH
unmute command number 731,UNMUTE
general conversation number 1221,GENERAL_CONVERSATION
unmute command number 1326,UNMUTE
search query number 1025,WEB_SEARCH
unmute command number 342,UNMUTE
open application number 87,OPEN_APP
general conversation number 665,GENERAL_CONVERSATION
get time request number 1102,GET_TIME
general conversation number 176,GENERAL_CONVERSATION
unmute command number 1141,UNMUTE
unmute command number 923,UNMUTE
unmute command number 362,UNMUTE
open file number 857,OPEN_FILE
unmute command number 1364,UNMUTE
open file number 923,OPEN_FILE
get time request number 744,GET_TIME
unmute command number 510,UNMUTE
open application number 1414,OPEN_APP
open application number 745,OPEN_APP
mute command number 1038,MUTE
search query number 1168,WEB_SEARCH
open file number 69,OPEN_FILE
open file number 190,OPEN_FILE
mute command number 125,MUTE
open file number 715,OPEN_FILE
general conversation number 147,GENERAL_CONVERSATION
open file number 337,OPEN_FILE
mute command number 1309,MUTE
mute command number 1326,MUTE
unmute command number 297,UNMUTE
open file number 321,OPEN_FILE
get time request number 901,GET_TIME
unmute command number 839,UNMUTE
general conversation number 1354,GENERAL_CONVERSATION
general conversation number 361,GENERAL_CONVERSATION
get time request number 660,GET_TIME
general conversation number 1339,GENERAL_CONVERSATION
get time request number 1058,GET_TIME
get time request number 352,GET_TIME
general conversation number 528,GENERAL_CONVERSATION
mute command number 6,MUTE
get time request number 1055,GET_TIME
general conversation number 718,GENERAL_CONVERSATION
search query number 1008,WEB_SEARCH
search query number 638,WEB_SEARCH
open file number 845,OPEN_FILE
mute command number 262,MUTE
unmute command number 1007,UNMUTE
open application number 1310,OPEN_APP
get time request number 624,GET_TIME
open file number 270,OPEN_FILE
mute command number 1209,MUTE
open application number 1332,OPEN_APP
general conversation number 1369,GENERAL_CONVERSATION
get time request number 341,GET_TIME
unmute command number 91,UNMUTE
unmute command number 10,UNMUTE
search query number 1365,WEB_SEARCH
open application number 1108,OPEN_APP
open file number 1233,OPEN_FILE
open file number 211,OPEN_FILE
general conversation number 586,GENERAL_CONVERSATION
open file number 480,OPEN_FILE
general conversation number 1358,GENERAL_CONVERSATION
general conversation number 1411,GENERAL_CONVERSATION
general conversation number 785,GENERAL_CONVERSATION
get time request number 399,GET_TIME
get time request number 583,GET_TIME
open application number 651,OPEN_APP
general conversation number 1387,GENERAL_CONVERSATION
unmute command number 355,UNMUTE
search query number 450,WEB_SEARCH
search query number 54,WEB_SEARCH
open file number 665,OPEN_FILE
mute command number 1338,MUTE
general conversation number 1335,GENERAL_CONVERSATION
general conversation number 758,GENERAL_CONVERSATION
open application number 1253,OPEN_APP
open application number 253,OPEN_APP
general conversation number 866,GENERAL_CONVERSATION
get time request number 1141,GET_TIME
general conversation number 918,GENERAL_CONVERSATION
unmute command number 469,UNMUTE
general conversation number 743,GENERAL_CONVERSATION
open application number 920,OPEN_APP
unmute command number 937,UNMUTE
unmute command number 247,UNMUTE
mute command number 1259,MUTE
general conversation number 947,GENERAL_CONVERSATION
general conversation number 965,GENERAL_CONVERSATION
open file number 332,OPEN_FILE
search query number 583,WEB_SEARCH
open file number 189,OPEN_FILE
search query number 1076,WEB_SEARCH
open file number 263,OPEN_FILE
open application number 264,OPEN_APP
mute command number 1220,MUTE
open application number 1232,OPEN_APP
get time request number 291,GET_TIME
search query number 581,WEB_SEARCH
search query number 1395,WEB_SEARCH
search query number 966,WEB_SEARCH
mute command number 1086,MUTE
open application number 1265,OPEN_APP
mute command number 173,MUTE
unmute command number 1193,UNMUTE
open file number 793,OPEN_FILE
open file number 283,OPEN_FILE
unmute command number 23,UNMUTE
mute command number 624,MUTE
open file number 561,OPEN_FILE
open application number 493,OPEN_APP
search query number 680,WEB_SEARCH
general conversation number 1156,GENERAL_CONVERSATION
general conversation number 1385,GENERAL_CONVERSATION
get time request number 630,GET_TIME
unmute command number 257,UNMUTE
unmute command number 1174,UNMUTE
search query number 339,WEB_SEARCH
open file number 488,OPEN_FILE
open file number 821,OPEN_FILE
general conversation number 1063,GENERAL_CONVERSATION
unmute command number 1181,UNMUTE
general conversation number 315,GENERAL_CONVERSATION
open file number 937,OPEN_FILE
search query number 899,WEB_SEARCH
get time request number 1037,GET_TIME
mute command number 355,MUTE
search query number 592,WEB_SEARCH
open file number 635,OPEN_FILE
mute command number 402,MUTE
unmute command number 876,UNMUTE
open file number 604,OPEN_FILE
search query number 1271,WEB_SEARCH
unmute command number 810,UNMUTE
general conversation number 405,GENERAL_CONVERSATION
open file number 331,OPEN_FILE
search query number 723,WEB_SEARCH
open application number 191,OPEN_APP
general conversation number 173,GENERAL_CONVERSATION
general conversation number 24,GENERAL_CONVERSATION
unmute command number 439,UNMUTE
general conversation number 804,GENERAL_CONVERSATION
open application number 525,OPEN_APP
search query number 1390,WEB_SEARCH
open file number 86,OPEN_FILE
open application number 892,OPEN_APP
general conversation number 493,GENERAL_CONVERSATION
open application number 1358,OPEN_APP
open application number 962,OPEN_APP
get time request number 455,GET_TIME
open file number 1111,OPEN_FILE
mute command number 823,MUTE
search query number 42,WEB_SEARCH
mute command number 1208,MUTE
general conversation number 116,GENERAL_CONVERSATION
mute command number 1322,MUTE
general conversation number 1132,GENERAL_CONVERSATION
get time request number 285,GET_TIME
open application number 468,OPEN_APP
get time request number 304,GET_TIME
open file number 805,OPEN_FILE
mute command number 827,MUTE
mute command number 206,MUTE
search query number 1071,WEB_SEARCH
open file number 675,OPEN_FILE
get time request number 105,GET_TIME
unmute command number 322,UNMUTE
unmute command number 1325,UNMUTE
general conversation number 167,GENERAL_CONVERSATION
search query number 318,WEB_SEARCH
general conversation number 1193,GENERAL_CONVERSATION
mute command number 936,MUTE
search query number 747,WEB_SEARCH
mute command number 898,MUTE
mute command number 870,MUTE
get time request number 1062,GET_TIME
open application number 1398,OPEN_APP
mute command number 152,MUTE
get time request number 138,GET_TIME
mute command number 1069,MUTE
general conversation number 724,GENERAL_CONVERSATION
mute command number 954,MUTE
general conversation number 1269,GENERAL_CONVERSATION
search query number 1324,WEB_SEARCH
search query number 598,WEB_SEARCH
open file number 101,OPEN_FILE
search query number 792,WEB_SEARCH
unmute command number 1128,UNMUTE
search query number 700,WEB_SEARCH
mute command number 765,MUTE
search query number 1331,WEB_SEARCH
search query number 691,WEB_SEARCH
get time request number 155,GET_TIME
open file number 672,OPEN_FILE
search query number 105,WEB_SEARCH
search query number 1215,WEB_SEARCH
general conversation number 964,GENERAL_CONVERSATION
unmute command number 1356,UNMUTE
open application number 197,OPEN_APP
open file number 316,OPEN_FILE
get time request number 903,GET_TIME
unmute command number 95,UNMUTE
open application number 290,OPEN_APP
general conversation number 74,GENERAL_CONVERSATION
search query number 786,WEB_SEARCH
open application number 1081,OPEN_APP
unmute command number 1153,UNMUTE
open file number 104,OPEN_FILE
mute command number 248,MUTE
search query number 179,WEB_SEARCH
general conversation number 1304,GENERAL_CONVERSATION
unmute command number 358,UNMUTE
get time request number 1051,GET_TIME
get time request number 413,GET_TIME
search query number 297,WEB_SEARCH
open file number 1122,OPEN_FILE
general conversation number 645,GENERAL_CONVERSATION
open application number 383,OPEN_APP
open application number 503,OPEN_APP
unmute command number 733,UNMUTE
unmute command number 42,UNMUTE
get time request number 1220,GET_TIME
open application number 1174,OPEN_APP
open application number 447,OPEN_APP
get time request number 387,GET_TIME
get time request number 784,GET_TIME
unmute command number 231,UNMUTE
search query number 1067,WEB_SEARCH
open application number 926,OPEN_APP
open application number 521,OPEN_APP
general conversation number 1289,GENERAL_CONVERSATION
open application number 1368,OPEN_APP
mute command number 1352,MUTE
unmute command number 629,UNMUTE
general conversation number 679,GENERAL_CONVERSATION
mute command number 1386,MUTE
get time request number 501,GET_TIME
general conversation number 343,GENERAL_CONVERSATION
open application number 900,OPEN_APP
unmute command number 227,UNMUTE
mute command number 578,MUTE
open file number 312,OPEN_FILE
unmute command number 851,UNMUTE
unmute command number 1285,UNMUTE
get time request number 1221,GET_TIME
open file number 273,OPEN_FILE
search query number 216,WEB_SEARCH
open file number 222,OPEN_FILE
general conversation number 1266,GENERAL_CONVERSATION
general conversation number 255,GENERAL_CONVERSATION
unmute command number 8,UNMUTE
open application number 443,OPEN_APP
open file number 1345,OPEN_FILE
unmute command number 1094,UNMUTE
mute command number 563,MUTE
open application number 1366,OPEN_APP
unmute command number 97,UNMUTE
unmute command number 1284,UNMUTE
search query number 734,WEB_SEARCH
open file number 911,OPEN_FILE
unmute command number 1210,UNMUTE
search query number 821,WEB_SEARCH
get time request number 961,GET_TIME
search query number 1081,WEB_SEARCH
open application number 349,OPEN_APP
mute command number 338,MUTE
open file number 931,OPEN_FILE
mute command number 1413,MUTE
search query number 467,WEB_SEARCH
open application number 769,OPEN_APP
get time request number 898,GET_TIME
mute command number 181,MUTE
mute command number 620,MUTE
unmute command number 565,UNMUTE
mute command number 676,MUTE
mute command number 1261,MUTE
open application number 774,OPEN_APP
get time request number 706,GET_TIME
open file number 757,OPEN_FILE
unmute command number 1070,UNMUTE
unmute command number 530,UNMUTE
mute command number 1145,MUTE
mute command number 293,MUTE
mute command number 1026,MUTE
open application number 1364,OPEN_APP
search query number 134,WEB_SEARCH
open file number 446,OPEN_FILE
mute command number 750,MUTE
unmute command number 1266,UNMUTE
unmute command number 783,UNMUTE
general conversation number 870,GENERAL_CONVERSATION
open file number 353,OPEN_FILE
general conversation number 1376,GENERAL_CONVERSATION
get time request number 136,GET_TIME
open application number 208,OPEN_APP
get time request number 46,GET_TIME
open application number 526,OPEN_APP
search query number 464,WEB_SEARCH
mute command number 1076,MUTE
open application number 868,OPEN_APP
open file number 1100,OPEN_FILE
unmute command number 394,UNMUTE
unmute command number 789,UNMUTE
unmute command number 704,UNMUTE
unmute command number 491,UNMUTE
unmute command number 253,UNMUTE
open application number 1234,OPEN_APP
unmute command number 213,UNMUTE
get time request number 597,GET_TIME
open file number 860,OPEN_FILE
open file number 262,OPEN_FILE
open file number 896,OPEN_FILE
search query number 1133,WEB_SEARCH
general conversation number 885,GENERAL_CONVERSATION
general conversation number 936,GENERAL_CONVERSATION
unmute command number 1272,UNMUTE
general conversation number 409,GENERAL_CONVERSATION
open application number 971,OPEN_APP
open file number 818,OPEN_FILE
unmute command number 80,UNMUTE
open application number 869,OPEN_APP
get time request number 536,GET_TIME
mute command number 136,MUTE
open application number 739,OPEN_APP
open file number 763,OPEN_FILE
search query number 226,WEB_SEARCH
general conversation number 414,GENERAL_CONVERSATION
general conversation number 417,GENERAL_CONVERSATION
open file number 146,OPEN_FILE
general conversation number 1096,GENERAL_CONVERSATION
open application number 1170,OPEN_APP
search query number 566,WEB_SEARCH
get time request number 317,GET_TIME
get time request number 805,GET_TIME
general conversation number 476,GENERAL_CONVERSATION
unmute command number 656,UNMUTE
mute command number 489,MUTE
open file number 577,OPEN_FILE
general conversation number 750,GENERAL_CONVERSATION
general conversation number 976,GENERAL_CONVERSATION
get time request number 956,GET_TIME
open application number 238,OPEN_APP
search query number 576,WEB_SEARCH
search query number 1285,WEB_SEARCH
search query number 1423,WEB_SEARCH
unmute command number 37,UNMUTE
get time request number 836,GET_TIME
get time request number 928,GET_TIME
unmute command number 1379,UNMUTE
open application number 518,OPEN_APP
search query number 906,WEB_SEARCH
open file number 409,OPEN_FILE
open application number 422,OPEN_APP
get time request number 1124,GET_TIME
search query number 1143,WEB_SEARCH
search query number 681,WEB_SEARCH
search query number 144,WEB_SEARCH
mute command number 475,MUTE
open file number 797,OPEN_FILE
open file number 1300,OPEN_FILE
general conversation number 614,GENERAL_CONVERSATION
open file number 1351,OPEN_FILE
unmute command number 705,UNMUTE
search query number 1084,WEB_SEARCH
mute command number 1221,MUTE
general conversation number 3,GENERAL_CONVERSATION
open application number 92,OPEN_APP
unmute command number 1393,UNMUTE
get time request number 461,GET_TIME
general conversation number 316,GENERAL_CONVERSATION
search query number 1157,WEB_SEARCH
open file number 73,OPEN_FILE
general conversation number 1287,GENERAL_CONVERSATION
open file number 139,OPEN_FILE
get time request number 259,GET_TIME
get time request number 1177,GET_TIME
unmute command number 336,UNMUTE
search query number 111,WEB_SEARCH
general conversation number 80,GENERAL_CONVERSATION
open file number 1108,OPEN_FILE
mute command number 1128,MUTE
open file number 1086,OPEN_FILE
general conversation number 342,GENERAL_CONVERSATION
get time request number 914,GET_TIME
unmute command number 325,UNMUTE
search query number 459,WEB_SEARCH
mute command number 944,MUTE
open file number 1116,OPEN_FILE
search query number 1131,WEB_SEARCH
unmute command number 960,UNMUTE
get time request number 147,GET_TIME
general conversation number 934,GENERAL_CONVERSATION
open application number 559,OPEN_APP
get time request number 1109,GET_TIME
open application number 1167,OPEN_APP
unmute command number 628,UNMUTE
open file number 1171,OPEN_FILE
search query number 128,WEB_SEARCH
get time request number 319,GET_TIME
unmute command number 632,UNMUTE
mute command number 1071,MUTE
get time request number 635,GET_TIME
unmute command number 1116,UNMUTE
mute command number 1133,MUTE
mute command number 1343,MUTE
search query number 162,WEB_SEARCH
mute command number 845,MUTE
general conversation number 1278,GENERAL_CONVERSATION
mute command number 535,MUTE
open application number 885,OPEN_APP
general conversation number 1203,GENERAL_CONVERSATION
search query number 9,WEB_SEARCH
mute command number 13,MUTE
mute command number 140,MUTE
search query number 1187,WEB_SEARCH
open file number 161,OPEN_FILE
general conversation number 467,GENERAL_CONVERSATION
get time request number 588,GET_TIME
get time request number 1381,GET_TIME
get time request number 1312,GET_TIME
get time request number 684,GET_TIME
open application number 213,OPEN_APP
general conversation number 952,GENERAL_CONVERSATION
open file number 46,OPEN_FILE
unmute command number 1099,UNMUTE
open file number 779,OPEN_FILE
get time request number 1337,GET_TIME
unmute command number 1172,UNMUTE
get time request number 844,GET_TIME
unmute command number 693,UNMUTE
open file number 810,OPEN_FILE
open file number 448,OPEN_FILE
mute command number 410,MUTE
get time request number 1096,GET_TIME
mute command number 496,MUTE
unmute command number 267,UNMUTE
unmute command number 1077,UNMUTE
unmute command number 1187,UNMUTE
get time request number 190,GET_TIME
unmute command number 587,UNMUTE
search query number 406,WEB_SEARCH
general conversation number 697,GENERAL_CONVERSATION
general conversation number 78,GENERAL_CONVERSATION
open application number 989,OPEN_APP
general conversation number 1251,GENERAL_CONVERSATION
general conversation number 244,GENERAL_CONVERSATION
mute command number 1146,MUTE
unmute command number 106,UNMUTE
open application number 758,OPEN_APP
search query number 1088,WEB_SEARCH
get time request number 1020,GET_TIME
search query number 630,WEB_SEARCH
open application number 14,OPEN_APP
mute command number 595,MUTE
open application number 1152,OPEN_APP
open application number 174,OPEN_APP
open application number 1041,OPEN_APP
get time request number 936,GET_TIME
open file number 1178,OPEN_FILE
mute command number 129,MUTE
open application number 754,OPEN_APP
open application number 1189,OPEN_APP
get time request number 837,GET_TIME
unmute command number 117,UNMUTE
open application number 766,OPEN_APP
get time request number 620,GET_TIME
get time request number 364,GET_TIME
general conversation number 802,GENERAL_CONVERSATION
unmute command number 1012,UNMUTE
open file number 120,OPEN_FILE
get time request number 1050,GET_TIME
mute command number 1214,MUTE
open application number 495,OPEN_APP
unmute command number 925,UNMUTE
search query number 492,WEB_SEARCH
general conversation number 119,GENERAL_CONVERSATION
mute command number 142,MUTE
open file number 422,OPEN_FILE
general conversation number 1362,GENERAL_CONVERSATION
search query number 768,WEB_SEARCH
get time request number 134,GET_TIME
open file number 1296,OPEN_FILE
search query number 893,WEB_SEARCH
unmute command number 33,UNMUTE
general conversation number 123,GENERAL_CONVERSATION
general conversation number 863,GENERAL_CONVERSATION
unmute command number 1030,UNMUTE
open application number 1130,OPEN_APP
search query number 1355,WEB_SEARCH
open file number 1066,OPEN_FILE
get time request number 1367,GET_TIME
unmute command number 326,UNMUTE
open application number 1021,OPEN_APP
get time request number 1170,GET_TIME
get time request number 42,GET_TIME
mute command number 1047,MUTE
mute command number 92,MUTE
open file number 3,OPEN_FILE
get time request number 429,GET_TIME
get time request number 434,GET_TIME
open application number 912,OPEN_APP
open file number 1256,OPEN_FILE
general conversation number 234,GENERAL_CONVERSATION
general conversation number 1013,GENERAL_CONVERSATION
get time request number 817,GET_TIME
unmute command number 442,UNMUTE
unmute command number 1229,UNMUTE
open file number 66,OPEN_FILE
mute command number 1091,MUTE
mute command number 361,MUTE
get time request number 963,GET_TIME
search query number 195,WEB_SEARCH
general conversation number 806,GENERAL_CONVERSATION
open application number 654,OPEN_APP
open application number 720,OPEN_APP
general conversation number 1056,GENERAL_CONVERSATION
open application number 668,OPEN_APP
get time request number 1090,GET_TIME
open application number 396,OPEN_APP
open application number 614,OPEN_APP
search query number 1318,WEB_SEARCH
get time request number 913,GET_TIME
open file number 463,OPEN_FILE
get time request number 1384,GET_TIME
mute command number 1299,MUTE
general conversation number 162,GENERAL_CONVERSATION
search query number 996,WEB_SEARCH
unmute command number 1110,UNMUTE
mute command number 360,MUTE
search query number 1408,WEB_SEARCH
get time request number 704,GET_TIME
search query number 781,WEB_SEARCH
get time request number 548,GET_TIME
open application number 1175,OPEN_APP
search query number 550,WEB_SEARCH
unmute command number 592,UNMUTE
general conversation number 737,GENERAL_CONVERSATION
mute command number 68,MUTE
unmute command number 478,UNMUTE
general conversation number 819,GENERAL_CONVERSATION
get time request number 1030,GET_TIME
search query number 495,WEB_SEARCH
search query number 1002,WEB_SEARCH
open file number 1203,OPEN_FILE
get time request number 1223,GET_TIME
mute command number 94,MUTE
general conversation number 298,GENERAL_CONVERSATION
unmute command number 651,UNMUTE
get time request number 531,GET_TIME
open application number 1057,OPEN_APP
search query number 1377,WEB_SEARCH
mute command number 1274,MUTE
search query number 1078,WEB_SEARCH
mute command number 1223,MUTE
mute command number 455,MUTE
general conversation number 532,GENERAL_CONVERSATION
unmute command number 586,UNMUTE
get time request number 761,GET_TIME
search query number 939,WEB_SEARCH
mute command number 112,MUTE
open application number 748,OPEN_APP
general conversation number 1025,GENERAL_CONVERSATION
unmute command number 26,UNMUTE
search query number 1210,WEB_SEARCH
search query number 13,WEB_SEARCH
unmute command number 111,UNMUTE
get time request number 70,GET_TIME
general conversation number 631,GENERAL_CONVERSATION
open file number 183,OPEN_FILE
get time request number 782,GET_TIME
open application number 1277,OPEN_APP
get time request number 713,GET_TIME
search query number 567,WEB_SEARCH
open file number 468,OPEN_FILE
get time request number 1410,GET_TIME
open application number 1330,OPEN_APP
general conversation number 245,GENERAL_CONVERSATION
general conversation number 1175,GENERAL_CONVERSATION
open file number 571,OPEN_FILE
mute command number 1110,MUTE
get time request number 602,GET_TIME
unmute command number 1051,UNMUTE
open file number 707,OPEN_FILE
search query number 1341,WEB_SEARCH
open file number 479,OPEN_FILE
get time request number 106,GET_TIME
open application number 1136,OPEN_APP
open file number 296,OPEN_FILE
get time request number 193,GET_TIME
get time request number 161,GET_TIME
mute command number 34,MUTE
open application number 1011,OPEN_APP
search query number 96,WEB_SEARCH
unmute command number 166,UNMUTE
mute command number 413,MUTE
open application number 50,OPEN_APP
open file number 597,OPEN_FILE
general conversation number 1039,GENERAL_CONVERSATION
mute command number 1292,MUTE
open file number 1426,OPEN_FILE
open file number 866,OPEN_FILE
unmute command number 1,UNMUTE
mute command number 1293,MUTE
get time request number 754,GET_TIME
get time request number 61,GET_TIME
mute command number 115,MUTE
unmute command number 1073,UNMUTE
open application number 852,OPEN_APP
search query number 1113,WEB_SEARCH
general conversation number 377,GENERAL_CONVERSATION
open application number 223,OPEN_APP
unmute command number 57,UNMUTE
get time request number 1251,GET_TIME
open file number 890,OPEN_FILE
search query number 345,WEB_SEARCH
general conversation number 1144,GENERAL_CONVERSATION
get time request number 765,GET_TIME
open file number 341,OPEN_FILE
mute command number 449,MUTE
open file number 1054,OPEN_FILE
mute command number 994,MUTE
open application number 867,OPEN_APP
general conversation number 1374,GENERAL_CONVERSATION
get time request number 289,GET_TIME
search query number 23,WEB_SEARCH
open file number 1234,OPEN_FILE
open application number 842,OPEN_APP
unmute command number 719,UNMUTE
general conversation number 1310,GENERAL_CONVERSATION
open application number 1024,OPEN_APP
search query number 69,WEB_SEARCH
open file number 1062,OPEN_FILE
unmute command number 1011,UNMUTE
open application number 908,OPEN_APP
general conversation number 396,GENERAL_CONVERSATION
search query number 850,WEB_SEARCH
unmute command number 249,UNMUTE
open file number 939,OPEN_FILE
mute command number 1247,MUTE
unmute command number 1078,UNMUTE
mute command number 1096,MUTE
general conversation number 1323,GENERAL_CONVERSATION
search query number 384,WEB_SEARCH
mute command number 606,MUTE
mute command number 963,MUTE
open application number 1394,OPEN_APP
get time request number 440,GET_TIME
get time request number 780,GET_TIME
search query number 577,WEB_SEARCH
open file number 989,OPEN_FILE
general conversation number 1371,GENERAL_CONVERSATION
search query number 766,WEB_SEARCH
general conversation number 1051,GENERAL_CONVERSATION
unmute command number 1019,UNMUTE
unmute command number 744,UNMUTE
mute command number 1385,MUTE
search query number 896,WEB_SEARCH
open file number 877,OPEN_FILE
general conversation number 157,GENERAL_CONVERSATION
get time request number 878,GET_TIME
open file number 1073,OPEN_FILE
mute command number 1136,MUTE
mute command number 414,MUTE
search query number 1091,WEB_SEARCH
general conversation number 365,GENERAL_CONVERSATION
open application number 16,OPEN_APP
general conversation number 1235,GENERAL_CONVERSATION
open application number 875,OPEN_APP
open file number 605,OPEN_FILE
get time request number 331,GET_TIME
general conversation number 1253,GENERAL_CONVERSATION
open application number 363,OPEN_APP
open file number 1276,OPEN_FILE
unmute command number 385,UNMUTE
open file number 1123,OPEN_FILE
open application number 692,OPEN_APP
search query number 35,WEB_SEARCH
get time request number 828,GET_TIME
get time request number 781,GET_TIME
mute command number 1044,MUTE
open file number 175,OPEN_FILE
unmute command number 496,UNMUTE
get time request number 947,GET_TIME
search query number 759,WEB_SEARCH
open file number 456,OPEN_FILE
open application number 1338,OPEN_APP
get time request number 748,GET_TIME
mute command number 1010,MUTE
open file number 1096,OPEN_FILE
open file number 126,OPEN_FILE
get time request number 57,GET_TIME
open application number 441,OPEN_APP
unmute command number 606,UNMUTE
get time request number 1397,GET_TIME
open file number 567,OPEN_FILE
general conversation number 681,GENERAL_CONVERSATION
general conversation number 1080,GENERAL_CONVERSATION
general conversation number 76,GENERAL_CONVERSATION
get time request number 1154,GET_TIME
open file number 1188,OPEN_FILE
mute command number 160,MUTE
search query number 1340,WEB_SEARCH
general conversation number 270,GENERAL_CONVERSATION
search query number 12,WEB_SEARCH
open application number 858,OPEN_APP
search query number 995,WEB_SEARCH
unmute command number 1049,UNMUTE
search query number 329,WEB_SEARCH
open application number 173,OPEN_APP
unmute command number 973,UNMUTE
unmute command number 277,UNMUTE
open file number 179,OPEN_FILE
search query number 1137,WEB_SEARCH
general conversation number 387,GENERAL_CONVERSATION
get time request number 1105,GET_TIME
open application number 386,OPEN_APP
mute command number 893,MUTE
get time request number 915,GET_TIME
general conversation number 504,GENERAL_CONVERSATION
search query number 432,WEB_SEARCH
open file number 136,OPEN_FILE
search query number 755,WEB_SEARCH
unmute command number 547,UNMUTE
search query number 740,WEB_SEARCH
open application number 936,OPEN_APP
get time request number 167,GET_TIME
search query number 1275,WEB_SEARCH
open file number 138,OPEN_FILE
get time request number 843,GET_TIME
general conversation number 369,GENERAL_CONVERSATION
unmute command number 941,UNMUTE
open application number 1094,OPEN_APP
search query number 1205,WEB_SEARCH
general conversation number 670,GENERAL_CONVERSATION
unmute command number 181,UNMUTE
get time request number 1046,GET_TIME
unmute command number 812,UNMUTE
open file number 225,OPEN_FILE
search query number 405,WEB_SEARCH
search query number 640,WEB_SEARCH
get time request number 1176,GET_TIME
mute command number 383,MUTE
open file number 451,OPEN_FILE
general conversation number 608,GENERAL_CONVERSATION
general conversation number 1183,GENERAL_CONVERSATION
mute command number 88,MUTE
general conversation number 886,GENERAL_CONVERSATION
mute command number 1085,MUTE
unmute command number 601,UNMUTE
open application number 133,OPEN_APP
general conversation number 60,GENERAL_CONVERSATION
open application number 135,OPEN_APP
general conversation number 92,GENERAL_CONVERSATION
get time request number 1044,GET_TIME
mute command number 951,MUTE
search query number 1126,WEB_SEARCH
get time request number 1138,GET_TIME
search query number 193,WEB_SEARCH
open application number 530,OPEN_APP
general conversation number 616,GENERAL_CONVERSATION
unmute command number 441,UNMUTE
mute command number 456,MUTE
unmute command number 843,UNMUTE
unmute command number 1027,UNMUTE
get time request number 513,GET_TIME
general conversation number 214,GENERAL_CONVERSATION
open application number 1065,OPEN_APP
general conversation number 1074,GENERAL_CONVERSATION
open application number 1303,OPEN_APP
general conversation number 351,GENERAL_CONVERSATION
open file number 67,OPEN_FILE
unmute command number 1383,UNMUTE
get time request number 1402,GET_TIME
get time request number 1379,GET_TIME
unmute command number 619,UNMUTE
open file number 227,OPEN_FILE
get time request number 361,GET_TIME
general conversation number 1397,GENERAL_CONVERSATION
open application number 364,OPEN_APP
general conversation number 1027,GENERAL_CONVERSATION
get time request number 1264,GET_TIME
open application number 549,OPEN_APP
unmute command number 159,UNMUTE
general conversation number 1272,GENERAL_CONVERSATION
mute command number 191,MUTE
mute command number 815,MUTE
open application number 1185,OPEN_APP
unmute command number 377,UNMUTE
search query number 360,WEB_SEARCH
search query number 311,WEB_SEARCH
search query number 758,WEB_SEARCH
get time request number 1403,GET_TIME
mute command number 937,MUTE
unmute command number 1122,UNMUTE
get time request number 414,GET_TIME
search query number 744,WEB_SEARCH
open application number 608,OPEN_APP
open application number 883,OPEN_APP
open file number 1241,OPEN_FILE
open application number 1093,OPEN_APP
open application number 783,OPEN_APP
open file number 995,OPEN_FILE
get time request number 214,GET_TIME
general conversation number 1331,GENERAL_CONVERSATION
mute command number 1159,MUTE
mute command number 776,MUTE
general conversation number 1243,GENERAL_CONVERSATION
open application number 511,OPEN_APP
open file number 160,OPEN_FILE
unmute command number 577,UNMUTE
open application number 80,OPEN_APP
general conversation number 211,GENERAL_CONVERSATION
search query number 1398,WEB_SEARCH
general conversation number 1014,GENERAL_CONVERSATION
mute command number 135,MUTE
open file number 1006,OPEN_FILE
get time request number 680,GET_TIME
open application number 480,OPEN_APP
get time request number 786,GET_TIME
mute command number 1215,MUTE
unmute command number 636,UNMUTE
open application number 1247,OPEN_APP
get time request number 1145,GET_TIME
open application number 980,OPEN_APP
search query number 915,WEB_SEARCH
get time request number 634,GET_TIME
open file number 1103,OPEN_FILE
mute command number 209,MUTE
open file number 871,OPEN_FILE
open file number 544,OPEN_FILE
search query number 1050,WEB_SEARCH
general conversation number 1138,GENERAL_CONVERSATION
mute command number 179,MUTE
general conversation number 816,GENERAL_CONVERSATION
get time request number 166,GET_TIME
get time request number 451,GET_TIME
get time request number 574,GET_TIME
search query number 526,WEB_SEARCH
search query number 475,WEB_SEARCH
search query number 256,WEB_SEARCH
unmute command number 222,UNMUTE
search query number 1380,WEB_SEARCH
search query number 1376,WEB_SEARCH
general conversation number 347,GENERAL_CONVERSATION
search query number 1108,WEB_SEARCH
search query number 800,WEB_SEARCH
open file number 1168,OPEN_FILE
general conversation number 755,GENERAL_CONVERSATION
search query number 667,WEB_SEARCH
open file number 909,OPEN_FILE
mute command number 30,MUTE
open application number 700,OPEN_APP
general conversation number 1150,GENERAL_CONVERSATION
get time request number 1302,GET_TIME
mute command number 279,MUTE
open application number 1020,OPEN_APP
open application number 560,OPEN_APP
search query number 1416,WEB_SEARCH
open application number 782,OPEN_APP
get time request number 777,GET_TIME
search query number 1107,WEB_SEARCH
get time request number 363,GET_TIME
unmute command number 1417,UNMUTE
get time request number 88,GET_TIME
general conversation number 458,GENERAL_CONVERSATION
search query number 189,WEB_SEARCH
unmute command number 878,UNMUTE
get time request number 1042,GET_TIME
open file number 926,OPEN_FILE
open file number 254,OPEN_FILE
get time request number 383,GET_TIME
open application number 816,OPEN_APP
open application number 403,OPEN_APP
search query number 57,WEB_SEARCH
open file number 210,OPEN_FILE
mute command number 1244,MUTE
unmute command number 909,UNMUTE
mute command number 342,MUTE
get time request number 1038,GET_TIME
open file number 615,OPEN_FILE
mute command number 1144,MUTE
get time request number 1385,GET_TIME
unmute command number 271,UNMUTE
general conversation number 1119,GENERAL_CONVERSATION
open file number 1363,OPEN_FILE
get time request number 121,GET_TIME
search query number 943,WEB_SEARCH
open application number 998,OPEN_APP
search query number 1307,WEB_SEARCH
unmute command number 769,UNMUTE
general conversation number 97,GENERAL_CONVERSATION
unmute command number 92,UNMUTE
get time request number 554,GET_TIME
general conversation number 835,GENERAL_CONVERSATION
get time request number 985,GET_TIME
get time request number 1008,GET_TIME
search query number 907,WEB_SEARCH
mute command number 1189,MUTE
search query number 559,WEB_SEARCH
get time request number 415,GET_TIME
get time request number 199,GET_TIME
mute command number 470,MUTE
mute command number 384,MUTE
mute command number 63,MUTE
open application number 254,OPEN_APP
mute command number 308,MUTE
mute command number 681,MUTE
mute command number 104,MUTE
get time request number 404,GET_TIME
general conversation number 21,GENERAL_CONVERSATION
mute command number 632,MUTE
search query number 540,WEB_SEARCH
open application number 375,OPEN_APP
search query number 290,WEB_SEARCH
open file number 423,OPEN_FILE
mute command number 300,MUTE
open application number 856,OPEN_APP
general conversation number 1338,GENERAL_CONVERSATION
get time request number 162,GET_TIME
general conversation number 721,GENERAL_CONVERSATION
unmute command number 1064,UNMUTE
open application number 413,OPEN_APP
get time request number 1233,GET_TIME
open file number 152,OPEN_FILE
general conversation number 908,GENERAL_CONVERSATION
get time request number 1362,GET_TIME
get time request number 86,GET_TIME
unmute command number 391,UNMUTE
open file number 1136,OPEN_FILE
get time request number 453,GET_TIME
mute command number 381,MUTE
unmute command number 1322,UNMUTE
general conversation number 1061,GENERAL_CONVERSATION
search query number 1268,WEB_SEARCH
general conversation number 286,GENERAL_CONVERSATION
mute command number 659,MUTE
open file number 193,OPEN_FILE
unmute command number 895,UNMUTE
mute command number 1236,MUTE
open application number 891,OPEN_APP
general conversation number 656,GENERAL_CONVERSATION
general conversation number 330,GENERAL_CONVERSATION
mute command number 794,MUTE
general conversation number 658,GENERAL_CONVERSATION
general conversation number 955,GENERAL_CONVERSATION
unmute command number 928,UNMUTE
unmute command number 569,UNMUTE
open application number 1357,OPEN_APP
open file number 1056,OPEN_FILE
open file number 1310,OPEN_FILE
search query number 675,WEB_SEARCH
open application number 1194,OPEN_APP
general conversation number 798,GENERAL_CONVERSATION
general conversation number 651,GENERAL_CONVERSATION
open application number 489,OPEN_APP
unmute command number 1175,UNMUTE
search query number 1012,WEB_SEARCH
get time request number 392,GET_TIME
general conversation number 1412,GENERAL_CONVERSATION
mute command number 55,MUTE
general conversation number 1121,GENERAL_CONVERSATION
get time request number 512,GET_TIME
open file number 510,OPEN_FILE
mute command number 879,MUTE
unmute command number 964,UNMUTE
open application number 1100,OPEN_APP
search query number 780,WEB_SEARCH
open application number 373,OPEN_APP
mute command number 476,MUTE
mute command number 292,MUTE
unmute command number 223,UNMUTE
search query number 151,WEB_SEARCH
unmute command number 236,UNMUTE
search query number 515,WEB_SEARCH
open file number 820,OPEN_FILE
open application number 1165,OPEN_APP
general conversation number 323,GENERAL_CONVERSATION
general conversation number 46,GENERAL_CONVERSATION
get time request number 561,GET_TIME
unmute command number 205,UNMUTE
mute command number 950,MUTE
get time request number 442,GET_TIME
mute command number 609,MUTE
general conversation number 265,GENERAL_CONVERSATION
mute command number 912,MUTE
search query number 277,WEB_SEARCH
search query number 616,WEB_SEARCH
get time request number 231,GET_TIME
mute command number 628,MUTE
search query number 30,WEB_SEARCH
open file number 907,OPEN_FILE
unmute command number 72,UNMUTE
open application number 896,OPEN_APP
search query number 646,WEB_SEARCH
get time request number 952,GET_TIME
general conversation number 862,GENERAL_CONVERSATION
search query number 190,WEB_SEARCH
search query number 1145,WEB_SEARCH
open file number 535,OPEN_FILE
search query number 570,WEB_SEARCH
search query number 661,WEB_SEARCH
mute command number 1032,MUTE
general conversation number 807,GENERAL_CONVERSATION
unmute command number 1149,UNMUTE
search query number 454,WEB_SEARCH
general conversation number 1082,GENERAL_CONVERSATION
mute command number 330,MUTE
get time request number 811,GET_TIME
open application number 640,OPEN_APP
mute command number 366,MUTE
unmute command number 12,UNMUTE
open application number 458,OPEN_APP
open file number 838,OPEN_FILE
get time request number 358,GET_TIME
mute command number 378,MUTE
unmute command number 736,UNMUTE
open application number 445,OPEN_APP
mute command number 189,MUTE
mute command number 199,MUTE
open file number 250,OPEN_FILE
mute command number 417,MUTE
open application number 266,OPEN_APP
open application number 1328,OPEN_APP
search query number 836,WEB_SEARCH
get time request number 632,GET_TIME
search query number 950,WEB_SEARCH
general conversation number 572,GENERAL_CONVERSATION
open application number 923,OPEN_APP
open file number 1374,OPEN_FILE
mute command number 255,MUTE
open file number 1347,OPEN_FILE
open application number 851,OPEN_APP
open application number 1239,OPEN_APP
get time request number 262,GET_TIME
general conversation number 209,GENERAL_CONVERSATION
open application number 1279,OPEN_APP
open application number 689,OPEN_APP
open file number 99,OPEN_FILE
open file number 314,OPEN_FILE
mute command number 658,MUTE
get time request number 1164,GET_TIME
open application number 937,OPEN_APP
unmute command number 1372,UNMUTE
general conversation number 1418,GENERAL_CONVERSATION
unmute command number 1165,UNMUTE
search query number 1325,WEB_SEARCH
open application number 677,OPEN_APP
general conversation number 1077,GENERAL_CONVERSATION
unmute command number 415,UNMUTE
unmute command number 494,UNMUTE
search query number 1021,WEB_SEARCH
get time request number 1029,GET_TIME
unmute command number 524,UNMUTE
open file number 889,OPEN_FILE
get time request number 30,GET_TIME
unmute command number 1164,UNMUTE
mute command number 683,MUTE
open file number 698,OPEN_FILE
mute command number 1425,MUTE
general conversation number 1383,GENERAL_CONVERSATION
unmute command number 536,UNMUTE
get time request number 346,GET_TIME
get time request number 870,GET_TIME
general conversation number 145,GENERAL_CONVERSATION
open file number 920,OPEN_FILE
search query number 494,WEB_SEARCH
unmute command number 450,UNMUTE
open file number 466,OPEN_FILE
unmute command number 1316,UNMUTE
unmute command number 1367,UNMUTE
open application number 272,OPEN_APP
search query number 1414,WEB_SEARCH
search query number 463,WEB_SEARCH
search query number 233,WEB_SEARCH
search query number 714,WEB_SEARCH
search query number 826,WEB_SEARCH
open file number 872,OPEN_FILE
unmute command number 303,UNMUTE
open application number 1377,OPEN_APP
mute command number 938,MUTE
general conversation number 1227,GENERAL_CONVERSATION
open file number 267,OPEN_FILE
mute command number 183,MUTE
get time request number 792,GET_TIME
open file number 746,OPEN_FILE
mute command number 263,MUTE
open file number 467,OPEN_FILE
search query number 7,WEB_SEARCH
mute command number 984,MUTE
mute command number 962,MUTE
get time request number 1256,GET_TIME
search query number 1060,WEB_SEARCH
open application number 1396,OPEN_APP
general conversation number 1113,GENERAL_CONVERSATION
unmute command number 206,UNMUTE
mute command number 1074,MUTE
mute command number 1036,MUTE
search query number 1119,WEB_SEARCH
mute command number 28,MUTE
general conversation number 544,GENERAL_CONVERSATION
open application number 74,OPEN_APP
unmute command number 135,UNMUTE
mute command number 216,MUTE
mute command number 1325,MUTE
search query number 626,WEB_SEARCH
general conversation number 753,GENERAL_CONVERSATION
general conversation number 374,GENERAL_CONVERSATION
general conversation number 195,GENERAL_CONVERSATION
get time request number 230,GET_TIME
search query number 418,WEB_SEARCH
open application number 699,OPEN_APP
open file number 1149,OPEN_FILE
open file number 1205,OPEN_FILE
open application number 465,OPEN_APP
open file number 1033,OPEN_FILE
get time request number 1119,GET_TIME
mute command number 1226,MUTE
mute command number 725,MUTE
get time request number 710,GET_TIME
search query number 108,WEB_SEARCH
general conversation number 398,GENERAL_CONVERSATION
search query number 243,WEB_SEARCH
open file number 566,OPEN_FILE
general conversation number 429,GENERAL_CONVERSATION
open application number 1099,OPEN_APP
general conversation number 354,GENERAL_CONVERSATION
general conversation number 1392,GENERAL_CONVERSATION
open file number 852,OPEN_FILE
mute command number 391,MUTE
open application number 359,OPEN_APP
open file number 85,OPEN_FILE
search query number 949,WEB_SEARCH
get time request number 708,GET_TIME
general conversation number 954,GENERAL_CONVERSATION
open application number 516,OPEN_APP
open application number 1225,OPEN_APP
unmute command number 1170,UNMUTE
unmute command number 142,UNMUTE
open application number 1159,OPEN_APP
get time request number 1065,GET_TIME
get time request number 594,GET_TIME
mute command number 385,MUTE
open application number 180,OPEN_APP
open application number 925,OPEN_APP
open application number 853,OPEN_APP
general conversation number 368,GENERAL_CONVERSATION
get time request number 1205,GET_TIME
open application number 697,OPEN_APP
search query number 1270,WEB_SEARCH
search query number 539,WEB_SEARCH
get time request number 1331,GET_TIME
general conversation number 951,GENERAL_CONVERSATION
open file number 1099,OPEN_FILE
general conversation number 166,GENERAL_CONVERSATION
open file number 1075,OPEN_FILE
unmute command number 590,UNMUTE
general conversation number 1191,GENERAL_CONVERSATION
open file number 1179,OPEN_FILE
open file number 554,OPEN_FILE
search query number 172,WEB_SEARCH
general conversation number 331,GENERAL_CONVERSATION
open application number 444,OPEN_APP
open file number 140,OPEN_FILE
unmute command number 790,UNMUTE
general conversation number 589,GENERAL_CONVERSATION
open file number 121,OPEN_FILE
get time request number 362,GET_TIME
mute command number 917,MUTE
open application number 974,OPEN_APP
open file number 361,OPEN_FILE
get time request number 493,GET_TIME
open file number 936,OPEN_FILE
unmute command number 1017,UNMUTE
get time request number 1122,GET_TIME
mute command number 798,MUTE
open application number 1269,OPEN_APP
unmute command number 850,UNMUTE
open application number 1082,OPEN_APP
get time request number 299,GET_TIME
get time request number 235,GET_TIME
general conversation number 1188,GENERAL_CONVERSATION
open application number 946,OPEN_APP
unmute command number 75,UNMUTE
search query number 963,WEB_SEARCH
open application number 721,OPEN_APP
unmute command number 1248,UNMUTE
unmute command number 1318,UNMUTE
unmute command number 304,UNMUTE
open application number 312,OPEN_APP
general conversation number 928,GENERAL_CONVERSATION
open file number 392,OPEN_FILE
mute command number 416,MUTE
get time request number 1132,GET_TIME
mute command number 758,MUTE
general conversation number 1060,GENERAL_CONVERSATION
unmute command number 396,UNMUTE
unmute command number 612,UNMUTE
open file number 450,OPEN_FILE
search query number 679,WEB_SEARCH
search query number 1251,WEB_SEARCH
open application number 418,OPEN_APP
open application number 1371,OPEN_APP
get time request number 1364,GET_TIME
get time request number 240,GET_TIME
general conversation number 1345,GENERAL_CONVERSATION
open file number 592,OPEN_FILE
search query number 802,WEB_SEARCH
get time request number 876,GET_TIME
search query number 31,WEB_SEARCH
open application number 3,OPEN_APP
search query number 471,WEB_SEARCH
get time request number 991,GET_TIME
search query number 63,WEB_SEARCH
mute command number 188,MUTE
general conversation number 1169,GENERAL_CONVERSATION
mute command number 977,MUTE
unmute command number 1024,UNMUTE
get time request number 110,GET_TIME
general conversation number 588,GENERAL_CONVERSATION
get time request number 598,GET_TIME
open file number 756,OPEN_FILE
general conversation number 1145,GENERAL_CONVERSATION
general conversation number 385,GENERAL_CONVERSATION
unmute command number 1343,UNMUTE
open file number 1336,OPEN_FILE
mute command number 60,MUTE
open application number 72,OPEN_APP
open application number 956,OPEN_APP
general conversation number 269,GENERAL_CONVERSATION
unmute command number 1221,UNMUTE
open file number 1016,OPEN_FILE
open file number 662,OPEN_FILE
open file number 694,OPEN_FILE
mute command number 234,MUTE
open file number 306,OPEN_FILE
open application number 1215,OPEN_APP
get time request number 1322,GET_TIME
open file number 525,OPEN_FILE
open file number 231,OPEN_FILE
open application number 435,OPEN_APP
open file number 452,OPEN_FILE
mute command number 322,MUTE
open application number 281,OPEN_APP
unmute command number 1209,UNMUTE
mute command number 409,MUTE
mute command number 661,MUTE
search query number 425,WEB_SEARCH
general conversation number 379,GENERAL_CONVERSATION
unmute command number 215,UNMUTE
get time request number 1366,GET_TIME
unmute command number 554,UNMUTE
open file number 1279,OPEN_FILE
open application number 603,OPEN_APP
unmute command number 1279,UNMUTE
general conversation number 306,GENERAL_CONVERSATION
get time request number 1343,GET_TIME
unmute command number 102,UNMUTE
unmute command number 453,UNMUTE
search query number 757,WEB_SEARCH
mute command number 425,MUTE
open file number 1195,OPEN_FILE
general conversation number 198,GENERAL_CONVERSATION
get time request number 276,GET_TIME
search query number 558,WEB_SEARCH
unmute command number 1299,UNMUTE
open file number 550,OPEN_FILE
mute command number 505,MUTE
unmute command number 94,UNMUTE
unmute command number 829,UNMUTE
unmute command number 891,UNMUTE
general conversation number 1281,GENERAL_CONVERSATION
general conversation number 1045,GENERAL_CONVERSATION
open file number 1071,OPEN_FILE
open application number 112,OPEN_APP
open application number 361,OPEN_APP
general conversation number 896,GENERAL_CONVERSATION
open application number 354,OPEN_APP
mute command number 552,MUTE
unmute command number 987,UNMUTE
unmute command number 435,UNMUTE
mute command number 519,MUTE
open file number 614,OPEN_FILE
general conversation number 770,GENERAL_CONVERSATION
get time request number 445,GET_TIME
search query number 474,WEB_SEARCH
open file number 240,OPEN_FILE
mute command number 445,MUTE
get time request number 587,GET_TIME
search query number 457,WEB_SEARCH
general conversation number 300,GENERAL_CONVERSATION
mute command number 400,MUTE
open application number 784,OPEN_APP
open file number 385,OPEN_FILE
open application number 591,OPEN_APP
get time request number 979,GET_TIME
open file number 809,OPEN_FILE
get time request number 1200,GET_TIME
search query number 1206,WEB_SEARCH
get time request number 211,GET_TIME
mute command number 982,MUTE
unmute command number 950,UNMUTE
mute command number 517,MUTE
unmute command number 920,UNMUTE
unmute command number 1079,UNMUTE
open application number 109,OPEN_APP
unmute command number 958,UNMUTE
open application number 1186,OPEN_APP
search query number 974,WEB_SEARCH
search query number 79,WEB_SEARCH
mute command number 1055,MUTE
mute command number 732,MUTE
open file number 172,OPEN_FILE
general conversation number 734,GENERAL_CONVERSATION
unmute command number 500,UNMUTE
open file number 65,OPEN_FILE
open application number 331,OPEN_APP
open application number 176,OPEN_APP
search query number 259,WEB_SEARCH
general conversation number 874,GENERAL_CONVERSATION
open application number 241,OPEN_APP
search query number 1228,WEB_SEARCH
unmute command number 805,UNMUTE
search query number 811,WEB_SEARCH
unmute command number 107,UNMUTE
search query number 1265,WEB_SEARCH
get time request number 157,GET_TIME
open application number 141,OPEN_APP
open file number 712,OPEN_FILE
open file number 1319,OPEN_FILE
mute command number 612,MUTE
open application number 694,OPEN_APP
open file number 344,OPEN_FILE
unmute command number 575,UNMUTE
open file number 434,OPEN_FILE
general conversation number 1157,GENERAL_CONVERSATION
general conversation number 1342,GENERAL_CONVERSATION
unmute command number 1297,UNMUTE
general conversation number 1206,GENERAL_CONVERSATION
open application number 1300,OPEN_APP
general conversation number 1224,GENERAL_CONVERSATION
open application number 171,OPEN_APP
mute command number 1381,MUTE
open file number 578,OPEN_FILE
get time request number 720,GET_TIME
get time request number 529,GET_TIME
mute command number 472,MUTE
mute command number 1058,MUTE
general conversation number 559,GENERAL_CONVERSATION
mute command number 636,MUTE
mute command number 331,MUTE
open file number 380,OPEN_FILE
open application number 1223,OPEN_APP
open file number 512,OPEN_FILE
general conversation number 1421,GENERAL_CONVERSATION
search query number 102,WEB_SEARCH
general conversation number 230,GENERAL_CONVERSATION
open file number 271,OPEN_FILE
mute command number 630,MUTE
open application number 1202,OPEN_APP
search query number 363,WEB_SEARCH
get time request number 265,GET_TIME
open file number 294,OPEN_FILE
open application number 405,OPEN_APP
unmute command number 1114,UNMUTE
unmute command number 1368,UNMUTE
mute command number 1342,MUTE
get time request number 633,GET_TIME
general conversation number 10,GENERAL_CONVERSATION
unmute command number 966,UNMUTE
mute command number 985,MUTE
open application number 866,OPEN_APP
search query number 185,WEB_SEARCH
open application number 1178,OPEN_APP
get time request number 852,GET_TIME
mute command number 825,MUTE
mute command number 319,MUTE
search query number 421,WEB_SEARCH
unmute command number 184,UNMUTE
get time request number 724,GET_TIME
search query number 401,WEB_SEARCH
search query number 33,WEB_SEARCH
general conversation number 1081,GENERAL_CONVERSATION
unmute command number 916,UNMUTE
search query number 319,WEB_SEARCH
open application number 1101,OPEN_APP
mute command number 1418,MUTE
mute command number 97,MUTE
general conversation number 1017,GENERAL_CONVERSATION
get time request number 1150,GET_TIME
mute command number 656,MUTE
unmute command number 821,UNMUTE
search query number 728,WEB_SEARCH
mute command number 834,MUTE
get time request number 424,GET_TIME
mute command number 51,MUTE
general conversation number 1420,GENERAL_CONVERSATION
unmute command number 1107,UNMUTE
general conversation number 6,GENERAL_CONVERSATION
open application number 704,OPEN_APP
mute command number 707,MUTE
general conversation number 600,GENERAL_CONVERSATION
mute command number 652,MUTE
get time request number 1219,GET_TIME
unmute command number 675,UNMUTE
search query number 741,WEB_SEARCH
mute command number 1246,MUTE
open application number 414,OPEN_APP
open application number 282,OPEN_APP
search query number 321,WEB_SEARCH
