text,intent(LABELS)
unmute yourself,UNMUTE
run app store,OPEN_APP
open accessibility,OPEN_APP
launch contract2025.docx,OPEN_FILE
tell me about tech,GENERAL_CONVERSATION
what's the meaning of life,GENERAL_CONVERSATION
search for news about elections,WEB_SEARCH
google meaning of AI,WEB_SEARCH
tell me about science,GENERAL_CONVERSATION
launch checklist.csv,OPEN_FILE
what can you do,GENERAL_CONVERSATION
start talking again,UNMUTE
open after effects,OPEN_APP
what’s the clock say,GET_TIME
mute yourself,MUTE
can you tell the time,GET_TIME
time right now,GET_TIME
voice on,UNMUTE
open system_logs.txt,OPEN_FILE
ace search for coding bootcamps,WEB_SEARCH
voice on,UNMUTE
open system_logs.txt,OPEN_FILE
mute yourself,MUTE
look for best smartphones 2025,WEB_SEARCH
what time is it,GET_TIME
ace search for healthy diet plan,WEB_SEARCH
open thesis.pdf,OPEN_FILE
be silent,MUTE
open profile_pic.jpg,OPEN_FILE
ace unmute,UNMUTE
open vscode,OPEN_APP
start talking again,UNMUTE
what time is it,GET_TIME
resume speaking,UNMUTE
what’s your thought,GENERAL_CONVERSATION
ace unmute,UNMUTE
ace search for news headlines,WEB_SEARCH
mute yourself,MUTE
tell me about tech,GENERAL_CONVERSATION
open database.sql,OPEN_FILE
resume speaking,UNMUTE
ace mute,MUTE
google news headlines,WEB_SEARCH
start talking again,UNMUTE
be silent,MUTE
what time is it,GET_TIME
show me nearest coffee shop,WEB_SEARCH
launch mockup.ai,OPEN_FILE
ace open whatsapp,OPEN_APP
shut up,MUTE
ace mute,MUTE
start calculator plus,OPEN_APP
show me checklist.csv,OPEN_FILE
open presentation_final.pptx,OPEN_FILE
launch mockup.ai,OPEN_FILE
launch styles.css,OPEN_FILE
say hi,GENERAL_CONVERSATION
look for Elon Musk,WEB_SEARCH
launch task manager,OPEN_APP
ace open preview,OPEN_APP
be silent,MUTE
say something funny,GENERAL_CONVERSATION
give me trivia,GENERAL_CONVERSATION
start talking again,UNMUTE
launch settings panel,OPEN_APP
ace open diagram.svg,OPEN_FILE
voice on,UNMUTE
what’s your thought,GENERAL_CONVERSATION
can you tell the time,GET_TIME
show me Elon Musk,WEB_SEARCH
ace open script.js,OPEN_FILE
mute yourself,MUTE
launch presentation_demo.pptx,OPEN_FILE
how's your day going,GENERAL_CONVERSATION
what time is it,GET_TIME
be silent,MUTE
launch resume.pdf,OPEN_FILE
what's your opinion on movies,GENERAL_CONVERSATION
show me timetable.xlsx,OPEN_FILE
open presentation.pptx,OPEN_FILE
find nearby gyms,WEB_SEARCH
mute yourself,MUTE
time right now,GET_TIME
ace open twitter,OPEN_APP
stop talking,MUTE
launch zoom,OPEN_APP
what’s the clock say,GET_TIME
google weather in Bahadurgarh,WEB_SEARCH
what's up,GENERAL_CONVERSATION
ace unmute,UNMUTE
let's talk,GENERAL_CONVERSATION
ace open archive.zip,OPEN_FILE
show me styles.css,OPEN_FILE
show me travel tips for Japan,WEB_SEARCH
tell me the time,GET_TIME
show me invoice_2025.pdf,OPEN_FILE
time right now,GET_TIME
launch files app,OPEN_APP
check time please,GET_TIME
show me expenses.xlsx,OPEN_FILE
be silent,MUTE
start calendar,OPEN_APP
how do you feel,GENERAL_CONVERSATION
voice on,UNMUTE
resume speaking,UNMUTE
search for chicken curry recipes,WEB_SEARCH
find latest technology updates,WEB_SEARCH
resume speaking,UNMUTE
search for latest technology updates,WEB_SEARCH
how’s it going,GENERAL_CONVERSATION
tell me about science,GENERAL_CONVERSATION
find climate change,WEB_SEARCH
ace unmute,UNMUTE
find travel tips for Japan,WEB_SEARCH
ace open checklist.csv,OPEN_FILE
stop talking,MUTE
launch screenshot.png,OPEN_FILE
ace mute,MUTE
show me profile_pic.jpg,OPEN_FILE
what’s the clock say,GET_TIME
tell me about yourself,GENERAL_CONVERSATION
launch accessibility,OPEN_APP
what time is it,GET_TIME
be silent,MUTE
voice on,UNMUTE
voice on,UNMUTE
check time please,GET_TIME
shut up,MUTE
time right now,GET_TIME
search for twitter trends,WEB_SEARCH
tell me about tech,GENERAL_CONVERSATION
mute yourself,MUTE
show me logo.png,OPEN_FILE
ace unmute,UNMUTE
unmute yourself,UNMUTE
what’s the clock say,GET_TIME
look for youtube trending videos,WEB_SEARCH
look up nearby movie theaters,WEB_SEARCH
time right now,GET_TIME
ace open budget.csv,OPEN_FILE
what's the meaning of life,GENERAL_CONVERSATION
show me project_notes.txt,OPEN_FILE
launch brochure.pdf,OPEN_FILE
tell me the time,GET_TIME
what time is it,GET_TIME
stop talking,MUTE
open after effects,OPEN_APP
stop talking,MUTE
shut up,MUTE
look for best smartphones 2025,WEB_SEARCH
time right now,GET_TIME
ace open app.js,OPEN_FILE
chat with me,GENERAL_CONVERSATION
tell me the time,GET_TIME
say something cool,GENERAL_CONVERSATION
ace search for AI research papers,WEB_SEARCH
hey ace,GENERAL_CONVERSATION
mute yourself,MUTE
be silent,MUTE
ace open downloads folder,OPEN_FILE
ace search for climate change,WEB_SEARCH
tell me the time,GET_TIME
launch photoshop,OPEN_APP
ace open timetable.xlsx,OPEN_FILE
show me notes_draft.txt,OPEN_FILE
shut up,MUTE
what time is it,GET_TIME
voice on,UNMUTE
find chicken curry recipes,WEB_SEARCH
ace open netflix,OPEN_APP
shut up,MUTE
launch design.png,OPEN_FILE
current time please,GET_TIME
what's up,GENERAL_CONVERSATION
start itunes,OPEN_APP
share something random,GENERAL_CONVERSATION
shut up,MUTE
voice on,UNMUTE
resume speaking,UNMUTE
mute yourself,MUTE
tell me the time,GET_TIME
tell me about science,GENERAL_CONVERSATION
launch document sales.xlsx,OPEN_FILE
start finder,OPEN_APP
ace open instagram,OPEN_APP
show me tax_report.docx,OPEN_FILE
search for python tutorials,WEB_SEARCH
launch steam,OPEN_APP
stop talking,MUTE
stop talking,MUTE
launch contract2025.docx,OPEN_FILE
check time please,GET_TIME
look up news headlines,WEB_SEARCH
run mail app,OPEN_APP
show me coding bootcamps,WEB_SEARCH
launch checklist.csv,OPEN_FILE
start app store,OPEN_APP
be silent,MUTE
current time please,GET_TIME
ace search for weather in Bahadurgarh,WEB_SEARCH
look up space exploration,WEB_SEARCH
shut up,MUTE
voice on,UNMUTE
be silent,MUTE
unmute yourself,UNMUTE
ace search for climate change,WEB_SEARCH
run twitter,OPEN_APP
stop talking,MUTE
start talking again,UNMUTE
can you tell the time,GET_TIME
shut up,MUTE
mute yourself,MUTE
unmute yourself,UNMUTE
show me research.pdf,OPEN_FILE
check time please,GET_TIME
look for meaning of AI,WEB_SEARCH
check time please,GET_TIME
current time please,GET_TIME
show me coding bootcamps,WEB_SEARCH
ace open poster.png,OPEN_FILE
tell me about nature,GENERAL_CONVERSATION
launch xcode,OPEN_APP
ace unmute,UNMUTE
can you tell the time,GET_TIME
ace mute,MUTE
what can you do,GENERAL_CONVERSATION
can you tell the time,GET_TIME
mute yourself,MUTE
resume speaking,UNMUTE
shut up,MUTE
how are you,GENERAL_CONVERSATION
start terminal pro,OPEN_APP
can you tell the time,GET_TIME
look for AI research papers,WEB_SEARCH
resume speaking,UNMUTE
launch financials.xlsx,OPEN_FILE
unmute yourself,UNMUTE
current time please,GET_TIME
how do you feel,GENERAL_CONVERSATION
tell me about nature,GENERAL_CONVERSATION
say something cool,GENERAL_CONVERSATION
look for best smartphones 2025,WEB_SEARCH
shut up,MUTE
find cricket world cup score,WEB_SEARCH
open settings,OPEN_APP
hey ace,GENERAL_CONVERSATION
search for python tutorials,WEB_SEARCH
ace unmute,UNMUTE
search for info on tesla cars,WEB_SEARCH
stop talking,MUTE
ace open homework.docx,OPEN_FILE
show me system_logs.txt,OPEN_FILE
ace open system_logs.txt,OPEN_FILE
search for nearby movie theaters,WEB_SEARCH
open kindle,OPEN_APP
start talking again,UNMUTE
be silent,MUTE
ace open music player,OPEN_APP
run telegram,OPEN_APP
shut up,MUTE
launch thesis.pdf,OPEN_FILE
ace search for cheapest flight tickets,WEB_SEARCH
open files app,OPEN_APP
ace search for latest technology updates,WEB_SEARCH
open data_analysis.py,OPEN_FILE
say something funny,GENERAL_CONVERSATION
ace unmute,UNMUTE
check time please,GET_TIME
shut up,MUTE
launch dictionary app,OPEN_APP
what time is it,GET_TIME
ace mute,MUTE
show me contract.docx,OPEN_FILE
unmute yourself,UNMUTE
be silent,MUTE
launch maps app,OPEN_APP
give me trivia,GENERAL_CONVERSATION
start kindle,OPEN_APP
be silent,MUTE
share something random,GENERAL_CONVERSATION
launch telegram,OPEN_APP
mute yourself,MUTE
tell me the time,GET_TIME
time right now,GET_TIME
chat with me,GENERAL_CONVERSATION
run settings panel,OPEN_APP
what’s your thought,GENERAL_CONVERSATION
ace open research.pdf,OPEN_FILE
stop talking,MUTE
tell me about nature,GENERAL_CONVERSATION
ace unmute,UNMUTE
let’s chat,GENERAL_CONVERSATION
launch diagram.svg,OPEN_FILE
open contract2025.docx,OPEN_FILE
search for AI research papers,WEB_SEARCH
show me vacation_photos.zip,OPEN_FILE
google news headlines,WEB_SEARCH
stop talking,MUTE
what’s the clock say,GET_TIME
open task manager,OPEN_APP
ace unmute,UNMUTE
resume speaking,UNMUTE
search for sunset images,WEB_SEARCH
what can you do,GENERAL_CONVERSATION
show me project_notes.txt,OPEN_FILE
tell me the time,GET_TIME
start files app,OPEN_APP
ace open music player,OPEN_APP
time right now,GET_TIME
ace search for python tutorials,WEB_SEARCH
launch resume.pdf,OPEN_FILE
look for twitter trends,WEB_SEARCH
hey ace,GENERAL_CONVERSATION
google Elon Musk,WEB_SEARCH
say something cool,GENERAL_CONVERSATION
give me trivia,GENERAL_CONVERSATION
what do you think about AI,GENERAL_CONVERSATION
let’s chat,GENERAL_CONVERSATION
show me cheapest flight tickets,WEB_SEARCH
stop talking,MUTE
what can you do,GENERAL_CONVERSATION
can you tell the time,GET_TIME
unmute yourself,UNMUTE
how’s it going,GENERAL_CONVERSATION
hey ace,GENERAL_CONVERSATION
ace mute,MUTE
voice on,UNMUTE
ace open checklist.csv,OPEN_FILE
give me trivia,GENERAL_CONVERSATION
open audible,OPEN_APP
open task manager,OPEN_APP
ace open profile_pic.jpg,OPEN_FILE
start sound preferences,OPEN_APP
be silent,MUTE
check time please,GET_TIME
search for how to cook pasta,WEB_SEARCH
open financials.xlsx,OPEN_FILE
open settings,OPEN_APP
launch spotify,OPEN_APP
tell me about yourself,GENERAL_CONVERSATION
launch presentation_demo.pptx,OPEN_FILE
what’s the clock say,GET_TIME
mute yourself,MUTE
stop talking,MUTE
find stock price of Apple,WEB_SEARCH
what time is it,GET_TIME
unmute yourself,UNMUTE
any news ace,GENERAL_CONVERSATION
time right now,GET_TIME
voice on,UNMUTE
how do you feel,GENERAL_CONVERSATION
show me profile_pic.jpg,OPEN_FILE
ace mute,MUTE
unmute yourself,UNMUTE
voice on,UNMUTE
show me index.html,OPEN_FILE
what’s your thought,GENERAL_CONVERSATION
tell me the time,GET_TIME
be silent,MUTE
mute yourself,MUTE
hey ace,GENERAL_CONVERSATION
look up nearest coffee shop,WEB_SEARCH
be silent,MUTE
stop talking,MUTE
launch data_analysis.py,OPEN_FILE
check time please,GET_TIME
open styles.css,OPEN_FILE
launch whatsapp,OPEN_APP
time right now,GET_TIME
show me space exploration,WEB_SEARCH
tell me the time,GET_TIME
shut up,MUTE
launch system monitor,OPEN_APP
show me expenses.xlsx,OPEN_FILE
let’s chat,GENERAL_CONVERSATION
voice on,UNMUTE
what do you know about space,GENERAL_CONVERSATION
launch calendar,OPEN_APP
what time is it,GET_TIME
stop talking,MUTE
what’s the clock say,GET_TIME
ace open steam,OPEN_APP
say something cool,GENERAL_CONVERSATION
open discord,OPEN_APP
current time please,GET_TIME
ace open premiere pro,OPEN_APP
ace mute,MUTE
run calendar,OPEN_APP
open report file,OPEN_FILE
ace mute,MUTE
ace open research.pdf,OPEN_FILE
voice on,UNMUTE
ace open brochure.pdf,OPEN_FILE
google nearby gyms,WEB_SEARCH
can you tell the time,GET_TIME
ace unmute,UNMUTE
time right now,GET_TIME
shut up,MUTE
ace open todo_list.txt,OPEN_FILE
show me presentation.pptx,OPEN_FILE
run zoom,OPEN_APP
mute yourself,MUTE
what do you think about AI,GENERAL_CONVERSATION
google nearby gyms,WEB_SEARCH
mute yourself,MUTE
run vscode,OPEN_APP
unmute yourself,UNMUTE
what time is it,GET_TIME
ace unmute,UNMUTE
what time is it,GET_TIME
ace open styles.css,OPEN_FILE
ace open notes_draft.txt,OPEN_FILE
show me latest technology updates,WEB_SEARCH
mute yourself,MUTE
find stock price of Apple,WEB_SEARCH
what’s the clock say,GET_TIME
check time please,GET_TIME
share something random,GENERAL_CONVERSATION
mute yourself,MUTE
what do you think about AI,GENERAL_CONVERSATION
start talking again,UNMUTE
ace open word,OPEN_APP
do you like music,GENERAL_CONVERSATION
ace open model.pkl,OPEN_FILE
start talking again,UNMUTE
find sunset images,WEB_SEARCH
tell me about yourself,GENERAL_CONVERSATION
unmute yourself,UNMUTE
start talking again,UNMUTE
find nearby movie theaters,WEB_SEARCH
shut up,MUTE
tell me the time,GET_TIME
start talking again,UNMUTE
let's talk,GENERAL_CONVERSATION
start talking again,UNMUTE
shut up,MUTE
mute yourself,MUTE
launch contacts,OPEN_APP
open contract2025.docx,OPEN_FILE
mute yourself,MUTE
search for info on tesla cars,WEB_SEARCH
show me script.js,OPEN_FILE
time right now,GET_TIME
look up climate change,WEB_SEARCH
open telegram,OPEN_APP
mute yourself,MUTE
launch syllabus.pdf,OPEN_FILE
unmute yourself,UNMUTE
open contract2025.docx,OPEN_FILE
launch mockup.ai,OPEN_FILE
voice on,UNMUTE
what’s the clock say,GET_TIME
what do you know about space,GENERAL_CONVERSATION
ace unmute,UNMUTE
open slack,OPEN_APP
shut up,MUTE
what can you do,GENERAL_CONVERSATION
what’s your thought,GENERAL_CONVERSATION
ace open document sales.xlsx,OPEN_FILE
open android studio,OPEN_APP
how do you feel,GENERAL_CONVERSATION
mute yourself,MUTE
resume speaking,UNMUTE
resume speaking,UNMUTE
ace open word,OPEN_APP
search for meaning of AI,WEB_SEARCH
open netflix,OPEN_APP
ace open article.txt,OPEN_FILE
look for climate change,WEB_SEARCH
start talking again,UNMUTE
ace open checklist.csv,OPEN_FILE
resume speaking,UNMUTE
tell me something interesting,GENERAL_CONVERSATION
what's your opinion on movies,GENERAL_CONVERSATION
current time please,GET_TIME
tell me a joke,GENERAL_CONVERSATION
look for cheapest flight tickets,WEB_SEARCH
launch settings,OPEN_APP
search for pizza recipe,WEB_SEARCH
check time please,GET_TIME
find cricket world cup score,WEB_SEARCH
time right now,GET_TIME
how’s it going,GENERAL_CONVERSATION
be silent,MUTE
find meaning of AI,WEB_SEARCH
what’s the clock say,GET_TIME
any news ace,GENERAL_CONVERSATION
unmute yourself,UNMUTE
resume speaking,UNMUTE
ace unmute,UNMUTE
unmute yourself,UNMUTE
share something random,GENERAL_CONVERSATION
any news ace,GENERAL_CONVERSATION
time right now,GET_TIME
tell me about tech,GENERAL_CONVERSATION
open vscode,OPEN_APP
how’s it going,GENERAL_CONVERSATION
stop talking,MUTE
launch app.js,OPEN_FILE
unmute yourself,UNMUTE
open invoice_2025.pdf,OPEN_FILE
open script.js,OPEN_FILE
voice on,UNMUTE
start discord,OPEN_APP
what's your opinion on movies,GENERAL_CONVERSATION
shut up,MUTE
ace open document sales.xlsx,OPEN_FILE
run vscode,OPEN_APP
show me timetable.xlsx,OPEN_FILE
what’s the clock say,GET_TIME
what’s your thought,GENERAL_CONVERSATION
can you tell the time,GET_TIME
unmute yourself,UNMUTE
tell me the time,GET_TIME
open google chrome,OPEN_APP
do you like music,GENERAL_CONVERSATION
open mockup.ai,OPEN_FILE
check time please,GET_TIME
start talking again,UNMUTE
tell me about yourself,GENERAL_CONVERSATION
say something funny,GENERAL_CONVERSATION
tell me about tech,GENERAL_CONVERSATION
ace search for pizza recipe,WEB_SEARCH
stop talking,MUTE
resume speaking,UNMUTE
show me system_logs.txt,OPEN_FILE
look for news headlines,WEB_SEARCH
any news ace,GENERAL_CONVERSATION
ace open syllabus.pdf,OPEN_FILE
launch premiere pro,OPEN_APP
what can you do,GENERAL_CONVERSATION
launch terminal,OPEN_APP
open tax_report.docx,OPEN_FILE
resume speaking,UNMUTE
ace search for youtube music,WEB_SEARCH
show me free online courses,WEB_SEARCH
ace open slack,OPEN_APP
mute yourself,MUTE
ace open invoice_2025.pdf,OPEN_FILE
launch calculator,OPEN_APP
launch excel,OPEN_APP
how do you feel,GENERAL_CONVERSATION
resume speaking,UNMUTE
google twitter trends,WEB_SEARCH
start calculator plus,OPEN_APP
mute yourself,MUTE
be silent,MUTE
voice on,UNMUTE
tell me something interesting,GENERAL_CONVERSATION
what's your opinion on movies,GENERAL_CONVERSATION
ace open premiere pro,OPEN_APP
look up Elon Musk,WEB_SEARCH
time right now,GET_TIME
launch vacation_photos.zip,OPEN_FILE
start talking again,UNMUTE
ace open research.pdf,OPEN_FILE
show me stock market today,WEB_SEARCH
current time please,GET_TIME
mute yourself,MUTE
find best smartphones 2025,WEB_SEARCH
resume speaking,UNMUTE
look up pizza recipe,WEB_SEARCH
time right now,GET_TIME
what do you know about space,GENERAL_CONVERSATION
ace mute,MUTE
find healthy diet plan,WEB_SEARCH
google coding bootcamps,WEB_SEARCH
start talking again,UNMUTE
mute yourself,MUTE
launch unity,OPEN_APP
ace open youtube app,OPEN_APP
can you tell the time,GET_TIME
run netflix,OPEN_APP
be silent,MUTE
google football match schedule,WEB_SEARCH
ace unmute,UNMUTE
show me tax_report.docx,OPEN_FILE
ace open screenshot.png,OPEN_FILE
find space exploration,WEB_SEARCH
look for free online courses,WEB_SEARCH
ace open calendar,OPEN_APP
can you tell the time,GET_TIME
tell me a fun fact,GENERAL_CONVERSATION
be silent,MUTE
launch after effects,OPEN_APP
how are you,GENERAL_CONVERSATION
tell me the time,GET_TIME
show me budget.csv,OPEN_FILE
search for meaning of AI,WEB_SEARCH
shut up,MUTE
show me latest gadgets,WEB_SEARCH
tell me the time,GET_TIME
unmute yourself,UNMUTE
start talking again,UNMUTE
ace unmute,UNMUTE
show me twitter trends,WEB_SEARCH
start zoom,OPEN_APP
resume speaking,UNMUTE
ace open downloads folder,OPEN_FILE
show me stock market today,WEB_SEARCH
ace open mockup.ai,OPEN_FILE
launch tax_report.docx,OPEN_FILE
shut up,MUTE
show me stock price of Apple,WEB_SEARCH
ace search for macbook prices,WEB_SEARCH
look up news headlines,WEB_SEARCH
ace open photoshop,OPEN_APP
launch logo.png,OPEN_FILE
open calculator,OPEN_APP
resume speaking,UNMUTE
share something random,GENERAL_CONVERSATION
search for twitter trends,WEB_SEARCH
launch summary.doc,OPEN_FILE
search for healthy diet plan,WEB_SEARCH
time right now,GET_TIME
can we talk,GENERAL_CONVERSATION
run settings,OPEN_APP
ace open homework.docx,OPEN_FILE
find NASA news,WEB_SEARCH
resume speaking,UNMUTE
tell me about nature,GENERAL_CONVERSATION
look for youtube music,WEB_SEARCH
stop talking,MUTE
show me design.png,OPEN_FILE
can we talk,GENERAL_CONVERSATION
tell me the time,GET_TIME
what’s the clock say,GET_TIME
what time is it,GET_TIME
ace mute,MUTE
resume speaking,UNMUTE
tell me about tech,GENERAL_CONVERSATION
open timetable.xlsx,OPEN_FILE
share something random,GENERAL_CONVERSATION
look for news headlines,WEB_SEARCH
resume speaking,UNMUTE
open research.pdf,OPEN_FILE
start talking again,UNMUTE
launch profile_pic.jpg,OPEN_FILE
time right now,GET_TIME
ace search for twitter trends,WEB_SEARCH
shut up,MUTE
search for weather in Bahadurgarh,WEB_SEARCH
voice on,UNMUTE
start talking again,UNMUTE
start maps app,OPEN_APP
tell me the time,GET_TIME
show me project_notes.txt,OPEN_FILE
show me downloads folder,OPEN_FILE
ace mute,MUTE
search for info on tesla cars,WEB_SEARCH
run files app,OPEN_APP
show me presentation_final.pptx,OPEN_FILE
start talking again,UNMUTE
launch contract2025.docx,OPEN_FILE
ace mute,MUTE
ace open finder,OPEN_APP
ace unmute,UNMUTE
ace search for news about elections,WEB_SEARCH
open reminders,OPEN_APP
time right now,GET_TIME
what’s the clock say,GET_TIME
start talking again,UNMUTE
what time is it,GET_TIME
what’s the clock say,GET_TIME
unmute yourself,UNMUTE
mute yourself,MUTE
ace open twitter,OPEN_APP
time right now,GET_TIME
mute yourself,MUTE
open timetable.xlsx,OPEN_FILE
show me resume.pdf,OPEN_FILE
unmute yourself,UNMUTE
unmute yourself,UNMUTE
show me model.pkl,OPEN_FILE
what’s the clock say,GET_TIME
mute yourself,MUTE
show me space exploration,WEB_SEARCH
current time please,GET_TIME
can you tell the time,GET_TIME
look for AI research papers,WEB_SEARCH
stop talking,MUTE
launch terminal pro,OPEN_APP
start talking again,UNMUTE
voice on,UNMUTE
launch photos app,OPEN_APP
run steam,OPEN_APP
start files app,OPEN_APP
start talking again,UNMUTE
resume speaking,UNMUTE
ace mute,MUTE
how’s it going,GENERAL_CONVERSATION
launch financials.xlsx,OPEN_FILE
start discord,OPEN_APP
tell me the time,GET_TIME
google twitter trends,WEB_SEARCH
what’s the clock say,GET_TIME
what do you think about AI,GENERAL_CONVERSATION
voice on,UNMUTE
tell me the time,GET_TIME
launch tax_report.docx,OPEN_FILE
start talking again,UNMUTE
say something cool,GENERAL_CONVERSATION
ace open movie.mp4,OPEN_FILE
launch checklist.csv,OPEN_FILE
can you tell the time,GET_TIME
voice on,UNMUTE
check time please,GET_TIME
show me travel tips for Japan,WEB_SEARCH
show me latest technology updates,WEB_SEARCH
be silent,MUTE
search for youtube trending videos,WEB_SEARCH
ace open dictionary app,OPEN_APP
let's talk,GENERAL_CONVERSATION
be silent,MUTE
start talking again,UNMUTE
look for healthy diet plan,WEB_SEARCH
resume speaking,UNMUTE
what's the meaning of life,GENERAL_CONVERSATION
search for how to cook pasta,WEB_SEARCH
voice on,UNMUTE
start talking again,UNMUTE
let's talk,GENERAL_CONVERSATION
check time please,GET_TIME
ace unmute,UNMUTE
find AI research papers,WEB_SEARCH
open data_analysis.py,OPEN_FILE
be silent,MUTE
start finder,OPEN_APP
ace mute,MUTE
voice on,UNMUTE
start talking again,UNMUTE
launch dictionary app,OPEN_APP
open movie.mp4,OPEN_FILE
ace open calculator plus,OPEN_APP
tell me the time,GET_TIME
tell me about science,GENERAL_CONVERSATION
open slack,OPEN_APP
look up how to cook pasta,WEB_SEARCH
show me screenshot.png,OPEN_FILE
chat with me,GENERAL_CONVERSATION
ace mute,MUTE
voice on,UNMUTE
stop talking,MUTE
run safari reader,OPEN_APP
current time please,GET_TIME
show me AI research papers,WEB_SEARCH
launch design.png,OPEN_FILE
ace search for travel tips for Japan,WEB_SEARCH
voice on,UNMUTE
shut up,MUTE
launch finder,OPEN_APP
voice on,UNMUTE
ace unmute,UNMUTE
find twitter trends,WEB_SEARCH
ace open styles.css,OPEN_FILE
ace open accessibility,OPEN_APP
what’s the clock say,GET_TIME
current time please,GET_TIME
search for healthy diet plan,WEB_SEARCH
can we talk,GENERAL_CONVERSATION
can we talk,GENERAL_CONVERSATION
be silent,MUTE
tell me about science,GENERAL_CONVERSATION
start talking again,UNMUTE
what time is it,GET_TIME
ace mute,MUTE
start telegram,OPEN_APP
unmute yourself,UNMUTE
find info on tesla cars,WEB_SEARCH
ace unmute,UNMUTE
resume speaking,UNMUTE
voice on,UNMUTE
unmute yourself,UNMUTE
check time please,GET_TIME
launch app.js,OPEN_FILE
can you tell the time,GET_TIME
start app store,OPEN_APP
ace unmute,UNMUTE
say hi,GENERAL_CONVERSATION
ace open design.png,OPEN_FILE
ace open contacts,OPEN_APP
resume speaking,UNMUTE
look up stock price of Apple,WEB_SEARCH
shut up,MUTE
resume speaking,UNMUTE
show me styles.css,OPEN_FILE
mute yourself,MUTE
start talking again,UNMUTE
ace open premiere pro,OPEN_APP
open thesis.pdf,OPEN_FILE
can you tell the time,GET_TIME
show me pizza recipe,WEB_SEARCH
resume speaking,UNMUTE
show me chicken curry recipes,WEB_SEARCH
mute yourself,MUTE
run sound preferences,OPEN_APP
what’s the clock say,GET_TIME
launch logo.png,OPEN_FILE
ace unmute,UNMUTE
look up NASA news,WEB_SEARCH
voice on,UNMUTE
ace open maps app,OPEN_APP
what time is it,GET_TIME
what do you think about AI,GENERAL_CONVERSATION
open downloads folder,OPEN_FILE
launch terminal pro,OPEN_APP
be silent,MUTE
launch task manager,OPEN_APP
ace unmute,UNMUTE
show me meeting_minutes.doc,OPEN_FILE
check time please,GET_TIME
open contract.docx,OPEN_FILE
any news ace,GENERAL_CONVERSATION
open zoom,OPEN_APP
launch task manager,OPEN_APP
time right now,GET_TIME
give me trivia,GENERAL_CONVERSATION
tell me about tech,GENERAL_CONVERSATION
open calculator,OPEN_APP
open movie.mp4,OPEN_FILE
unmute yourself,UNMUTE
mute yourself,MUTE
let's talk,GENERAL_CONVERSATION
ace search for free online courses,WEB_SEARCH
voice on,UNMUTE
launch mail app,OPEN_APP
show me research.pdf,OPEN_FILE
google nearby movie theaters,WEB_SEARCH
launch slack,OPEN_APP
google python tutorials,WEB_SEARCH
start settings panel,OPEN_APP
ace open slack,OPEN_APP
search for best smartphones 2025,WEB_SEARCH
start android studio,OPEN_APP
voice on,UNMUTE
mute yourself,MUTE
resume speaking,UNMUTE
mute yourself,MUTE
show me downloads folder,OPEN_FILE
be silent,MUTE
unmute yourself,UNMUTE
current time please,GET_TIME
ace open index.html,OPEN_FILE
show me news about elections,WEB_SEARCH
ace open presentation_demo.pptx,OPEN_FILE
hey ace,GENERAL_CONVERSATION
launch whatsapp,OPEN_APP
voice on,UNMUTE
launch project_notes.txt,OPEN_FILE
let's talk,GENERAL_CONVERSATION
say something funny,GENERAL_CONVERSATION
voice on,UNMUTE
check time please,GET_TIME
how are you,GENERAL_CONVERSATION
unmute yourself,UNMUTE
current time please,GET_TIME
ace search for macbook prices,WEB_SEARCH
start youtube app,OPEN_APP
start calculator plus,OPEN_APP
hey ace,GENERAL_CONVERSATION
current time please,GET_TIME
can you tell the time,GET_TIME
launch presentation_demo.pptx,OPEN_FILE
what time is it,GET_TIME
time right now,GET_TIME
what time is it,GET_TIME
open presentation_demo.pptx,OPEN_FILE
ace unmute,UNMUTE
google stock price of Apple,WEB_SEARCH
run terminal pro,OPEN_APP
search for macbook prices,WEB_SEARCH
check time please,GET_TIME
voice on,UNMUTE
unmute yourself,UNMUTE
what do you think about AI,GENERAL_CONVERSATION
ace unmute,UNMUTE
ace mute,MUTE
ace mute,MUTE
what time is it,GET_TIME
start talking again,UNMUTE
mute yourself,MUTE
launch design.png,OPEN_FILE
tell me about tech,GENERAL_CONVERSATION
show me how to cook pasta,WEB_SEARCH
ace unmute,UNMUTE
ace mute,MUTE
be silent,MUTE
do you like music,GENERAL_CONVERSATION
start talking again,UNMUTE
open terminal,OPEN_APP
ace mute,MUTE
launch word,OPEN_APP
launch invoice_2025.pdf,OPEN_FILE
shut up,MUTE
ace open obs studio,OPEN_APP
launch android studio,OPEN_APP
show me presentation.pptx,OPEN_FILE
open spotify,OPEN_APP
run excel,OPEN_APP
time right now,GET_TIME
ace mute,MUTE
show me downloads folder,OPEN_FILE
ace open archive.zip,OPEN_FILE
stop talking,MUTE
ace search for sunset images,WEB_SEARCH
ace search for sunset images,WEB_SEARCH
mute yourself,MUTE
run audible,OPEN_APP
resume speaking,UNMUTE
mute yourself,MUTE
google stock market today,WEB_SEARCH
time right now,GET_TIME
stop talking,MUTE
ace search for AI research papers,WEB_SEARCH
show me memes on reddit,WEB_SEARCH
check time please,GET_TIME
what’s your thought,GENERAL_CONVERSATION
any news ace,GENERAL_CONVERSATION
launch syllabus.pdf,OPEN_FILE
voice on,UNMUTE
be silent,MUTE
shut up,MUTE
launch todo_list.txt,OPEN_FILE
open styles.css,OPEN_FILE
time right now,GET_TIME
launch expenses.xlsx,OPEN_FILE
what time is it,GET_TIME
start talking again,UNMUTE
current time please,GET_TIME
resume speaking,UNMUTE
what’s the clock say,GET_TIME
chat with me,GENERAL_CONVERSATION
current time please,GET_TIME
show me article.txt,OPEN_FILE
stop talking,MUTE
ace open design.png,OPEN_FILE
ace mute,MUTE
voice on,UNMUTE
mute yourself,MUTE
can we talk,GENERAL_CONVERSATION
start talking again,UNMUTE
mute yourself,MUTE
google nearest coffee shop,WEB_SEARCH
show me latest technology updates,WEB_SEARCH
mute yourself,MUTE
run contacts,OPEN_APP
time right now,GET_TIME
tell me a fun fact,GENERAL_CONVERSATION
how’s it going,GENERAL_CONVERSATION
how's your day going,GENERAL_CONVERSATION
look up pizza recipe,WEB_SEARCH
tell me a fun fact,GENERAL_CONVERSATION
launch app.js,OPEN_FILE
open audible,OPEN_APP
voice on,UNMUTE
run bluetooth settings,OPEN_APP
run accessibility,OPEN_APP
how's your day going,GENERAL_CONVERSATION
let’s chat,GENERAL_CONVERSATION
ace open settings,OPEN_APP
ace mute,MUTE
show me model.pkl,OPEN_FILE
can you tell the time,GET_TIME
tell me the time,GET_TIME
voice on,UNMUTE
open styles.css,OPEN_FILE
show me contract2025.docx,OPEN_FILE
open movie.mp4,OPEN_FILE
resume speaking,UNMUTE
check time please,GET_TIME
what time is it,GET_TIME
ace open preview,OPEN_APP
time right now,GET_TIME
show me youtube trending videos,WEB_SEARCH
launch model.pkl,OPEN_FILE
start talking again,UNMUTE
start illustrator,OPEN_APP
ace open netflix,OPEN_APP
look up java documentation,WEB_SEARCH
run preview,OPEN_APP
ace unmute,UNMUTE
start facetime,OPEN_APP
tell me something interesting,GENERAL_CONVERSATION
mute yourself,MUTE
shut up,MUTE
how are you,GENERAL_CONVERSATION
look up cricket world cup score,WEB_SEARCH
current time please,GET_TIME
open maps app,OPEN_APP
ace mute,MUTE
what’s the clock say,GET_TIME
launch excel,OPEN_APP
tell me a fun fact,GENERAL_CONVERSATION
launch todo_list.txt,OPEN_FILE
ace mute,MUTE
launch design.png,OPEN_FILE
find news headlines,WEB_SEARCH
ace mute,MUTE
stop talking,MUTE
tell me a joke,GENERAL_CONVERSATION
what time is it,GET_TIME
hey ace,GENERAL_CONVERSATION
shut up,MUTE
tell me about tech,GENERAL_CONVERSATION
hey ace,GENERAL_CONVERSATION
ace open app.js,OPEN_FILE
launch thesis.pdf,OPEN_FILE
stop talking,MUTE
ace mute,MUTE
tell me the time,GET_TIME
launch timetable.xlsx,OPEN_FILE
mute yourself,MUTE
ace search for python tutorials,WEB_SEARCH
mute yourself,MUTE
google NASA news,WEB_SEARCH
resume speaking,UNMUTE
show me budget.csv,OPEN_FILE
say hi,GENERAL_CONVERSATION
look up stock price of Apple,WEB_SEARCH
find travel tips for Japan,WEB_SEARCH
time right now,GET_TIME
tell me the time,GET_TIME
tell me the time,GET_TIME
launch maps app,OPEN_APP
start files app,OPEN_APP
hey ace,GENERAL_CONVERSATION
ace unmute,UNMUTE
current time please,GET_TIME
ace unmute,UNMUTE
give me trivia,GENERAL_CONVERSATION
ace unmute,UNMUTE
what's the meaning of life,GENERAL_CONVERSATION
find coding bootcamps,WEB_SEARCH
how do you feel,GENERAL_CONVERSATION
ace unmute,UNMUTE
launch discord,OPEN_APP
what time is it,GET_TIME
be silent,MUTE
what time is it,GET_TIME
stop talking,MUTE
launch contract2025.docx,OPEN_FILE
be silent,MUTE
start files app,OPEN_APP
can you tell the time,GET_TIME
ace open todo_list.txt,OPEN_FILE
can you tell the time,GET_TIME
ace unmute,UNMUTE
launch research.pdf,OPEN_FILE
launch mockup.ai,OPEN_FILE
how do you feel,GENERAL_CONVERSATION
ace open contract2025.docx,OPEN_FILE
stop talking,MUTE
run spotify,OPEN_APP
open illustrator,OPEN_APP
open project_notes.txt,OPEN_FILE
can you tell the time,GET_TIME
find youtube trending videos,WEB_SEARCH
shut up,MUTE
open downloads folder,OPEN_FILE
how do you feel,GENERAL_CONVERSATION
what can you do,GENERAL_CONVERSATION
unmute yourself,UNMUTE
let’s chat,GENERAL_CONVERSATION
ace open financials.xlsx,OPEN_FILE
what’s the clock say,GET_TIME
ace open discord,OPEN_APP
ace open kindle,OPEN_APP
show me downloads folder,OPEN_FILE
launch terminal,OPEN_APP
time right now,GET_TIME
ace open todo_list.txt,OPEN_FILE
check time please,GET_TIME
stop talking,MUTE
what’s your thought,GENERAL_CONVERSATION
how's your day going,GENERAL_CONVERSATION
let’s chat,GENERAL_CONVERSATION
what's up,GENERAL_CONVERSATION
resume speaking,UNMUTE
voice on,UNMUTE
run calculator plus,OPEN_APP
tell me a joke,GENERAL_CONVERSATION
launch slack,OPEN_APP
current time please,GET_TIME
ace open app store,OPEN_APP
resume speaking,UNMUTE
tell me about tech,GENERAL_CONVERSATION
start blender,OPEN_APP
mute yourself,MUTE
what’s the clock say,GET_TIME
search for pizza recipe,WEB_SEARCH
be silent,MUTE
launch presentation.pptx,OPEN_FILE
search for nearest coffee shop,WEB_SEARCH
search for nearby movie theaters,WEB_SEARCH
start safari,OPEN_APP
what’s the clock say,GET_TIME
shut up,MUTE
mute yourself,MUTE
what time is it,GET_TIME
can you tell the time,GET_TIME
run calculator plus,OPEN_APP
voice on,UNMUTE
resume speaking,UNMUTE
launch script.js,OPEN_FILE
start talking again,UNMUTE
current time please,GET_TIME
start music player,OPEN_APP
launch after effects,OPEN_APP
current time please,GET_TIME
shut up,MUTE
launch system monitor,OPEN_APP
open android studio,OPEN_APP
tell me something interesting,GENERAL_CONVERSATION
ace unmute,UNMUTE
ace unmute,UNMUTE
show me latest technology updates,WEB_SEARCH
what’s your thought,GENERAL_CONVERSATION
unmute yourself,UNMUTE
unmute yourself,UNMUTE
check time please,GET_TIME
run vscode,OPEN_APP
ace open invoice_2025.pdf,OPEN_FILE
can you tell the time,GET_TIME
be silent,MUTE
ace open meeting_minutes.doc,OPEN_FILE
what time is it,GET_TIME
open calculator plus,OPEN_APP
show me document sales.xlsx,OPEN_FILE
what time is it,GET_TIME
ace open photos app,OPEN_APP
google memes on reddit,WEB_SEARCH
look for cheapest flight tickets,WEB_SEARCH
what time is it,GET_TIME
launch safari,OPEN_APP
what can you do,GENERAL_CONVERSATION
open system monitor,OPEN_APP
time right now,GET_TIME
stop talking,MUTE
ace open brochure.pdf,OPEN_FILE
give me trivia,GENERAL_CONVERSATION
time right now,GET_TIME
voice on,UNMUTE
launch discord,OPEN_APP
what time is it,GET_TIME
find cricket world cup score,WEB_SEARCH
be silent,MUTE
can you tell the time,GET_TIME
what time is it,GET_TIME
current time please,GET_TIME
ace mute,MUTE
unmute yourself,UNMUTE
shut up,MUTE
ace unmute,UNMUTE
say something funny,GENERAL_CONVERSATION
shut up,MUTE
tell me about tech,GENERAL_CONVERSATION
ace search for how to cook pasta,WEB_SEARCH
ace search for coding bootcamps,WEB_SEARCH
be silent,MUTE
what’s the clock say,GET_TIME
what’s the clock say,GET_TIME
shut up,MUTE
stop talking,MUTE
stop talking,MUTE
chat with me,GENERAL_CONVERSATION
what time is it,GET_TIME
voice on,UNMUTE
google space exploration,WEB_SEARCH
show me notes_draft.txt,OPEN_FILE
unmute yourself,UNMUTE
run terminal pro,OPEN_APP
show me youtube music,WEB_SEARCH
ace open vs community,OPEN_APP
be silent,MUTE
stop talking,MUTE
show me python tutorials,WEB_SEARCH
start twitter,OPEN_APP
stop talking,MUTE
check time please,GET_TIME
run photos app,OPEN_APP
open weekly_report.pdf,OPEN_FILE
run audible,OPEN_APP
launch logo.png,OPEN_FILE
ace open system monitor,OPEN_APP
ace unmute,UNMUTE
start talking again,UNMUTE
ace open maps app,OPEN_APP
stop talking,MUTE
unmute yourself,UNMUTE
find stock market today,WEB_SEARCH
open calendar,OPEN_APP
start maps app,OPEN_APP
time right now,GET_TIME
stop talking,MUTE
ace unmute,UNMUTE
google stock market today,WEB_SEARCH
unmute yourself,UNMUTE
can you tell the time,GET_TIME
ace open report file,OPEN_FILE
ace search for coding bootcamps,WEB_SEARCH
what's up,GENERAL_CONVERSATION
google stock price of Apple,WEB_SEARCH
how are you,GENERAL_CONVERSATION
voice on,UNMUTE
how do you feel,GENERAL_CONVERSATION
ace search for nearby movie theaters,WEB_SEARCH
be silent,MUTE
ace unmute,UNMUTE
ace search for sunset images,WEB_SEARCH
time right now,GET_TIME
show me news about elections,WEB_SEARCH
ace unmute,UNMUTE
can you tell the time,GET_TIME
what’s the clock say,GET_TIME
unmute yourself,UNMUTE
what time is it,GET_TIME
launch archive.zip,OPEN_FILE
start android studio,OPEN_APP
ace open contract2025.docx,OPEN_FILE
find chicken curry recipes,WEB_SEARCH
show me data_analysis.py,OPEN_FILE
share something random,GENERAL_CONVERSATION
google youtube trending videos,WEB_SEARCH
how are you,GENERAL_CONVERSATION
be silent,MUTE
open financials.xlsx,OPEN_FILE
what's up,GENERAL_CONVERSATION
check time please,GET_TIME
ace open photos app,OPEN_APP
search for nearby gyms,WEB_SEARCH
ace unmute,UNMUTE
what time is it,GET_TIME
voice on,UNMUTE
find nearby movie theaters,WEB_SEARCH
can you tell the time,GET_TIME
can you tell the time,GET_TIME
be silent,MUTE
resume speaking,UNMUTE
launch report file,OPEN_FILE
what time is it,GET_TIME
find latest technology updates,WEB_SEARCH
show me youtube music,WEB_SEARCH
run telegram,OPEN_APP
ace unmute,UNMUTE
launch budget.csv,OPEN_FILE
unmute yourself,UNMUTE
open timetable.xlsx,OPEN_FILE
resume speaking,UNMUTE
start talking again,UNMUTE
launch files app,OPEN_APP
what’s the clock say,GET_TIME
start kindle,OPEN_APP
launch system_logs.txt,OPEN_FILE
start talking again,UNMUTE
ace search for youtube music,WEB_SEARCH
voice on,UNMUTE
ace mute,MUTE
launch contract2025.docx,OPEN_FILE
run unity,OPEN_APP
let's talk,GENERAL_CONVERSATION
resume speaking,UNMUTE
be silent,MUTE
look up macbook prices,WEB_SEARCH
ace open terminal,OPEN_APP
ace unmute,UNMUTE
start netflix,OPEN_APP
ace search for travel tips for Japan,WEB_SEARCH
tell me a fun fact,GENERAL_CONVERSATION
ace open presentation.pptx,OPEN_FILE
open vscode,OPEN_APP
let’s chat,GENERAL_CONVERSATION
time right now,GET_TIME
be silent,MUTE
google NASA news,WEB_SEARCH
ace open photos app,OPEN_APP
what time is it,GET_TIME
start dictionary app,OPEN_APP
start obs studio,OPEN_APP
stop talking,MUTE
open database.sql,OPEN_FILE
show me stock price of Apple,WEB_SEARCH
resume speaking,UNMUTE
stop talking,MUTE
stop talking,MUTE
show me contract2025.docx,OPEN_FILE
tell me something interesting,GENERAL_CONVERSATION
what's your opinion on movies,GENERAL_CONVERSATION
tell me something interesting,GENERAL_CONVERSATION
find coding bootcamps,WEB_SEARCH
open todo_list.txt,OPEN_FILE
tell me about nature,GENERAL_CONVERSATION
ace search for cricket world cup score,WEB_SEARCH
can you tell the time,GET_TIME
run settings,OPEN_APP
start talking again,UNMUTE
ace open brochure.pdf,OPEN_FILE
time right now,GET_TIME
resume speaking,UNMUTE
be silent,MUTE
current time please,GET_TIME
share something random,GENERAL_CONVERSATION
run task manager,OPEN_APP
start talking again,UNMUTE
google space exploration,WEB_SEARCH
can we talk,GENERAL_CONVERSATION
say something funny,GENERAL_CONVERSATION
look up healthy diet plan,WEB_SEARCH
open calculator,OPEN_APP
ace mute,MUTE
let's talk,GENERAL_CONVERSATION
resume speaking,UNMUTE
what’s the clock say,GET_TIME
unmute yourself,UNMUTE
current time please,GET_TIME
what time is it,GET_TIME
how’s it going,GENERAL_CONVERSATION
let’s chat,GENERAL_CONVERSATION
stop talking,MUTE
search for youtube music,WEB_SEARCH
ace open twitter,OPEN_APP
ace open financials.xlsx,OPEN_FILE
open presentation_demo.pptx,OPEN_FILE
shut up,MUTE
be silent,MUTE
mute yourself,MUTE
tell me the time,GET_TIME
open reminders,OPEN_APP
ace open data_analysis.py,OPEN_FILE
resume speaking,UNMUTE
ace open after effects,OPEN_APP
unmute yourself,UNMUTE
ace mute,MUTE
open reminders,OPEN_APP
open summary.doc,OPEN_FILE
tell me about tech,GENERAL_CONVERSATION
start audible,OPEN_APP
ace mute,MUTE
find latest gadgets,WEB_SEARCH
ace mute,MUTE
shut up,MUTE
what do you think about AI,GENERAL_CONVERSATION
current time please,GET_TIME
ace open todo_list.txt,OPEN_FILE
how do you feel,GENERAL_CONVERSATION
start word,OPEN_APP
tell me about science,GENERAL_CONVERSATION
look for meaning of AI,WEB_SEARCH
start talking again,UNMUTE
check time please,GET_TIME
tell me the time,GET_TIME
find latest technology updates,WEB_SEARCH
show me coding bootcamps,WEB_SEARCH
what time is it,GET_TIME
open vacation_photos.zip,OPEN_FILE
ace open music player,OPEN_APP
find chicken curry recipes,WEB_SEARCH
tell me the time,GET_TIME
give me trivia,GENERAL_CONVERSATION
tell me the time,GET_TIME
show me sunset images,WEB_SEARCH
stop talking,MUTE
let’s chat,GENERAL_CONVERSATION
ace open todo_list.txt,OPEN_FILE
give me trivia,GENERAL_CONVERSATION
ace mute,MUTE
show me diagram.svg,OPEN_FILE
what's up,GENERAL_CONVERSATION
launch tax_report.docx,OPEN_FILE
check time please,GET_TIME
find news headlines,WEB_SEARCH
stop talking,MUTE
what's your opinion on movies,GENERAL_CONVERSATION
unmute yourself,UNMUTE
mute yourself,MUTE
open budget.csv,OPEN_FILE
how do you feel,GENERAL_CONVERSATION
ace open terminal pro,OPEN_APP
start talking again,UNMUTE
run youtube app,OPEN_APP
show me macbook prices,WEB_SEARCH
what’s the clock say,GET_TIME
ace mute,MUTE
open design.png,OPEN_FILE
launch word,OPEN_APP
current time please,GET_TIME
launch database.sql,OPEN_FILE
time right now,GET_TIME
tell me something interesting,GENERAL_CONVERSATION
unmute yourself,UNMUTE
ace open discord,OPEN_APP
shut up,MUTE
start talking again,UNMUTE
tell me about yourself,GENERAL_CONVERSATION
find pizza recipe,WEB_SEARCH
what's the meaning of life,GENERAL_CONVERSATION
chat with me,GENERAL_CONVERSATION
ace open presentation_demo.pptx,OPEN_FILE
unmute yourself,UNMUTE
stop talking,MUTE
show me latest gadgets,WEB_SEARCH
share something random,GENERAL_CONVERSATION
open itunes,OPEN_APP
what time is it,GET_TIME
open presentation.pptx,OPEN_FILE
launch poster.png,OPEN_FILE
open contract.docx,OPEN_FILE
show me timetable.xlsx,OPEN_FILE
find news about elections,WEB_SEARCH
open weekly_report.pdf,OPEN_FILE
ace open meeting_minutes.doc,OPEN_FILE
launch files app,OPEN_APP
voice on,UNMUTE
ace mute,MUTE
resume speaking,UNMUTE
ace unmute,UNMUTE
current time please,GET_TIME
be silent,MUTE
stop talking,MUTE
check time please,GET_TIME
tell me about tech,GENERAL_CONVERSATION
launch downloads folder,OPEN_FILE
find travel tips for Japan,WEB_SEARCH
how’s it going,GENERAL_CONVERSATION
ace mute,MUTE
ace mute,MUTE
look for best smartphones 2025,WEB_SEARCH
show me document sales.xlsx,OPEN_FILE
what's up,GENERAL_CONVERSATION
start talking again,UNMUTE
open zoom,OPEN_APP
shut up,MUTE
resume speaking,UNMUTE
what's up,GENERAL_CONVERSATION
what time is it,GET_TIME
voice on,UNMUTE
tell me the time,GET_TIME
unmute yourself,UNMUTE
shut up,MUTE
ace open settings,OPEN_APP
launch steam,OPEN_APP
ace unmute,UNMUTE
start maps app,OPEN_APP
what's the meaning of life,GENERAL_CONVERSATION
look for how to cook pasta,WEB_SEARCH
current time please,GET_TIME
voice on,UNMUTE
unmute yourself,UNMUTE
search for twitter trends,WEB_SEARCH
time right now,GET_TIME
chat with me,GENERAL_CONVERSATION
give me trivia,GENERAL_CONVERSATION
mute yourself,MUTE
look up python tutorials,WEB_SEARCH
time right now,GET_TIME
ace mute,MUTE
shut up,MUTE
run whatsapp,OPEN_APP
time right now,GET_TIME
time right now,GET_TIME
find football match schedule,WEB_SEARCH
ace unmute,UNMUTE
start itunes,OPEN_APP
start google chrome,OPEN_APP
ace unmute,UNMUTE
ace open terminal,OPEN_APP
open syllabus.pdf,OPEN_FILE
what time is it,GET_TIME
launch vs community,OPEN_APP
launch screenshot.png,OPEN_FILE
be silent,MUTE
what's the meaning of life,GENERAL_CONVERSATION
tell me the time,GET_TIME
ace open calendar,OPEN_APP
look up meaning of AI,WEB_SEARCH
open presentation.pptx,OPEN_FILE
show me app.js,OPEN_FILE
say something cool,GENERAL_CONVERSATION
what's the meaning of life,GENERAL_CONVERSATION
open profile_pic.jpg,OPEN_FILE
shut up,MUTE
show me project_notes.txt,OPEN_FILE
start terminal,OPEN_APP
check time please,GET_TIME
open data_analysis.py,OPEN_FILE
voice on,UNMUTE
resume speaking,UNMUTE
ace open system_logs.txt,OPEN_FILE
start talking again,UNMUTE
find youtube trending videos,WEB_SEARCH
mute yourself,MUTE
what do you think about AI,GENERAL_CONVERSATION
launch netflix,OPEN_APP
ace open vscode,OPEN_APP
look up weather in Bahadurgarh,WEB_SEARCH
open presentation_demo.pptx,OPEN_FILE
show me diagram.svg,OPEN_FILE
stop talking,MUTE
mute yourself,MUTE
launch files app,OPEN_APP
start talking again,UNMUTE
look for how to cook pasta,WEB_SEARCH
run xcode,OPEN_APP
search for latest gadgets,WEB_SEARCH
current time please,GET_TIME
say something cool,GENERAL_CONVERSATION
chat with me,GENERAL_CONVERSATION
resume speaking,UNMUTE
what do you think about AI,GENERAL_CONVERSATION
unmute yourself,UNMUTE
search for football match schedule,WEB_SEARCH
launch presentation_final.pptx,OPEN_FILE
find travel tips for Japan,WEB_SEARCH
current time please,GET_TIME
show me research.pdf,OPEN_FILE
show me pizza recipe,WEB_SEARCH
shut up,MUTE
start after effects,OPEN_APP
ace open notes_draft.txt,OPEN_FILE
ace mute,MUTE
what's up,GENERAL_CONVERSATION
launch telegram,OPEN_APP
run google chrome,OPEN_APP
unmute yourself,UNMUTE
ace mute,MUTE
what time is it,GET_TIME
look up healthy diet plan,WEB_SEARCH
google AI research papers,WEB_SEARCH
what’s the clock say,GET_TIME
hey ace,GENERAL_CONVERSATION
say something funny,GENERAL_CONVERSATION
ace unmute,UNMUTE
can you tell the time,GET_TIME
stop talking,MUTE
launch settings panel,OPEN_APP
mute yourself,MUTE
voice on,UNMUTE
tell me something interesting,GENERAL_CONVERSATION
search for news headlines,WEB_SEARCH
shut up,MUTE
look for coding bootcamps,WEB_SEARCH
look up cheapest flight tickets,WEB_SEARCH
ace search for news headlines,WEB_SEARCH
ace open vs community,OPEN_APP
ace unmute,UNMUTE
unmute yourself,UNMUTE
look for nearby movie theaters,WEB_SEARCH
tell me the time,GET_TIME
stop talking,MUTE
unmute yourself,UNMUTE
launch illustrator,OPEN_APP
open finder,OPEN_APP
check time please,GET_TIME
time right now,GET_TIME
check time please,GET_TIME
google travel tips for Japan,WEB_SEARCH
what's your opinion on movies,GENERAL_CONVERSATION
mute yourself,MUTE
mute yourself,MUTE
mute yourself,MUTE
hey ace,GENERAL_CONVERSATION
start task manager,OPEN_APP
open profile_pic.jpg,OPEN_FILE
current time please,GET_TIME
launch calculator,OPEN_APP
what's your opinion on movies,GENERAL_CONVERSATION
look up coding bootcamps,WEB_SEARCH
open invoice_2025.pdf,OPEN_FILE
resume speaking,UNMUTE
show me screenshot.png,OPEN_FILE
ace unmute,UNMUTE
show me styles.css,OPEN_FILE
voice on,UNMUTE
tell me the time,GET_TIME
ace open zoom,OPEN_APP
launch maps app,OPEN_APP
show me presentation_demo.pptx,OPEN_FILE
shut up,MUTE
unmute yourself,UNMUTE
ace open vacation_photos.zip,OPEN_FILE
ace open calendar,OPEN_APP
start talking again,UNMUTE
check time please,GET_TIME
ace search for chicken curry recipes,WEB_SEARCH
show me notes_draft.txt,OPEN_FILE
let’s chat,GENERAL_CONVERSATION
be silent,MUTE
what’s the clock say,GET_TIME
show me weekly_report.pdf,OPEN_FILE
ace mute,MUTE
launch profile_pic.jpg,OPEN_FILE
voice on,UNMUTE
what time is it,GET_TIME
start blender,OPEN_APP
google how to cook pasta,WEB_SEARCH
find meaning of AI,WEB_SEARCH
launch thesis.pdf,OPEN_FILE
how’s it going,GENERAL_CONVERSATION
ace search for how to cook pasta,WEB_SEARCH
start talking again,UNMUTE
what’s your thought,GENERAL_CONVERSATION
google cheapest flight tickets,WEB_SEARCH
launch contract2025.docx,OPEN_FILE
can you tell the time,GET_TIME
show me financials.xlsx,OPEN_FILE
check time please,GET_TIME
resume speaking,UNMUTE
show me diagram.svg,OPEN_FILE
voice on,UNMUTE
what’s the clock say,GET_TIME
voice on,UNMUTE
let’s chat,GENERAL_CONVERSATION
ace open android studio,OPEN_APP
resume speaking,UNMUTE
look for stock market today,WEB_SEARCH
how's your day going,GENERAL_CONVERSATION
look up news headlines,WEB_SEARCH
ace search for Elon Musk,WEB_SEARCH
check time please,GET_TIME
what do you think about AI,GENERAL_CONVERSATION
ace search for news headlines,WEB_SEARCH
time right now,GET_TIME
ace open finder,OPEN_APP
what time is it,GET_TIME
open finder,OPEN_APP
unmute yourself,UNMUTE
open mail app,OPEN_APP
unmute yourself,UNMUTE
can you tell the time,GET_TIME
can you tell the time,GET_TIME
run audible,OPEN_APP
look up nearest coffee shop,WEB_SEARCH
search for NASA news,WEB_SEARCH
resume speaking,UNMUTE
say hi,GENERAL_CONVERSATION
current time please,GET_TIME
shut up,MUTE
what time is it,GET_TIME
launch terminal pro,OPEN_APP
shut up,MUTE
launch photos app,OPEN_APP
run notes app,OPEN_APP
ace unmute,UNMUTE
launch diagram.svg,OPEN_FILE
ace open financials.xlsx,OPEN_FILE
show me checklist.csv,OPEN_FILE
unmute yourself,UNMUTE
look up news about elections,WEB_SEARCH
voice on,UNMUTE
show me audio.mp3,OPEN_FILE
voice on,UNMUTE
hey ace,GENERAL_CONVERSATION
show me brochure.pdf,OPEN_FILE
launch premiere pro,OPEN_APP
unmute yourself,UNMUTE
start talking again,UNMUTE
google Elon Musk,WEB_SEARCH
what’s your thought,GENERAL_CONVERSATION
start talking again,UNMUTE
ace search for python tutorials,WEB_SEARCH
resume speaking,UNMUTE
tell me a fun fact,GENERAL_CONVERSATION
open settings panel,OPEN_APP
show me presentation_demo.pptx,OPEN_FILE
show me presentation.pptx,OPEN_FILE
ace search for macbook prices,WEB_SEARCH
open vacation_photos.zip,OPEN_FILE
find Elon Musk,WEB_SEARCH
voice on,UNMUTE
show me healthy diet plan,WEB_SEARCH
open settings,OPEN_APP
run calendar,OPEN_APP
ace mute,MUTE
shut up,MUTE
stop talking,MUTE
resume speaking,UNMUTE
launch timetable.xlsx,OPEN_FILE
hey ace,GENERAL_CONVERSATION
find cricket world cup score,WEB_SEARCH
start talking again,UNMUTE
voice on,UNMUTE
show me downloads folder,OPEN_FILE
show me cheapest flight tickets,WEB_SEARCH
show me stock market today,WEB_SEARCH
show me healthy diet plan,WEB_SEARCH
what’s the clock say,GET_TIME
mute yourself,MUTE
mute yourself,MUTE
tell me the time,GET_TIME
ace unmute,UNMUTE
what’s the clock say,GET_TIME
voice on,UNMUTE
how are you,GENERAL_CONVERSATION
be silent,MUTE
tell me about nature,GENERAL_CONVERSATION
ace search for coding bootcamps,WEB_SEARCH
chat with me,GENERAL_CONVERSATION
google weather in Bahadurgarh,WEB_SEARCH
start instagram,OPEN_APP
mute yourself,MUTE
open syllabus.pdf,OPEN_FILE
shut up,MUTE
ace open summary.doc,OPEN_FILE
what’s the clock say,GET_TIME
what can you do,GENERAL_CONVERSATION
how’s it going,GENERAL_CONVERSATION
can you tell the time,GET_TIME
unmute yourself,UNMUTE
ace search for stock price of Apple,WEB_SEARCH
current time please,GET_TIME
resume speaking,UNMUTE
shut up,MUTE
ace unmute,UNMUTE
what time is it,GET_TIME
ace unmute,UNMUTE
launch contacts,OPEN_APP
run finder,OPEN_APP
launch contract2025.docx,OPEN_FILE
what's your opinion on movies,GENERAL_CONVERSATION
start talking again,UNMUTE
ace open sound preferences,OPEN_APP
ace search for healthy diet plan,WEB_SEARCH
resume speaking,UNMUTE
unmute yourself,UNMUTE
start system monitor,OPEN_APP
run vs community,OPEN_APP
resume speaking,UNMUTE
say hi,GENERAL_CONVERSATION
how’s it going,GENERAL_CONVERSATION
open article.txt,OPEN_FILE
show me audio.mp3,OPEN_FILE
ace search for macbook prices,WEB_SEARCH
be silent,MUTE
ace open calculator,OPEN_APP
start talking again,UNMUTE
look for info on tesla cars,WEB_SEARCH
can you tell the time,GET_TIME
current time please,GET_TIME
start talking again,UNMUTE
start talking again,UNMUTE
ace search for NASA news,WEB_SEARCH
start calendar,OPEN_APP
resume speaking,UNMUTE
stop talking,MUTE
voice on,UNMUTE
mute yourself,MUTE
ace open summary.doc,OPEN_FILE
resume speaking,UNMUTE
what can you do,GENERAL_CONVERSATION
look for stock price of Apple,WEB_SEARCH
can you tell the time,GET_TIME
open vacation_photos.zip,OPEN_FILE
how do you feel,GENERAL_CONVERSATION
start talking again,UNMUTE
start google chrome,OPEN_APP
unmute yourself,UNMUTE
voice on,UNMUTE
open app.js,OPEN_FILE
tell me something interesting,GENERAL_CONVERSATION
show me movie.mp4,OPEN_FILE
open downloads folder,OPEN_FILE
open budget.csv,OPEN_FILE
launch unity,OPEN_APP
what time is it,GET_TIME
stop talking,MUTE
start contacts,OPEN_APP
google macbook prices,WEB_SEARCH
open thesis.pdf,OPEN_FILE
tell me the time,GET_TIME
let's talk,GENERAL_CONVERSATION
stop talking,MUTE
start talking again,UNMUTE
launch powerpoint,OPEN_APP
launch syllabus.pdf,OPEN_FILE
what time is it,GET_TIME
ace search for meaning of AI,WEB_SEARCH
can you tell the time,GET_TIME
unmute yourself,UNMUTE
show me audio.mp3,OPEN_FILE
unmute yourself,UNMUTE
ace open archive.zip,OPEN_FILE
current time please,GET_TIME
any news ace,GENERAL_CONVERSATION
mute yourself,MUTE
resume speaking,UNMUTE
shut up,MUTE
open meeting_minutes.doc,OPEN_FILE
launch presentation_final.pptx,OPEN_FILE
open archive.zip,OPEN_FILE
what's your opinion on movies,GENERAL_CONVERSATION
launch expenses.xlsx,OPEN_FILE
run whatsapp,OPEN_APP
stop talking,MUTE
check time please,GET_TIME
tell me a fun fact,GENERAL_CONVERSATION
ace mute,MUTE
look for info on tesla cars,WEB_SEARCH
ace search for macbook prices,WEB_SEARCH
stop talking,MUTE
start talking again,UNMUTE
start talking again,UNMUTE
resume speaking,UNMUTE
look for pizza recipe,WEB_SEARCH
time right now,GET_TIME
show me invoice_2025.pdf,OPEN_FILE
ace open styles.css,OPEN_FILE
google free online courses,WEB_SEARCH
unmute yourself,UNMUTE
open data_analysis.py,OPEN_FILE
ace mute,MUTE
tell me about nature,GENERAL_CONVERSATION
mute yourself,MUTE
run settings panel,OPEN_APP
ace open discord,OPEN_APP
check time please,GET_TIME
show me downloads folder,OPEN_FILE
ace mute,MUTE
voice on,UNMUTE
ace mute,MUTE
ace open netflix,OPEN_APP
open logo.png,OPEN_FILE
find python tutorials,WEB_SEARCH
time right now,GET_TIME
resume speaking,UNMUTE
start itunes,OPEN_APP
open index.html,OPEN_FILE
resume speaking,UNMUTE
check time please,GET_TIME
stop talking,MUTE
unmute yourself,UNMUTE
hey ace,GENERAL_CONVERSATION
stop talking,MUTE
voice on,UNMUTE
look for cheapest flight tickets,WEB_SEARCH
tell me the time,GET_TIME
launch reminders,OPEN_APP
be silent,MUTE
ace open database.sql,OPEN_FILE
look for java documentation,WEB_SEARCH
start calculator plus,OPEN_APP
mute yourself,MUTE
tell me about nature,GENERAL_CONVERSATION
what time is it,GET_TIME
start talking again,UNMUTE
can you tell the time,GET_TIME
resume speaking,UNMUTE
open diagram.svg,OPEN_FILE
ace open timetable.xlsx,OPEN_FILE
open steam,OPEN_APP
share something random,GENERAL_CONVERSATION
show me nearest coffee shop,WEB_SEARCH
shut up,MUTE
ace open safari reader,OPEN_APP
resume speaking,UNMUTE
stop talking,MUTE
open project_code.py,OPEN_FILE
can you tell the time,GET_TIME
do you like music,GENERAL_CONVERSATION
start bluetooth settings,OPEN_APP
what’s the clock say,GET_TIME
current time please,GET_TIME
stop talking,MUTE
show me article.txt,OPEN_FILE
start talking again,UNMUTE
open google chrome,OPEN_APP
time right now,GET_TIME
tell me a fun fact,GENERAL_CONVERSATION
stop talking,MUTE
show me report file,OPEN_FILE
how’s it going,GENERAL_CONVERSATION
open photoshop,OPEN_APP
start talking again,UNMUTE
start talking again,UNMUTE
start talking again,UNMUTE
tell me a fun fact,GENERAL_CONVERSATION
launch poster.png,OPEN_FILE
time right now,GET_TIME
mute yourself,MUTE
be silent,MUTE
stop talking,MUTE
unmute yourself,UNMUTE
ace unmute,UNMUTE
look up info on tesla cars,WEB_SEARCH
shut up,MUTE
ace open design.png,OPEN_FILE
ace search for healthy diet plan,WEB_SEARCH
ace open safari reader,OPEN_APP
ace open financials.xlsx,OPEN_FILE
what time is it,GET_TIME
what's your opinion on movies,GENERAL_CONVERSATION
launch screenshot.png,OPEN_FILE
ace open downloads folder,OPEN_FILE
do you like music,GENERAL_CONVERSATION
tell me about science,GENERAL_CONVERSATION
look up macbook prices,WEB_SEARCH
mute yourself,MUTE
google Elon Musk,WEB_SEARCH
time right now,GET_TIME
ace mute,MUTE
launch tax_report.docx,OPEN_FILE
what can you do,GENERAL_CONVERSATION
find latest gadgets,WEB_SEARCH
be silent,MUTE
open telegram,OPEN_APP
stop talking,MUTE
open notes_draft.txt,OPEN_FILE
run files app,OPEN_APP
open profile_pic.jpg,OPEN_FILE
look for best smartphones 2025,WEB_SEARCH
launch vacation_photos.zip,OPEN_FILE
stop talking,MUTE
start talking again,UNMUTE
launch report file,OPEN_FILE
look up info on tesla cars,WEB_SEARCH
say something cool,GENERAL_CONVERSATION
what time is it,GET_TIME
shut up,MUTE
ace mute,MUTE
unmute yourself,UNMUTE
can you tell the time,GET_TIME
look up macbook prices,WEB_SEARCH
voice on,UNMUTE
show me contract.docx,OPEN_FILE
mute yourself,MUTE
show me database.sql,OPEN_FILE
what time is it,GET_TIME
show me diagram.svg,OPEN_FILE
resume speaking,UNMUTE
run unity,OPEN_APP
search for meaning of AI,WEB_SEARCH
unmute yourself,UNMUTE
voice on,UNMUTE
show me styles.css,OPEN_FILE
voice on,UNMUTE
check time please,GET_TIME
mute yourself,MUTE
what’s your thought,GENERAL_CONVERSATION
ace open powerpoint,OPEN_APP
what do you think about AI,GENERAL_CONVERSATION
run excel,OPEN_APP
start talking again,UNMUTE
unmute yourself,UNMUTE
shut up,MUTE
be silent,MUTE
launch invoice_2025.pdf,OPEN_FILE
start talking again,UNMUTE
show me presentation_final.pptx,OPEN_FILE
unmute yourself,UNMUTE
ace mute,MUTE
what’s the clock say,GET_TIME
stop talking,MUTE
search for latest technology updates,WEB_SEARCH
open project_notes.txt,OPEN_FILE
ace unmute,UNMUTE
resume speaking,UNMUTE
start talking again,UNMUTE
show me chicken curry recipes,WEB_SEARCH
resume speaking,UNMUTE
start itunes,OPEN_APP
shut up,MUTE
look up travel tips for Japan,WEB_SEARCH
look for youtube music,WEB_SEARCH
mute yourself,MUTE
what’s the clock say,GET_TIME
be silent,MUTE
time right now,GET_TIME
look up news about elections,WEB_SEARCH
what do you know about space,GENERAL_CONVERSATION
open weekly_report.pdf,OPEN_FILE
how do you feel,GENERAL_CONVERSATION
what’s the clock say,GET_TIME
show me pizza recipe,WEB_SEARCH
start talking again,UNMUTE
ace open todo_list.txt,OPEN_FILE
ace open homework.docx,OPEN_FILE
start talking again,UNMUTE
run word,OPEN_APP
time right now,GET_TIME
voice on,UNMUTE
start instagram,OPEN_APP
tell me the time,GET_TIME
stop talking,MUTE
stop talking,MUTE
launch research.pdf,OPEN_FILE
find healthy diet plan,WEB_SEARCH
tell me the time,GET_TIME
ace unmute,UNMUTE
google space exploration,WEB_SEARCH
mute yourself,MUTE
search for youtube trending videos,WEB_SEARCH
find nearby movie theaters,WEB_SEARCH
what's your opinion on movies,GENERAL_CONVERSATION
unmute yourself,UNMUTE
open photos app,OPEN_APP
start twitter,OPEN_APP
ace open task manager,OPEN_APP
be silent,MUTE
be silent,MUTE
search for youtube trending videos,WEB_SEARCH
look for memes on reddit,WEB_SEARCH
tell me the time,GET_TIME
open slack,OPEN_APP
ace open brochure.pdf,OPEN_FILE
mute yourself,MUTE
what's the meaning of life,GENERAL_CONVERSATION
start talking again,UNMUTE
launch mockup.ai,OPEN_FILE
ace search for twitter trends,WEB_SEARCH
launch excel,OPEN_APP
what's the meaning of life,GENERAL_CONVERSATION
time right now,GET_TIME
be silent,MUTE
launch checklist.csv,OPEN_FILE
launch report file,OPEN_FILE
check time please,GET_TIME
tell me about science,GENERAL_CONVERSATION
unmute yourself,UNMUTE
ace unmute,UNMUTE
open system monitor,OPEN_APP
what do you think about AI,GENERAL_CONVERSATION
unmute yourself,UNMUTE
check time please,GET_TIME
ace open illustrator,OPEN_APP
launch project_code.py,OPEN_FILE
let’s chat,GENERAL_CONVERSATION
ace search for sunset images,WEB_SEARCH
what time is it,GET_TIME
stop talking,MUTE
launch syllabus.pdf,OPEN_FILE
tell me the time,GET_TIME
start talking again,UNMUTE
launch word,OPEN_APP
launch powerpoint,OPEN_APP
current time please,GET_TIME
what do you know about space,GENERAL_CONVERSATION
time right now,GET_TIME
give me trivia,GENERAL_CONVERSATION
run android studio,OPEN_APP
look up best smartphones 2025,WEB_SEARCH
mute yourself,MUTE
what’s the clock say,GET_TIME
start talking again,UNMUTE
what’s the clock say,GET_TIME
shut up,MUTE
mute yourself,MUTE
tell me something interesting,GENERAL_CONVERSATION
what time is it,GET_TIME
tell me about yourself,GENERAL_CONVERSATION
voice on,UNMUTE
open photoshop,OPEN_APP
what's your opinion on movies,GENERAL_CONVERSATION
start vscode,OPEN_APP
run audible,OPEN_APP
search for how to cook pasta,WEB_SEARCH
open tax_report.docx,OPEN_FILE
look for weather in Bahadurgarh,WEB_SEARCH
tell me the time,GET_TIME
can you tell the time,GET_TIME
launch movie.mp4,OPEN_FILE
what can you do,GENERAL_CONVERSATION
show me NASA news,WEB_SEARCH
show me index.html,OPEN_FILE
be silent,MUTE
mute yourself,MUTE
current time please,GET_TIME
can you tell the time,GET_TIME
stop talking,MUTE
what do you know about space,GENERAL_CONVERSATION
what time is it,GET_TIME
tell me about yourself,GENERAL_CONVERSATION
start talking again,UNMUTE
resume speaking,UNMUTE
open blender,OPEN_APP
how are you,GENERAL_CONVERSATION
how are you,GENERAL_CONVERSATION
start talking again,UNMUTE
stop talking,MUTE
stop talking,MUTE
what’s the clock say,GET_TIME
what time is it,GET_TIME
current time please,GET_TIME
launch weekly_report.pdf,OPEN_FILE
ace open word,OPEN_APP
voice on,UNMUTE
launch excel,OPEN_APP
voice on,UNMUTE
start unity,OPEN_APP
voice on,UNMUTE
run unity,OPEN_APP
voice on,UNMUTE
ace mute,MUTE
what can you do,GENERAL_CONVERSATION
ace open script.js,OPEN_FILE
can you tell the time,GET_TIME
shut up,MUTE
start photoshop,OPEN_APP
ace open powerpoint,OPEN_APP
open resume.pdf,OPEN_FILE
ace mute,MUTE
google travel tips for Japan,WEB_SEARCH
what’s your thought,GENERAL_CONVERSATION
search for best smartphones 2025,WEB_SEARCH
show me presentation_final.pptx,OPEN_FILE
current time please,GET_TIME
open article.txt,OPEN_FILE
find stock market today,WEB_SEARCH
tell me the time,GET_TIME
start powerpoint,OPEN_APP
show me how to cook pasta,WEB_SEARCH
voice on,UNMUTE
mute yourself,MUTE
unmute yourself,UNMUTE
time right now,GET_TIME
can you tell the time,GET_TIME
find nearby movie theaters,WEB_SEARCH
mute yourself,MUTE
open app.js,OPEN_FILE
open model.pkl,OPEN_FILE
show me model.pkl,OPEN_FILE
show me styles.css,OPEN_FILE
ace open poster.png,OPEN_FILE
launch syllabus.pdf,OPEN_FILE
run discord,OPEN_APP
ace unmute,UNMUTE
current time please,GET_TIME
time right now,GET_TIME
find macbook prices,WEB_SEARCH
voice on,UNMUTE
look for youtube music,WEB_SEARCH
ace search for stock price of Apple,WEB_SEARCH
look up cricket world cup score,WEB_SEARCH
find healthy diet plan,WEB_SEARCH
check time please,GET_TIME
ace unmute,UNMUTE
tell me a fun fact,GENERAL_CONVERSATION
shut up,MUTE
open telegram,OPEN_APP
launch budget.csv,OPEN_FILE
start bluetooth settings,OPEN_APP
what’s the clock say,GET_TIME
ace open terminal,OPEN_APP
search for memes on reddit,WEB_SEARCH
current time please,GET_TIME
hey ace,GENERAL_CONVERSATION
open youtube app,OPEN_APP
launch google chrome,OPEN_APP
open dictionary app,OPEN_APP
tell me about tech,GENERAL_CONVERSATION
what’s your thought,GENERAL_CONVERSATION
unmute yourself,UNMUTE
start word,OPEN_APP
show me stock price of Apple,WEB_SEARCH
what’s the clock say,GET_TIME
how are you,GENERAL_CONVERSATION
start talking again,UNMUTE
be silent,MUTE
search for travel tips for Japan,WEB_SEARCH
look up python tutorials,WEB_SEARCH
check time please,GET_TIME
show me contract.docx,OPEN_FILE
launch movie.mp4,OPEN_FILE
show me styles.css,OPEN_FILE
look up info on tesla cars,WEB_SEARCH
what time is it,GET_TIME
what’s the clock say,GET_TIME
start talking again,UNMUTE
show me best smartphones 2025,WEB_SEARCH
launch files app,OPEN_APP
what's your opinion on movies,GENERAL_CONVERSATION
any news ace,GENERAL_CONVERSATION
open thesis.pdf,OPEN_FILE
run powerpoint,OPEN_APP
what’s the clock say,GET_TIME
ace mute,MUTE
ace mute,MUTE
start talking again,UNMUTE
open profile_pic.jpg,OPEN_FILE
open audio.mp3,OPEN_FILE
look for chicken curry recipes,WEB_SEARCH
ace open data_analysis.py,OPEN_FILE
show me checklist.csv,OPEN_FILE
what time is it,GET_TIME
launch photoshop,OPEN_APP
let’s chat,GENERAL_CONVERSATION
shut up,MUTE
stop talking,MUTE
current time please,GET_TIME
stop talking,MUTE
ace mute,MUTE
shut up,MUTE
resume speaking,UNMUTE
search for best smartphones 2025,WEB_SEARCH
mute yourself,MUTE
can you tell the time,GET_TIME
what’s the clock say,GET_TIME
open twitter,OPEN_APP
what's your opinion on movies,GENERAL_CONVERSATION
how do you feel,GENERAL_CONVERSATION
resume speaking,UNMUTE
current time please,GET_TIME
start premiere pro,OPEN_APP
look up macbook prices,WEB_SEARCH
ace mute,MUTE
ace open brochure.pdf,OPEN_FILE
open youtube app,OPEN_APP
look up chicken curry recipes,WEB_SEARCH
unmute yourself,UNMUTE
what time is it,GET_TIME
resume speaking,UNMUTE
find nearest coffee shop,WEB_SEARCH
look for how to cook pasta,WEB_SEARCH
voice on,UNMUTE
mute yourself,MUTE
google stock price of Apple,WEB_SEARCH
open presentation_final.pptx,OPEN_FILE
be silent,MUTE
show me profile_pic.jpg,OPEN_FILE
open weekly_report.pdf,OPEN_FILE
ace mute,MUTE
look for cricket world cup score,WEB_SEARCH
run files app,OPEN_APP
tell me the time,GET_TIME
what's the meaning of life,GENERAL_CONVERSATION
ace unmute,UNMUTE
voice on,UNMUTE
resume speaking,UNMUTE
how's your day going,GENERAL_CONVERSATION
launch vacation_photos.zip,OPEN_FILE
ace unmute,UNMUTE
start app store,OPEN_APP
mute yourself,MUTE
can we talk,GENERAL_CONVERSATION
resume speaking,UNMUTE
stop talking,MUTE
open archive.zip,OPEN_FILE
start talking again,UNMUTE
voice on,UNMUTE
show me todo_list.txt,OPEN_FILE
can you tell the time,GET_TIME
ace open calculator plus,OPEN_APP
show me timetable.xlsx,OPEN_FILE
ace open profile_pic.jpg,OPEN_FILE
ace mute,MUTE
look for macbook prices,WEB_SEARCH
launch safari reader,OPEN_APP
start terminal pro,OPEN_APP
how do you feel,GENERAL_CONVERSATION
run task manager,OPEN_APP
show me data_analysis.py,OPEN_FILE
resume speaking,UNMUTE
open homework.docx,OPEN_FILE
unmute yourself,UNMUTE
check time please,GET_TIME
ace unmute,UNMUTE
voice on,UNMUTE
google stock price of Apple,WEB_SEARCH
let's talk,GENERAL_CONVERSATION
show me index.html,OPEN_FILE
open android studio,OPEN_APP
launch reminders,OPEN_APP
what's your opinion on movies,GENERAL_CONVERSATION
current time please,GET_TIME
resume speaking,UNMUTE
can you tell the time,GET_TIME
how are you,GENERAL_CONVERSATION
start talking again,UNMUTE
stop talking,MUTE
how are you,GENERAL_CONVERSATION
ace open timetable.xlsx,OPEN_FILE
ace unmute,UNMUTE
ace open sound preferences,OPEN_APP
be silent,MUTE
what’s the clock say,GET_TIME
ace mute,MUTE
voice on,UNMUTE
open notes app,OPEN_APP
launch syllabus.pdf,OPEN_FILE
chat with me,GENERAL_CONVERSATION
check time please,GET_TIME
launch files app,OPEN_APP
ace open tax_report.docx,OPEN_FILE
show me movie.mp4,OPEN_FILE
show me script.js,OPEN_FILE
open youtube app,OPEN_APP
launch meeting_minutes.doc,OPEN_FILE
ace open discord,OPEN_APP
be silent,MUTE
open budget.csv,OPEN_FILE
voice on,UNMUTE
tell me a joke,GENERAL_CONVERSATION
launch netflix,OPEN_APP
look up cricket world cup score,WEB_SEARCH
launch financials.xlsx,OPEN_FILE
say hi,GENERAL_CONVERSATION
launch poster.png,OPEN_FILE
ace open homework.docx,OPEN_FILE
chat with me,GENERAL_CONVERSATION
start illustrator,OPEN_APP
launch system_logs.txt,OPEN_FILE
time right now,GET_TIME
mute yourself,MUTE
start calculator plus,OPEN_APP
mute yourself,MUTE
ace open checklist.csv,OPEN_FILE
current time please,GET_TIME
what's the meaning of life,GENERAL_CONVERSATION
mute yourself,MUTE
open settings,OPEN_APP
open report file,OPEN_FILE
check time please,GET_TIME
how are you,GENERAL_CONVERSATION
start finder,OPEN_APP
time right now,GET_TIME
google chicken curry recipes,WEB_SEARCH
open audible,OPEN_APP
tell me something interesting,GENERAL_CONVERSATION
say something cool,GENERAL_CONVERSATION
launch telegram,OPEN_APP
launch vacation_photos.zip,OPEN_FILE
resume speaking,UNMUTE
say something cool,GENERAL_CONVERSATION
start powerpoint,OPEN_APP
say hi,GENERAL_CONVERSATION
launch summary.doc,OPEN_FILE
ace unmute,UNMUTE
resume speaking,UNMUTE
what’s the clock say,GET_TIME
ace mute,MUTE
start after effects,OPEN_APP
voice on,UNMUTE
open article.txt,OPEN_FILE
mute yourself,MUTE
voice on,UNMUTE
ace open photoshop,OPEN_APP
what can you do,GENERAL_CONVERSATION
show me audio.mp3,OPEN_FILE
google how to cook pasta,WEB_SEARCH
be silent,MUTE
look for latest technology updates,WEB_SEARCH
share something random,GENERAL_CONVERSATION
any news ace,GENERAL_CONVERSATION
resume speaking,UNMUTE
time right now,GET_TIME
be silent,MUTE
run spotify,OPEN_APP
run twitter,OPEN_APP
stop talking,MUTE
start preview,OPEN_APP
voice on,UNMUTE
say hi,GENERAL_CONVERSATION
start slack,OPEN_APP
what do you know about space,GENERAL_CONVERSATION
ace search for nearby movie theaters,WEB_SEARCH
ace open styles.css,OPEN_FILE
open thesis.pdf,OPEN_FILE
voice on,UNMUTE
launch project_code.py,OPEN_FILE
check time please,GET_TIME
shut up,MUTE
start talking again,UNMUTE
launch facetime,OPEN_APP
ace open notes app,OPEN_APP
ace open finder,OPEN_APP
mute yourself,MUTE
open movie.mp4,OPEN_FILE
what's the meaning of life,GENERAL_CONVERSATION
launch spotify,OPEN_APP
open report file,OPEN_FILE
ace search for sunset images,WEB_SEARCH
launch model.pkl,OPEN_FILE
shut up,MUTE
what’s the clock say,GET_TIME
open archive.zip,OPEN_FILE
what time is it,GET_TIME
how do you feel,GENERAL_CONVERSATION
what’s the clock say,GET_TIME
start talking again,UNMUTE
show me meeting_minutes.doc,OPEN_FILE
ace open summary.doc,OPEN_FILE
stop talking,MUTE
google cheapest flight tickets,WEB_SEARCH
voice on,UNMUTE
say something cool,GENERAL_CONVERSATION
open styles.css,OPEN_FILE
open presentation.pptx,OPEN_FILE
open project_code.py,OPEN_FILE
ace mute,MUTE
voice on,UNMUTE
ace open timetable.xlsx,OPEN_FILE
be silent,MUTE
start talking again,UNMUTE
what’s the clock say,GET_TIME
ace open android studio,OPEN_APP
chat with me,GENERAL_CONVERSATION
google cricket world cup score,WEB_SEARCH
ace mute,MUTE
ace open syllabus.pdf,OPEN_FILE
what's your opinion on movies,GENERAL_CONVERSATION
mute yourself,MUTE
what’s your thought,GENERAL_CONVERSATION
find chicken curry recipes,WEB_SEARCH
shut up,MUTE
what's your opinion on movies,GENERAL_CONVERSATION
unmute yourself,UNMUTE
ace open vacation_photos.zip,OPEN_FILE
ace unmute,UNMUTE
ace mute,MUTE
open tax_report.docx,OPEN_FILE
can you tell the time,GET_TIME
ace unmute,UNMUTE
start slack,OPEN_APP
give me trivia,GENERAL_CONVERSATION
show me project_notes.txt,OPEN_FILE
search for coding bootcamps,WEB_SEARCH
look for climate change,WEB_SEARCH
show me meaning of AI,WEB_SEARCH
time right now,GET_TIME
ace open safari,OPEN_APP
ace open invoice_2025.pdf,OPEN_FILE
stop talking,MUTE
what time is it,GET_TIME
search for how to cook pasta,WEB_SEARCH
ace mute,MUTE
show me model.pkl,OPEN_FILE
ace open bluetooth settings,OPEN_APP
tell me a joke,GENERAL_CONVERSATION
ace open brochure.pdf,OPEN_FILE
what time is it,GET_TIME
look up cheapest flight tickets,WEB_SEARCH
stop talking,MUTE
launch zoom,OPEN_APP
google space exploration,WEB_SEARCH
ace unmute,UNMUTE
mute yourself,MUTE
ace mute,MUTE
launch report file,OPEN_FILE
stop talking,MUTE
ace mute,MUTE
open financials.xlsx,OPEN_FILE
open system_logs.txt,OPEN_FILE
unmute yourself,UNMUTE
find space exploration,WEB_SEARCH
what can you do,GENERAL_CONVERSATION
ace mute,MUTE
show me climate change,WEB_SEARCH
what’s the clock say,GET_TIME
current time please,GET_TIME
show me stock price of Apple,WEB_SEARCH
what’s the clock say,GET_TIME
open photos app,OPEN_APP
ace mute,MUTE
show me budget.csv,OPEN_FILE
unmute yourself,UNMUTE
shut up,MUTE
shut up,MUTE
do you like music,GENERAL_CONVERSATION
start talking again,UNMUTE
ace mute,MUTE
how are you,GENERAL_CONVERSATION
look up coding bootcamps,WEB_SEARCH
check time please,GET_TIME
chat with me,GENERAL_CONVERSATION
launch checklist.csv,OPEN_FILE
let’s chat,GENERAL_CONVERSATION
resume speaking,UNMUTE
ace unmute,UNMUTE
what time is it,GET_TIME
find how to cook pasta,WEB_SEARCH
open telegram,OPEN_APP
can you tell the time,GET_TIME
check time please,GET_TIME
start talking again,UNMUTE
what’s the clock say,GET_TIME
start talking again,UNMUTE
launch budget.csv,OPEN_FILE
launch mail app,OPEN_APP
launch resume.pdf,OPEN_FILE
what's the meaning of life,GENERAL_CONVERSATION
run obs studio,OPEN_APP
look up healthy diet plan,WEB_SEARCH
tell me about tech,GENERAL_CONVERSATION
stop talking,MUTE
launch terminal pro,OPEN_APP
unmute yourself,UNMUTE
shut up,MUTE
search for NASA news,WEB_SEARCH
look up AI research papers,WEB_SEARCH
open whatsapp,OPEN_APP
show me homework.docx,OPEN_FILE
show me financials.xlsx,OPEN_FILE
voice on,UNMUTE
resume speaking,UNMUTE
current time please,GET_TIME
ace open calendar,OPEN_APP
start talking again,UNMUTE
stop talking,MUTE
shut up,MUTE
ace mute,MUTE
how are you,GENERAL_CONVERSATION
shut up,MUTE
tell me a fun fact,GENERAL_CONVERSATION
check time please,GET_TIME
launch budget.csv,OPEN_FILE
what’s the clock say,GET_TIME
voice on,UNMUTE
ace unmute,UNMUTE
tell me the time,GET_TIME
show me notes_draft.txt,OPEN_FILE
mute yourself,MUTE
ace open downloads folder,OPEN_FILE
what do you know about space,GENERAL_CONVERSATION
how do you feel,GENERAL_CONVERSATION
ace open index.html,OPEN_FILE
show me youtube trending videos,WEB_SEARCH
find twitter trends,WEB_SEARCH
start talking again,UNMUTE
voice on,UNMUTE
ace mute,MUTE
ace open discord,OPEN_APP
look for youtube music,WEB_SEARCH
how’s it going,GENERAL_CONVERSATION
unmute yourself,UNMUTE
ace open photos app,OPEN_APP
ace open photoshop,OPEN_APP
give me trivia,GENERAL_CONVERSATION
open terminal pro,OPEN_APP
resume speaking,UNMUTE
show me nearby movie theaters,WEB_SEARCH
show me macbook prices,WEB_SEARCH
unmute yourself,UNMUTE
ace open summary.doc,OPEN_FILE
ace open excel,OPEN_APP
how are you,GENERAL_CONVERSATION
look for news headlines,WEB_SEARCH
open checklist.csv,OPEN_FILE
ace open design.png,OPEN_FILE
launch steam,OPEN_APP
ace mute,MUTE
what’s your thought,GENERAL_CONVERSATION
what time is it,GET_TIME
what time is it,GET_TIME
current time please,GET_TIME
what’s the clock say,GET_TIME
show me news about elections,WEB_SEARCH
be silent,MUTE
ace unmute,UNMUTE
find macbook prices,WEB_SEARCH
can you tell the time,GET_TIME
ace mute,MUTE
start android studio,OPEN_APP
show me expenses.xlsx,OPEN_FILE
ace open thesis.pdf,OPEN_FILE
tell me the time,GET_TIME
start talking again,UNMUTE
what's the meaning of life,GENERAL_CONVERSATION
find Elon Musk,WEB_SEARCH
do you like music,GENERAL_CONVERSATION
how's your day going,GENERAL_CONVERSATION
resume speaking,UNMUTE
look for nearby gyms,WEB_SEARCH
show me presentation.pptx,OPEN_FILE
launch financials.xlsx,OPEN_FILE
resume speaking,UNMUTE
launch budget.csv,OPEN_FILE
launch database.sql,OPEN_FILE
start maps app,OPEN_APP
give me trivia,GENERAL_CONVERSATION
ace unmute,UNMUTE
open steam,OPEN_APP
what's the meaning of life,GENERAL_CONVERSATION
start talking again,UNMUTE
start talking again,UNMUTE
launch contacts,OPEN_APP
say something funny,GENERAL_CONVERSATION
any news ace,GENERAL_CONVERSATION
ace mute,MUTE
look for NASA news,WEB_SEARCH
run safari reader,OPEN_APP
start talking again,UNMUTE
say something funny,GENERAL_CONVERSATION
say something funny,GENERAL_CONVERSATION
google nearby movie theaters,WEB_SEARCH
stop talking,MUTE
how do you feel,GENERAL_CONVERSATION
time right now,GET_TIME
start app store,OPEN_APP
resume speaking,UNMUTE
how’s it going,GENERAL_CONVERSATION
resume speaking,UNMUTE
launch bluetooth settings,OPEN_APP
ace unmute,UNMUTE
resume speaking,UNMUTE
launch resume.pdf,OPEN_FILE
shut up,MUTE
let’s chat,GENERAL_CONVERSATION
what's up,GENERAL_CONVERSATION
can you tell the time,GET_TIME
find AI research papers,WEB_SEARCH
mute yourself,MUTE
mute yourself,MUTE
tell me about yourself,GENERAL_CONVERSATION
say hi,GENERAL_CONVERSATION
ace unmute,UNMUTE
run kindle,OPEN_APP
can we talk,GENERAL_CONVERSATION
ace mute,MUTE
ace search for NASA news,WEB_SEARCH
be silent,MUTE
ace search for sunset images,WEB_SEARCH
unmute yourself,UNMUTE
ace mute,MUTE
what time is it,GET_TIME
open twitter,OPEN_APP
unmute yourself,UNMUTE
start itunes,OPEN_APP
show me audio.mp3,OPEN_FILE
current time please,GET_TIME
time right now,GET_TIME
how do you feel,GENERAL_CONVERSATION
resume speaking,UNMUTE
open terminal,OPEN_APP
ace open notes app,OPEN_APP
mute yourself,MUTE
open meeting_minutes.doc,OPEN_FILE
can you tell the time,GET_TIME
can you tell the time,GET_TIME
mute yourself,MUTE
ace search for best smartphones 2025,WEB_SEARCH
look up pizza recipe,WEB_SEARCH
what’s the clock say,GET_TIME
ace mute,MUTE
let's talk,GENERAL_CONVERSATION
what do you know about space,GENERAL_CONVERSATION
start talking again,UNMUTE
what do you think about AI,GENERAL_CONVERSATION
ace mute,MUTE
open weekly_report.pdf,OPEN_FILE
run preview,OPEN_APP
tell me a joke,GENERAL_CONVERSATION
let's talk,GENERAL_CONVERSATION
ace unmute,UNMUTE
can we talk,GENERAL_CONVERSATION
ace unmute,UNMUTE
look up pizza recipe,WEB_SEARCH
how’s it going,GENERAL_CONVERSATION
voice on,UNMUTE
voice on,UNMUTE
show me syllabus.pdf,OPEN_FILE
google Elon Musk,WEB_SEARCH
launch zoom,OPEN_APP
resume speaking,UNMUTE
look for AI research papers,WEB_SEARCH
launch settings panel,OPEN_APP
voice on,UNMUTE
ace mute,MUTE
stop talking,MUTE
unmute yourself,UNMUTE
tell me about science,GENERAL_CONVERSATION
find twitter trends,WEB_SEARCH
launch excel,OPEN_APP
run photoshop,OPEN_APP
run preview,OPEN_APP
chat with me,GENERAL_CONVERSATION
look for sunset images,WEB_SEARCH
run twitter,OPEN_APP
run instagram,OPEN_APP
ace unmute,UNMUTE
show me travel tips for Japan,WEB_SEARCH
current time please,GET_TIME
voice on,UNMUTE
what time is it,GET_TIME
say something funny,GENERAL_CONVERSATION
find space exploration,WEB_SEARCH
resume speaking,UNMUTE
open resume.pdf,OPEN_FILE
start task manager,OPEN_APP
open brochure.pdf,OPEN_FILE
current time please,GET_TIME
ace open premiere pro,OPEN_APP
voice on,UNMUTE
give me trivia,GENERAL_CONVERSATION
what’s the clock say,GET_TIME
ace unmute,UNMUTE
unmute yourself,UNMUTE
time right now,GET_TIME
ace unmute,UNMUTE
voice on,UNMUTE
look for chicken curry recipes,WEB_SEARCH
what do you know about space,GENERAL_CONVERSATION
ace open zoom,OPEN_APP
can you tell the time,GET_TIME
look up climate change,WEB_SEARCH
tell me about yourself,GENERAL_CONVERSATION
launch research.pdf,OPEN_FILE
how are you,GENERAL_CONVERSATION
show me youtube music,WEB_SEARCH
search for NASA news,WEB_SEARCH
be silent,MUTE
resume speaking,UNMUTE
find python tutorials,WEB_SEARCH
look for meaning of AI,WEB_SEARCH
show me resume.pdf,OPEN_FILE
launch system_logs.txt,OPEN_FILE
google travel tips for Japan,WEB_SEARCH
launch notes app,OPEN_APP
ace mute,MUTE
open system monitor,OPEN_APP
start sound preferences,OPEN_APP
resume speaking,UNMUTE
be silent,MUTE
shut up,MUTE
can you tell the time,GET_TIME
run app store,OPEN_APP
ace open maps app,OPEN_APP
stop talking,MUTE
check time please,GET_TIME
mute yourself,MUTE
mute yourself,MUTE
run calculator plus,OPEN_APP
unmute yourself,UNMUTE
share something random,GENERAL_CONVERSATION
what time is it,GET_TIME
ace open blender,OPEN_APP
what do you know about space,GENERAL_CONVERSATION
current time please,GET_TIME
ace unmute,UNMUTE
ace search for macbook prices,WEB_SEARCH
show me resume.pdf,OPEN_FILE
voice on,UNMUTE
unmute yourself,UNMUTE
launch photoshop,OPEN_APP
how are you,GENERAL_CONVERSATION
check time please,GET_TIME
launch screenshot.png,OPEN_FILE
what’s the clock say,GET_TIME
ace unmute,UNMUTE
search for memes on reddit,WEB_SEARCH
resume speaking,UNMUTE
voice on,UNMUTE
ace unmute,UNMUTE
ace open facetime,OPEN_APP
be silent,MUTE
start talking again,UNMUTE
mute yourself,MUTE
resume speaking,UNMUTE
ace mute,MUTE
tell me about science,GENERAL_CONVERSATION
open after effects,OPEN_APP
open financials.xlsx,OPEN_FILE
time right now,GET_TIME
what do you think about AI,GENERAL_CONVERSATION
how are you,GENERAL_CONVERSATION
unmute yourself,UNMUTE
tell me a joke,GENERAL_CONVERSATION
show me tax_report.docx,OPEN_FILE
google free online courses,WEB_SEARCH
ace mute,MUTE
launch screenshot.png,OPEN_FILE
google nearby movie theaters,WEB_SEARCH
stop talking,MUTE
ace open contacts,OPEN_APP
what's your opinion on movies,GENERAL_CONVERSATION
open article.txt,OPEN_FILE
voice on,UNMUTE
show me news about elections,WEB_SEARCH
open resume.pdf,OPEN_FILE
launch system_logs.txt,OPEN_FILE
start steam,OPEN_APP
stop talking,MUTE
how do you feel,GENERAL_CONVERSATION
be silent,MUTE
ace mute,MUTE
start contacts,OPEN_APP
check time please,GET_TIME
ace unmute,UNMUTE
tell me about science,GENERAL_CONVERSATION
say something funny,GENERAL_CONVERSATION
show me resume.pdf,OPEN_FILE
start talking again,UNMUTE
can you tell the time,GET_TIME
look for best smartphones 2025,WEB_SEARCH
time right now,GET_TIME
tell me the time,GET_TIME
stop talking,MUTE
current time please,GET_TIME
run settings,OPEN_APP
be silent,MUTE
open screenshot.png,OPEN_FILE
run premiere pro,OPEN_APP
shut up,MUTE
voice on,UNMUTE
check time please,GET_TIME
ace search for best smartphones 2025,WEB_SEARCH
show me memes on reddit,WEB_SEARCH
tell me the time,GET_TIME
show me presentation.pptx,OPEN_FILE
stop talking,MUTE
run obs studio,OPEN_APP
start talking again,UNMUTE
look up how to cook pasta,WEB_SEARCH
what’s the clock say,GET_TIME
tell me about yourself,GENERAL_CONVERSATION
shut up,MUTE
let's talk,GENERAL_CONVERSATION
resume speaking,UNMUTE
check time please,GET_TIME
ace mute,MUTE
search for youtube music,WEB_SEARCH
show me thesis.pdf,OPEN_FILE
show me data_analysis.py,OPEN_FILE
what time is it,GET_TIME
launch xcode,OPEN_APP
what time is it,GET_TIME
show me project_notes.txt,OPEN_FILE
look up python tutorials,WEB_SEARCH
ace mute,MUTE
start music player,OPEN_APP
stop talking,MUTE
current time please,GET_TIME
launch audible,OPEN_APP
open downloads folder,OPEN_FILE
launch project_notes.txt,OPEN_FILE
can you tell the time,GET_TIME
run settings,OPEN_APP
what’s the clock say,GET_TIME
stop talking,MUTE
start finder,OPEN_APP
launch contacts,OPEN_APP
resume speaking,UNMUTE
how are you,GENERAL_CONVERSATION
stop talking,MUTE
what's your opinion on movies,GENERAL_CONVERSATION
find healthy diet plan,WEB_SEARCH
say something cool,GENERAL_CONVERSATION
tell me about tech,GENERAL_CONVERSATION
mute yourself,MUTE
start spotify,OPEN_APP
tell me the time,GET_TIME
ace open terminal pro,OPEN_APP
launch itunes,OPEN_APP
tell me the time,GET_TIME
voice on,UNMUTE
be silent,MUTE
look up meaning of AI,WEB_SEARCH
tell me a fun fact,GENERAL_CONVERSATION
ace open invoice_2025.pdf,OPEN_FILE
shut up,MUTE
check time please,GET_TIME
show me syllabus.pdf,OPEN_FILE
current time please,GET_TIME
what’s the clock say,GET_TIME
stop talking,MUTE
run safari,OPEN_APP
be silent,MUTE
look for chicken curry recipes,WEB_SEARCH
google pizza recipe,WEB_SEARCH
what do you think about AI,GENERAL_CONVERSATION
can we talk,GENERAL_CONVERSATION
tell me a joke,GENERAL_CONVERSATION
ace open todo_list.txt,OPEN_FILE
unmute yourself,UNMUTE
google cheapest flight tickets,WEB_SEARCH
google cricket world cup score,WEB_SEARCH
show me presentation_final.pptx,OPEN_FILE
ace unmute,UNMUTE
what's the meaning of life,GENERAL_CONVERSATION
open profile_pic.jpg,OPEN_FILE
time right now,GET_TIME
launch xcode,OPEN_APP
what’s the clock say,GET_TIME
open bluetooth settings,OPEN_APP
time right now,GET_TIME
ace open netflix,OPEN_APP
current time please,GET_TIME
open styles.css,OPEN_FILE
ace open database.sql,OPEN_FILE
look up twitter trends,WEB_SEARCH
unmute yourself,UNMUTE
look for twitter trends,WEB_SEARCH
show me movie.mp4,OPEN_FILE
ace mute,MUTE
tell me the time,GET_TIME
give me trivia,GENERAL_CONVERSATION
launch script.js,OPEN_FILE
start finder,OPEN_APP
run slack,OPEN_APP
run youtube app,OPEN_APP
can you tell the time,GET_TIME
launch homework.docx,OPEN_FILE
voice on,UNMUTE
can we talk,GENERAL_CONVERSATION
what’s your thought,GENERAL_CONVERSATION
run audible,OPEN_APP
ace mute,MUTE
how's your day going,GENERAL_CONVERSATION
what's your opinion on movies,GENERAL_CONVERSATION
shut up,MUTE
open premiere pro,OPEN_APP
unmute yourself,UNMUTE
time right now,GET_TIME
start talking again,UNMUTE
look up youtube music,WEB_SEARCH
stop talking,MUTE
google how to cook pasta,WEB_SEARCH
ace open expenses.xlsx,OPEN_FILE
launch model.pkl,OPEN_FILE
voice on,UNMUTE
be silent,MUTE
time right now,GET_TIME
unmute yourself,UNMUTE
run youtube app,OPEN_APP
ace open timetable.xlsx,OPEN_FILE
open word,OPEN_APP
open vacation_photos.zip,OPEN_FILE
resume speaking,UNMUTE
ace search for nearby gyms,WEB_SEARCH
stop talking,MUTE
show me Elon Musk,WEB_SEARCH
open archive.zip,OPEN_FILE
ace unmute,UNMUTE
run calculator,OPEN_APP
how are you,GENERAL_CONVERSATION
open document sales.xlsx,OPEN_FILE
ace open database.sql,OPEN_FILE
can you tell the time,GET_TIME
what do you think about AI,GENERAL_CONVERSATION
resume speaking,UNMUTE
ace open timetable.xlsx,OPEN_FILE
unmute yourself,UNMUTE
ace mute,MUTE
say something cool,GENERAL_CONVERSATION
resume speaking,UNMUTE
open calculator,OPEN_APP
stop talking,MUTE
what time is it,GET_TIME
run calculator,OPEN_APP
look for how to cook pasta,WEB_SEARCH
can you tell the time,GET_TIME
be silent,MUTE
search for sunset images,WEB_SEARCH
ace mute,MUTE
open checklist.csv,OPEN_FILE
can you tell the time,GET_TIME
google youtube music,WEB_SEARCH
open styles.css,OPEN_FILE
be silent,MUTE
resume speaking,UNMUTE
look up nearby gyms,WEB_SEARCH
ace open sound preferences,OPEN_APP
show me sunset images,WEB_SEARCH
ace search for memes on reddit,WEB_SEARCH
tell me something interesting,GENERAL_CONVERSATION
current time please,GET_TIME
mute yourself,MUTE
resume speaking,UNMUTE
hey ace,GENERAL_CONVERSATION
start talking again,UNMUTE
resume speaking,UNMUTE
show me space exploration,WEB_SEARCH
resume speaking,UNMUTE
search for twitter trends,WEB_SEARCH
current time please,GET_TIME
voice on,UNMUTE
ace open contract2025.docx,OPEN_FILE
ace mute,MUTE
what’s the clock say,GET_TIME
find memes on reddit,WEB_SEARCH
ace open model.pkl,OPEN_FILE
search for stock market today,WEB_SEARCH
give me trivia,GENERAL_CONVERSATION
show me app.js,OPEN_FILE
launch project_notes.txt,OPEN_FILE
tell me a fun fact,GENERAL_CONVERSATION
what’s the clock say,GET_TIME
start talking again,UNMUTE
open safari reader,OPEN_APP
search for nearest coffee shop,WEB_SEARCH
launch unity,OPEN_APP
tell me about nature,GENERAL_CONVERSATION
say something cool,GENERAL_CONVERSATION
resume speaking,UNMUTE
be silent,MUTE
shut up,MUTE
tell me something interesting,GENERAL_CONVERSATION
can you tell the time,GET_TIME
start calendar,OPEN_APP
ace open obs studio,OPEN_APP
current time please,GET_TIME
google NASA news,WEB_SEARCH
tell me the time,GET_TIME
time right now,GET_TIME
tell me the time,GET_TIME
tell me a fun fact,GENERAL_CONVERSATION
current time please,GET_TIME
launch tax_report.docx,OPEN_FILE
unmute yourself,UNMUTE
run powerpoint,OPEN_APP
show me cricket world cup score,WEB_SEARCH
what can you do,GENERAL_CONVERSATION
be silent,MUTE
shut up,MUTE
can you tell the time,GET_TIME
google nearby movie theaters,WEB_SEARCH
voice on,UNMUTE
tell me about science,GENERAL_CONVERSATION
unmute yourself,UNMUTE
ace open data_analysis.py,OPEN_FILE
shut up,MUTE
shut up,MUTE
shut up,MUTE
tell me a fun fact,GENERAL_CONVERSATION
ace open word,OPEN_APP
what time is it,GET_TIME
start accessibility,OPEN_APP
open settings panel,OPEN_APP
tell me about tech,GENERAL_CONVERSATION
show me how to cook pasta,WEB_SEARCH
google twitter trends,WEB_SEARCH
unmute yourself,UNMUTE
what’s the clock say,GET_TIME
be silent,MUTE
google nearby movie theaters,WEB_SEARCH
look for weather in Bahadurgarh,WEB_SEARCH
what do you know about space,GENERAL_CONVERSATION
say something funny,GENERAL_CONVERSATION
voice on,UNMUTE
show me travel tips for Japan,WEB_SEARCH
stop talking,MUTE
can you tell the time,GET_TIME
ace unmute,UNMUTE
be silent,MUTE
what do you think about AI,GENERAL_CONVERSATION
start talking again,UNMUTE
google meaning of AI,WEB_SEARCH
look for stock market today,WEB_SEARCH
show me travel tips for Japan,WEB_SEARCH
chat with me,GENERAL_CONVERSATION
share something random,GENERAL_CONVERSATION
look up travel tips for Japan,WEB_SEARCH
show me cricket world cup score,WEB_SEARCH
start talking again,UNMUTE
say something funny,GENERAL_CONVERSATION
open project_notes.txt,OPEN_FILE
resume speaking,UNMUTE
open android studio,OPEN_APP
search for youtube music,WEB_SEARCH
mute yourself,MUTE
shut up,MUTE
run facetime,OPEN_APP
voice on,UNMUTE
how's your day going,GENERAL_CONVERSATION
show me movie.mp4,OPEN_FILE
start talking again,UNMUTE
how are you,GENERAL_CONVERSATION
ace open notes app,OPEN_APP
show me nearby gyms,WEB_SEARCH
voice on,UNMUTE
start talking again,UNMUTE
do you like music,GENERAL_CONVERSATION
launch contract2025.docx,OPEN_FILE
open slack,OPEN_APP
let’s chat,GENERAL_CONVERSATION
check time please,GET_TIME
open logo.png,OPEN_FILE
what time is it,GET_TIME
start youtube app,OPEN_APP
tell me the time,GET_TIME
what's the meaning of life,GENERAL_CONVERSATION
time right now,GET_TIME
launch accessibility,OPEN_APP
resume speaking,UNMUTE
what time is it,GET_TIME
launch expenses.xlsx,OPEN_FILE
start youtube app,OPEN_APP
show me todo_list.txt,OPEN_FILE
unmute yourself,UNMUTE
resume speaking,UNMUTE
what can you do,GENERAL_CONVERSATION
launch brochure.pdf,OPEN_FILE
tell me the time,GET_TIME
voice on,UNMUTE
let’s chat,GENERAL_CONVERSATION
open presentation_demo.pptx,OPEN_FILE
current time please,GET_TIME
launch tax_report.docx,OPEN_FILE
unmute yourself,UNMUTE
ace open weekly_report.pdf,OPEN_FILE
stop talking,MUTE
google Elon Musk,WEB_SEARCH
look up java documentation,WEB_SEARCH
time right now,GET_TIME
search for NASA news,WEB_SEARCH
current time please,GET_TIME
resume speaking,UNMUTE
can you tell the time,GET_TIME
find cricket world cup score,WEB_SEARCH
tell me about science,GENERAL_CONVERSATION
show me project_notes.txt,OPEN_FILE
resume speaking,UNMUTE
how’s it going,GENERAL_CONVERSATION
tell me about tech,GENERAL_CONVERSATION
unmute yourself,UNMUTE
ace open excel,OPEN_APP
time right now,GET_TIME
show me football match schedule,WEB_SEARCH
mute yourself,MUTE
look for meaning of AI,WEB_SEARCH
launch steam,OPEN_APP
be silent,MUTE
look up latest technology updates,WEB_SEARCH
ace mute,MUTE
what's up,GENERAL_CONVERSATION
show me diagram.svg,OPEN_FILE
say something funny,GENERAL_CONVERSATION
unmute yourself,UNMUTE
launch maps app,OPEN_APP
tell me something interesting,GENERAL_CONVERSATION
open photos app,OPEN_APP
find space exploration,WEB_SEARCH
open powerpoint,OPEN_APP
unmute yourself,UNMUTE
look up chicken curry recipes,WEB_SEARCH
launch illustrator,OPEN_APP
voice on,UNMUTE
what's up,GENERAL_CONVERSATION
start talking again,UNMUTE
be silent,MUTE
voice on,UNMUTE
voice on,UNMUTE
ace open excel,OPEN_APP
voice on,UNMUTE
launch calculator,OPEN_APP
tell me something interesting,GENERAL_CONVERSATION
ace open poster.png,OPEN_FILE
ace mute,MUTE
shut up,MUTE
be silent,MUTE
can you tell the time,GET_TIME
resume speaking,UNMUTE
launch downloads folder,OPEN_FILE
ace open reminders,OPEN_APP
show me screenshot.png,OPEN_FILE
look up healthy diet plan,WEB_SEARCH
current time please,GET_TIME
ace open maps app,OPEN_APP
what time is it,GET_TIME
look for latest gadgets,WEB_SEARCH
check time please,GET_TIME
what can you do,GENERAL_CONVERSATION
look up stock price of Apple,WEB_SEARCH
ace open tax_report.docx,OPEN_FILE
ace unmute,UNMUTE
how are you,GENERAL_CONVERSATION
ace mute,MUTE
voice on,UNMUTE
run maps app,OPEN_APP
what time is it,GET_TIME
what’s the clock say,GET_TIME
search for news about elections,WEB_SEARCH
shut up,MUTE
ace open safari reader,OPEN_APP
start settings panel,OPEN_APP
show me report file,OPEN_FILE
stop talking,MUTE
tell me about nature,GENERAL_CONVERSATION
current time please,GET_TIME
let’s chat,GENERAL_CONVERSATION
show me how to cook pasta,WEB_SEARCH
unmute yourself,UNMUTE
be silent,MUTE
can you tell the time,GET_TIME
look for best smartphones 2025,WEB_SEARCH
shut up,MUTE
tell me a fun fact,GENERAL_CONVERSATION
ace open research.pdf,OPEN_FILE
can you tell the time,GET_TIME
search for latest technology updates,WEB_SEARCH
show me movie.mp4,OPEN_FILE
launch archive.zip,OPEN_FILE
be silent,MUTE
share something random,GENERAL_CONVERSATION
what time is it,GET_TIME
run safari,OPEN_APP
how’s it going,GENERAL_CONVERSATION
hey ace,GENERAL_CONVERSATION
tell me the time,GET_TIME
start netflix,OPEN_APP
run instagram,OPEN_APP
ace open budget.csv,OPEN_FILE
search for youtube music,WEB_SEARCH
launch downloads folder,OPEN_FILE
voice on,UNMUTE
show me youtube trending videos,WEB_SEARCH
time right now,GET_TIME
resume speaking,UNMUTE
search for AI research papers,WEB_SEARCH
what time is it,GET_TIME
what time is it,GET_TIME
what time is it,GET_TIME
resume speaking,UNMUTE
how do you feel,GENERAL_CONVERSATION
what do you know about space,GENERAL_CONVERSATION
show me financials.xlsx,OPEN_FILE
start talking again,UNMUTE
ace mute,MUTE
what do you think about AI,GENERAL_CONVERSATION
let’s chat,GENERAL_CONVERSATION
ace open system monitor,OPEN_APP
mute yourself,MUTE
shut up,MUTE
ace mute,MUTE
show me project_notes.txt,OPEN_FILE
tell me something interesting,GENERAL_CONVERSATION
tell me the time,GET_TIME
open powerpoint,OPEN_APP
launch profile_pic.jpg,OPEN_FILE
find coding bootcamps,WEB_SEARCH
run blender,OPEN_APP
look for java documentation,WEB_SEARCH
unmute yourself,UNMUTE
ace unmute,UNMUTE
run word,OPEN_APP
start slack,OPEN_APP
how do you feel,GENERAL_CONVERSATION
launch document sales.xlsx,OPEN_FILE
ace open presentation_final.pptx,OPEN_FILE
how are you,GENERAL_CONVERSATION
launch vs community,OPEN_APP
how are you,GENERAL_CONVERSATION
ace open research.pdf,OPEN_FILE
ace mute,MUTE
check time please,GET_TIME
resume speaking,UNMUTE
let's talk,GENERAL_CONVERSATION
find macbook prices,WEB_SEARCH
show me poster.png,OPEN_FILE
show me system_logs.txt,OPEN_FILE
search for NASA news,WEB_SEARCH
what time is it,GET_TIME
look for cricket world cup score,WEB_SEARCH
what time is it,GET_TIME
tell me about nature,GENERAL_CONVERSATION
show me free online courses,WEB_SEARCH
look up info on tesla cars,WEB_SEARCH
show me app.js,OPEN_FILE
resume speaking,UNMUTE
open obs studio,OPEN_APP
show me java documentation,WEB_SEARCH
let's talk,GENERAL_CONVERSATION
look up Elon Musk,WEB_SEARCH
look for youtube music,WEB_SEARCH
voice on,UNMUTE
run maps app,OPEN_APP
ace search for weather in Bahadurgarh,WEB_SEARCH
what can you do,GENERAL_CONVERSATION
launch zoom,OPEN_APP
show me project_code.py,OPEN_FILE
launch syllabus.pdf,OPEN_FILE
unmute yourself,UNMUTE
launch android studio,OPEN_APP
say something cool,GENERAL_CONVERSATION
tell me the time,GET_TIME
how do you feel,GENERAL_CONVERSATION
current time please,GET_TIME
tell me something interesting,GENERAL_CONVERSATION
open maps app,OPEN_APP
start talking again,UNMUTE
voice on,UNMUTE
shut up,MUTE
can you tell the time,GET_TIME
ace open movie.mp4,OPEN_FILE
what’s your thought,GENERAL_CONVERSATION
launch movie.mp4,OPEN_FILE
what do you think about AI,GENERAL_CONVERSATION
ace search for latest gadgets,WEB_SEARCH
what’s the clock say,GET_TIME
what do you know about space,GENERAL_CONVERSATION
mute yourself,MUTE
resume speaking,UNMUTE
find stock market today,WEB_SEARCH
voice on,UNMUTE
resume speaking,UNMUTE
ace unmute,UNMUTE
what do you know about space,GENERAL_CONVERSATION
check time please,GET_TIME
stop talking,MUTE
look up AI research papers,WEB_SEARCH
what’s your thought,GENERAL_CONVERSATION
look up weather in Bahadurgarh,WEB_SEARCH
launch mockup.ai,OPEN_FILE
shut up,MUTE
ace search for java documentation,WEB_SEARCH
can you tell the time,GET_TIME
mute yourself,MUTE
resume speaking,UNMUTE
shut up,MUTE
find nearby movie theaters,WEB_SEARCH
resume speaking,UNMUTE
resume speaking,UNMUTE
ace mute,MUTE
google stock market today,WEB_SEARCH
what's your opinion on movies,GENERAL_CONVERSATION
search for nearest coffee shop,WEB_SEARCH
be silent,MUTE
start contacts,OPEN_APP
can you tell the time,GET_TIME
resume speaking,UNMUTE
google weather in Bahadurgarh,WEB_SEARCH
stop talking,MUTE
launch photoshop,OPEN_APP
ace open contract.docx,OPEN_FILE
what's your opinion on movies,GENERAL_CONVERSATION
can we talk,GENERAL_CONVERSATION
hey ace,GENERAL_CONVERSATION
tell me the time,GET_TIME
current time please,GET_TIME
resume speaking,UNMUTE
open presentation.pptx,OPEN_FILE
open accessibility,OPEN_APP
open task manager,OPEN_APP
show me budget.csv,OPEN_FILE
google how to cook pasta,WEB_SEARCH
what’s the clock say,GET_TIME
can you tell the time,GET_TIME
ace unmute,UNMUTE
ace open calculator plus,OPEN_APP
resume speaking,UNMUTE
tell me the time,GET_TIME
resume speaking,UNMUTE
search for macbook prices,WEB_SEARCH
say something cool,GENERAL_CONVERSATION
what's the meaning of life,GENERAL_CONVERSATION
unmute yourself,UNMUTE
what's up,GENERAL_CONVERSATION
be silent,MUTE
launch facetime,OPEN_APP
show me tax_report.docx,OPEN_FILE
ace unmute,UNMUTE
chat with me,GENERAL_CONVERSATION
show me summary.doc,OPEN_FILE
find nearest coffee shop,WEB_SEARCH
unmute yourself,UNMUTE
launch calculator plus,OPEN_APP
ace open presentation.pptx,OPEN_FILE
what’s the clock say,GET_TIME
start dictionary app,OPEN_APP
tell me a joke,GENERAL_CONVERSATION
unmute yourself,UNMUTE
launch zoom,OPEN_APP
what's up,GENERAL_CONVERSATION
find latest technology updates,WEB_SEARCH
what’s your thought,GENERAL_CONVERSATION
tell me the time,GET_TIME
stop talking,MUTE
current time please,GET_TIME
resume speaking,UNMUTE
tell me about tech,GENERAL_CONVERSATION
shut up,MUTE
ace open twitter,OPEN_APP
chat with me,GENERAL_CONVERSATION
shut up,MUTE
show me twitter trends,WEB_SEARCH
unmute yourself,UNMUTE
ace mute,MUTE
voice on,UNMUTE
find nearby gyms,WEB_SEARCH
unmute yourself,UNMUTE
stop talking,MUTE
search for healthy diet plan,WEB_SEARCH
look for stock market today,WEB_SEARCH
tell me about science,GENERAL_CONVERSATION
check time please,GET_TIME
show me index.html,OPEN_FILE
ace open model.pkl,OPEN_FILE
shut up,MUTE
what do you know about space,GENERAL_CONVERSATION
open calculator plus,OPEN_APP
start dictionary app,OPEN_APP
stop talking,MUTE
ace unmute,UNMUTE
tell me about yourself,GENERAL_CONVERSATION
ace open presentation.pptx,OPEN_FILE
show me styles.css,OPEN_FILE
be silent,MUTE
tell me the time,GET_TIME
stop talking,MUTE
tell me the time,GET_TIME
ace search for youtube music,WEB_SEARCH
start spotify,OPEN_APP
ace unmute,UNMUTE
open presentation_final.pptx,OPEN_FILE
start whatsapp,OPEN_APP
current time please,GET_TIME
time right now,GET_TIME
show me syllabus.pdf,OPEN_FILE
ace search for news headlines,WEB_SEARCH
launch calculator plus,OPEN_APP
stop talking,MUTE
open settings,OPEN_APP
be silent,MUTE
show me healthy diet plan,WEB_SEARCH
any news ace,GENERAL_CONVERSATION
say something cool,GENERAL_CONVERSATION
voice on,UNMUTE
open styles.css,OPEN_FILE
ace search for sunset images,WEB_SEARCH
open archive.zip,OPEN_FILE
look for NASA news,WEB_SEARCH
ace open thesis.pdf,OPEN_FILE
time right now,GET_TIME
current time please,GET_TIME
shut up,MUTE
unmute yourself,UNMUTE
search for news headlines,WEB_SEARCH
ace search for latest gadgets,WEB_SEARCH
tell me about tech,GENERAL_CONVERSATION
show me notes_draft.txt,OPEN_FILE
show me brochure.pdf,OPEN_FILE
unmute yourself,UNMUTE
what do you know about space,GENERAL_CONVERSATION
any news ace,GENERAL_CONVERSATION
say hi,GENERAL_CONVERSATION
do you like music,GENERAL_CONVERSATION
ace unmute,UNMUTE
show me nearby movie theaters,WEB_SEARCH
start safari reader,OPEN_APP
resume speaking,UNMUTE
launch terminal pro,OPEN_APP
search for news about elections,WEB_SEARCH
voice on,UNMUTE
google latest gadgets,WEB_SEARCH
ace open safari reader,OPEN_APP
find youtube music,WEB_SEARCH
voice on,UNMUTE
start talking again,UNMUTE
stop talking,MUTE
start instagram,OPEN_APP
run word,OPEN_APP
how’s it going,GENERAL_CONVERSATION
share something random,GENERAL_CONVERSATION
stop talking,MUTE
look up youtube trending videos,WEB_SEARCH
find youtube trending videos,WEB_SEARCH
stop talking,MUTE
what's your opinion on movies,GENERAL_CONVERSATION
google free online courses,WEB_SEARCH
start talking again,UNMUTE
ace open notes app,OPEN_APP
unmute yourself,UNMUTE
show me meaning of AI,WEB_SEARCH
be silent,MUTE
how are you,GENERAL_CONVERSATION
tell me the time,GET_TIME
hey ace,GENERAL_CONVERSATION
what’s the clock say,GET_TIME
hey ace,GENERAL_CONVERSATION
show me expenses.xlsx,OPEN_FILE
tell me something interesting,GENERAL_CONVERSATION
open financials.xlsx,OPEN_FILE
check time please,GET_TIME
find youtube music,WEB_SEARCH
be silent,MUTE
ace unmute,UNMUTE
how's your day going,GENERAL_CONVERSATION
chat with me,GENERAL_CONVERSATION
look up meaning of AI,WEB_SEARCH
be silent,MUTE
look for space exploration,WEB_SEARCH
search for stock market today,WEB_SEARCH
ace open calendar,OPEN_APP
run facetime,OPEN_APP
ace open terminal pro,OPEN_APP
check time please,GET_TIME
what’s the clock say,GET_TIME
check time please,GET_TIME
open thesis.pdf,OPEN_FILE
can you tell the time,GET_TIME
unmute yourself,UNMUTE
stop talking,MUTE
ace open task manager,OPEN_APP
say hi,GENERAL_CONVERSATION
chat with me,GENERAL_CONVERSATION
start itunes,OPEN_APP
ace open diagram.svg,OPEN_FILE
ace open article.txt,OPEN_FILE
ace search for twitter trends,WEB_SEARCH
can you tell the time,GET_TIME
shut up,MUTE
run twitter,OPEN_APP
can you tell the time,GET_TIME
ace search for nearest coffee shop,WEB_SEARCH
check time please,GET_TIME
voice on,UNMUTE
ace open app.js,OPEN_FILE
mute yourself,MUTE
what's up,GENERAL_CONVERSATION
start talking again,UNMUTE
be silent,MUTE
open homework.docx,OPEN_FILE
open netflix,OPEN_APP
ace open archive.zip,OPEN_FILE
search for space exploration,WEB_SEARCH
open design.png,OPEN_FILE
ace unmute,UNMUTE
voice on,UNMUTE
ace unmute,UNMUTE
what’s the clock say,GET_TIME
ace open invoice_2025.pdf,OPEN_FILE
stop talking,MUTE
tell me something interesting,GENERAL_CONVERSATION
launch kindle,OPEN_APP
ace open syllabus.pdf,OPEN_FILE
launch checklist.csv,OPEN_FILE
mute yourself,MUTE
what time is it,GET_TIME
resume speaking,UNMUTE
shut up,MUTE
find youtube trending videos,WEB_SEARCH
ace open netflix,OPEN_APP
start talking again,UNMUTE
give me trivia,GENERAL_CONVERSATION
ace mute,MUTE
unmute yourself,UNMUTE
tell me about tech,GENERAL_CONVERSATION
be silent,MUTE
launch project_notes.txt,OPEN_FILE
run steam,OPEN_APP
find weather in Bahadurgarh,WEB_SEARCH
current time please,GET_TIME
what's your opinion on movies,GENERAL_CONVERSATION
unmute yourself,UNMUTE
say hi,GENERAL_CONVERSATION
shut up,MUTE
ace unmute,UNMUTE
what can you do,GENERAL_CONVERSATION
ace open homework.docx,OPEN_FILE
open project_code.py,OPEN_FILE
be silent,MUTE
what's up,GENERAL_CONVERSATION
ace mute,MUTE
start talking again,UNMUTE
current time please,GET_TIME
what time is it,GET_TIME
run netflix,OPEN_APP
ace mute,MUTE
show me expenses.xlsx,OPEN_FILE
launch index.html,OPEN_FILE
tell me something interesting,GENERAL_CONVERSATION
how are you,GENERAL_CONVERSATION
tell me something interesting,GENERAL_CONVERSATION
stop talking,MUTE
look for latest technology updates,WEB_SEARCH
find travel tips for Japan,WEB_SEARCH
can you tell the time,GET_TIME
launch thesis.pdf,OPEN_FILE
ace mute,MUTE
run youtube app,OPEN_APP
ace open app.js,OPEN_FILE
stop talking,MUTE
unmute yourself,UNMUTE
tell me the time,GET_TIME
ace open diagram.svg,OPEN_FILE
run maps app,OPEN_APP
say something cool,GENERAL_CONVERSATION
start blender,OPEN_APP
open youtube app,OPEN_APP
tell me the time,GET_TIME
look for AI research papers,WEB_SEARCH
what time is it,GET_TIME
check time please,GET_TIME
look for sunset images,WEB_SEARCH
hey ace,GENERAL_CONVERSATION
be silent,MUTE
open premiere pro,OPEN_APP
resume speaking,UNMUTE
tell me about science,GENERAL_CONVERSATION
resume speaking,UNMUTE
how do you feel,GENERAL_CONVERSATION
open design.png,OPEN_FILE
mute yourself,MUTE
tell me the time,GET_TIME
ace open photoshop,OPEN_APP
stop talking,MUTE
open index.html,OPEN_FILE
start reminders,OPEN_APP
run vs community,OPEN_APP
resume speaking,UNMUTE
ace search for stock price of Apple,WEB_SEARCH
google weather in Bahadurgarh,WEB_SEARCH
check time please,GET_TIME
ace unmute,UNMUTE
ace search for football match schedule,WEB_SEARCH
open mockup.ai,OPEN_FILE
look for Elon Musk,WEB_SEARCH
start talking again,UNMUTE
open logo.png,OPEN_FILE
how do you feel,GENERAL_CONVERSATION
current time please,GET_TIME
open app.js,OPEN_FILE
tell me about yourself,GENERAL_CONVERSATION
ace search for free online courses,WEB_SEARCH
launch calculator plus,OPEN_APP
what time is it,GET_TIME
show me contract2025.docx,OPEN_FILE
resume speaking,UNMUTE
launch todo_list.txt,OPEN_FILE
open todo_list.txt,OPEN_FILE
mute yourself,MUTE
mute yourself,MUTE
show me report file,OPEN_FILE
ace unmute,UNMUTE
what’s the clock say,GET_TIME
tell me the time,GET_TIME
launch telegram,OPEN_APP
what’s the clock say,GET_TIME
ace open project_code.py,OPEN_FILE
show me vacation_photos.zip,OPEN_FILE
mute yourself,MUTE
tell me the time,GET_TIME
shut up,MUTE
run calculator,OPEN_APP
ace open vscode,OPEN_APP
ace open profile_pic.jpg,OPEN_FILE
mute yourself,MUTE
tell me about science,GENERAL_CONVERSATION
search for climate change,WEB_SEARCH
look up space exploration,WEB_SEARCH
ace open styles.css,OPEN_FILE
ace open finder,OPEN_APP
start android studio,OPEN_APP
mute yourself,MUTE
ace unmute,UNMUTE
look up sunset images,WEB_SEARCH
run terminal,OPEN_APP
ace open report file,OPEN_FILE
ace search for space exploration,WEB_SEARCH
tell me about tech,GENERAL_CONVERSATION
resume speaking,UNMUTE
open notes_draft.txt,OPEN_FILE
tell me a joke,GENERAL_CONVERSATION
shut up,MUTE
current time please,GET_TIME
mute yourself,MUTE
tell me about nature,GENERAL_CONVERSATION
look up cricket world cup score,WEB_SEARCH
open downloads folder,OPEN_FILE
look for macbook prices,WEB_SEARCH
stop talking,MUTE
tell me the time,GET_TIME
tell me a fun fact,GENERAL_CONVERSATION
look up meaning of AI,WEB_SEARCH
ace unmute,UNMUTE
ace unmute,UNMUTE
search for NASA news,WEB_SEARCH
run premiere pro,OPEN_APP
find meaning of AI,WEB_SEARCH
say something funny,GENERAL_CONVERSATION
ace open summary.doc,OPEN_FILE
voice on,UNMUTE
current time please,GET_TIME
open google chrome,OPEN_APP
ace mute,MUTE
ace mute,MUTE
share something random,GENERAL_CONVERSATION
open facetime,OPEN_APP
run mail app,OPEN_APP
what time is it,GET_TIME
ace unmute,UNMUTE
start talking again,UNMUTE
shut up,MUTE
open presentation.pptx,OPEN_FILE
look up sunset images,WEB_SEARCH
launch weekly_report.pdf,OPEN_FILE
can we talk,GENERAL_CONVERSATION
open homework.docx,OPEN_FILE
tell me a joke,GENERAL_CONVERSATION
tell me about nature,GENERAL_CONVERSATION
what’s the clock say,GET_TIME
start terminal pro,OPEN_APP
show me design.png,OPEN_FILE
tell me about tech,GENERAL_CONVERSATION
start talking again,UNMUTE
give me trivia,GENERAL_CONVERSATION
tell me a fun fact,GENERAL_CONVERSATION
say something cool,GENERAL_CONVERSATION
find free online courses,WEB_SEARCH
any news ace,GENERAL_CONVERSATION
tell me something interesting,GENERAL_CONVERSATION
tell me a joke,GENERAL_CONVERSATION
ace mute,MUTE
what’s the clock say,GET_TIME
voice on,UNMUTE
ace open itunes,OPEN_APP
mute yourself,MUTE
tell me about science,GENERAL_CONVERSATION
ace unmute,UNMUTE
what’s the clock say,GET_TIME
start talking again,UNMUTE
launch invoice_2025.pdf,OPEN_FILE
launch financials.xlsx,OPEN_FILE
shut up,MUTE
tell me the time,GET_TIME
look for free online courses,WEB_SEARCH
how do you feel,GENERAL_CONVERSATION
launch financials.xlsx,OPEN_FILE
stop talking,MUTE
tell me the time,GET_TIME
time right now,GET_TIME
shut up,MUTE
ace open after effects,OPEN_APP
run app store,OPEN_APP
launch premiere pro,OPEN_APP
show me meaning of AI,WEB_SEARCH
let’s chat,GENERAL_CONVERSATION
open finder,OPEN_APP
tell me a joke,GENERAL_CONVERSATION
ace unmute,UNMUTE
be silent,MUTE
show me news about elections,WEB_SEARCH
show me contract2025.docx,OPEN_FILE
say something funny,GENERAL_CONVERSATION
open calculator plus,OPEN_APP
stop talking,MUTE
ace unmute,UNMUTE
mute yourself,MUTE
open accessibility,OPEN_APP
show me system_logs.txt,OPEN_FILE
tell me the time,GET_TIME
google youtube music,WEB_SEARCH
launch presentation_final.pptx,OPEN_FILE
tell me about nature,GENERAL_CONVERSATION
give me trivia,GENERAL_CONVERSATION
google sunset images,WEB_SEARCH
find youtube trending videos,WEB_SEARCH
how do you feel,GENERAL_CONVERSATION
what time is it,GET_TIME
launch design.png,OPEN_FILE
current time please,GET_TIME
start talking again,UNMUTE
show me homework.docx,OPEN_FILE
show me styles.css,OPEN_FILE
launch movie.mp4,OPEN_FILE
shut up,MUTE
what do you know about space,GENERAL_CONVERSATION
start talking again,UNMUTE
ace open safari,OPEN_APP
start youtube app,OPEN_APP
show me expenses.xlsx,OPEN_FILE
ace search for AI research papers,WEB_SEARCH
run settings,OPEN_APP
ace search for stock price of Apple,WEB_SEARCH
show me database.sql,OPEN_FILE
ace open profile_pic.jpg,OPEN_FILE
open meeting_minutes.doc,OPEN_FILE
open downloads folder,OPEN_FILE
current time please,GET_TIME
how do you feel,GENERAL_CONVERSATION
ace mute,MUTE
stop talking,MUTE
unmute yourself,UNMUTE
let's talk,GENERAL_CONVERSATION
look up pizza recipe,WEB_SEARCH
shut up,MUTE
be silent,MUTE
tell me the time,GET_TIME
check time please,GET_TIME
find latest gadgets,WEB_SEARCH
show me cricket world cup score,WEB_SEARCH
tell me something interesting,GENERAL_CONVERSATION
find weather in Bahadurgarh,WEB_SEARCH
launch maps app,OPEN_APP
ace open budget.csv,OPEN_FILE
google coding bootcamps,WEB_SEARCH
ace mute,MUTE
run spotify,OPEN_APP
how are you,GENERAL_CONVERSATION
start dictionary app,OPEN_APP
hey ace,GENERAL_CONVERSATION
say hi,GENERAL_CONVERSATION
google meaning of AI,WEB_SEARCH
launch article.txt,OPEN_FILE
time right now,GET_TIME
launch screenshot.png,OPEN_FILE
shut up,MUTE
ace open design.png,OPEN_FILE
how’s it going,GENERAL_CONVERSATION
start talking again,UNMUTE
open reminders,OPEN_APP
open after effects,OPEN_APP
mute yourself,MUTE
look up youtube music,WEB_SEARCH
be silent,MUTE
look for NASA news,WEB_SEARCH
time right now,GET_TIME
time right now,GET_TIME
launch instagram,OPEN_APP
ace unmute,UNMUTE
give me trivia,GENERAL_CONVERSATION
time right now,GET_TIME
ace unmute,UNMUTE
how do you feel,GENERAL_CONVERSATION
be silent,MUTE
what's up,GENERAL_CONVERSATION
say hi,GENERAL_CONVERSATION
what time is it,GET_TIME
show me screenshot.png,OPEN_FILE
launch android studio,OPEN_APP
ace mute,MUTE
run powerpoint,OPEN_APP
what do you know about space,GENERAL_CONVERSATION
tell me about nature,GENERAL_CONVERSATION
run zoom,OPEN_APP
tell me about science,GENERAL_CONVERSATION
start finder,OPEN_APP
time right now,GET_TIME
voice on,UNMUTE
what’s the clock say,GET_TIME
check time please,GET_TIME
start talking again,UNMUTE
what time is it,GET_TIME
stop talking,MUTE
time right now,GET_TIME
what’s the clock say,GET_TIME
say hi,GENERAL_CONVERSATION
let's talk,GENERAL_CONVERSATION
start powerpoint,OPEN_APP
stop talking,MUTE
ace search for AI research papers,WEB_SEARCH
mute yourself,MUTE
what’s the clock say,GET_TIME
what’s the clock say,GET_TIME
look for python tutorials,WEB_SEARCH
look for space exploration,WEB_SEARCH
be silent,MUTE
show me nearby movie theaters,WEB_SEARCH
look for pizza recipe,WEB_SEARCH
resume speaking,UNMUTE
resume speaking,UNMUTE
show me contract.docx,OPEN_FILE
tell me the time,GET_TIME
shut up,MUTE
open calculator plus,OPEN_APP
show me news headlines,WEB_SEARCH
tell me the time,GET_TIME
what do you know about space,GENERAL_CONVERSATION
shut up,MUTE
what’s your thought,GENERAL_CONVERSATION
look for pizza recipe,WEB_SEARCH
what’s the clock say,GET_TIME
ace unmute,UNMUTE
open contract.docx,OPEN_FILE
check time please,GET_TIME
unmute yourself,UNMUTE
what do you know about space,GENERAL_CONVERSATION
what time is it,GET_TIME
current time please,GET_TIME
tell me a fun fact,GENERAL_CONVERSATION
start talking again,UNMUTE
search for nearest coffee shop,WEB_SEARCH
chat with me,GENERAL_CONVERSATION
stop talking,MUTE
give me trivia,GENERAL_CONVERSATION
start telegram,OPEN_APP
ace open reminders,OPEN_APP
what's your opinion on movies,GENERAL_CONVERSATION
open photoshop,OPEN_APP
tell me about tech,GENERAL_CONVERSATION
shut up,MUTE
unmute yourself,UNMUTE
run slack,OPEN_APP
open calculator,OPEN_APP
ace mute,MUTE
run task manager,OPEN_APP
stop talking,MUTE
what’s the clock say,GET_TIME
show me travel tips for Japan,WEB_SEARCH
unmute yourself,UNMUTE
mute yourself,MUTE
ace open safari,OPEN_APP
can we talk,GENERAL_CONVERSATION
be silent,MUTE
mute yourself,MUTE
find chicken curry recipes,WEB_SEARCH
show me design.png,OPEN_FILE
ace unmute,UNMUTE
mute yourself,MUTE
run illustrator,OPEN_APP
open research.pdf,OPEN_FILE
check time please,GET_TIME
tell me about science,GENERAL_CONVERSATION
how are you,GENERAL_CONVERSATION
voice on,UNMUTE
tell me about tech,GENERAL_CONVERSATION
start discord,OPEN_APP
unmute yourself,UNMUTE
ace open app store,OPEN_APP
ace mute,MUTE
tell me about nature,GENERAL_CONVERSATION
ace mute,MUTE
google twitter trends,WEB_SEARCH
tell me the time,GET_TIME
resume speaking,UNMUTE
ace mute,MUTE
ace mute,MUTE
show me diagram.svg,OPEN_FILE
ace open calculator plus,OPEN_APP
time right now,GET_TIME
voice on,UNMUTE
launch instagram,OPEN_APP
say something funny,GENERAL_CONVERSATION
show me contract2025.docx,OPEN_FILE
show me football match schedule,WEB_SEARCH
look for how to cook pasta,WEB_SEARCH
launch project_code.py,OPEN_FILE
start talking again,UNMUTE
run terminal,OPEN_APP
resume speaking,UNMUTE
start talking again,UNMUTE
ace open accessibility,OPEN_APP
show me logo.png,OPEN_FILE
shut up,MUTE
show me design.png,OPEN_FILE
start vscode,OPEN_APP
open timetable.xlsx,OPEN_FILE
do you like music,GENERAL_CONVERSATION
run kindle,OPEN_APP
tell me about tech,GENERAL_CONVERSATION
show me travel tips for Japan,WEB_SEARCH
can you tell the time,GET_TIME
run netflix,OPEN_APP
open preview,OPEN_APP
stop talking,MUTE
what time is it,GET_TIME
find how to cook pasta,WEB_SEARCH
start talking again,UNMUTE
hey ace,GENERAL_CONVERSATION
launch tax_report.docx,OPEN_FILE
start android studio,OPEN_APP
what’s the clock say,GET_TIME
ace search for travel tips for Japan,WEB_SEARCH
show me presentation_demo.pptx,OPEN_FILE
say hi,GENERAL_CONVERSATION
google chicken curry recipes,WEB_SEARCH
voice on,UNMUTE
be silent,MUTE
google sunset images,WEB_SEARCH
start dictionary app,OPEN_APP
launch slack,OPEN_APP
look for chicken curry recipes,WEB_SEARCH
check time please,GET_TIME
mute yourself,MUTE
stop talking,MUTE
launch notes_draft.txt,OPEN_FILE
ace open telegram,OPEN_APP
how are you,GENERAL_CONVERSATION
find macbook prices,WEB_SEARCH
start talking again,UNMUTE
voice on,UNMUTE
run finder,OPEN_APP
chat with me,GENERAL_CONVERSATION
look for AI research papers,WEB_SEARCH
mute yourself,MUTE
look for free online courses,WEB_SEARCH
time right now,GET_TIME
launch presentation_final.pptx,OPEN_FILE
resume speaking,UNMUTE
how's your day going,GENERAL_CONVERSATION
let's talk,GENERAL_CONVERSATION
open design.png,OPEN_FILE
tell me the time,GET_TIME
show me presentation_demo.pptx,OPEN_FILE
start bluetooth settings,OPEN_APP
search for stock market today,WEB_SEARCH
how are you,GENERAL_CONVERSATION
look up pizza recipe,WEB_SEARCH
shut up,MUTE
current time please,GET_TIME
open audible,OPEN_APP
show me nearby gyms,WEB_SEARCH
unmute yourself,UNMUTE
tell me a joke,GENERAL_CONVERSATION
what’s the clock say,GET_TIME
what’s your thought,GENERAL_CONVERSATION
run android studio,OPEN_APP
ace open preview,OPEN_APP
launch zoom,OPEN_APP
check time please,GET_TIME
look up cheapest flight tickets,WEB_SEARCH
run youtube app,OPEN_APP
share something random,GENERAL_CONVERSATION
open checklist.csv,OPEN_FILE
start talking again,UNMUTE
show me space exploration,WEB_SEARCH
ace open dictionary app,OPEN_APP
how are you,GENERAL_CONVERSATION
open terminal pro,OPEN_APP
what can you do,GENERAL_CONVERSATION
ace open files app,OPEN_APP
launch script.js,OPEN_FILE
open article.txt,OPEN_FILE
tell me the time,GET_TIME
ace unmute,UNMUTE
check time please,GET_TIME
open homework.docx,OPEN_FILE
open vs community,OPEN_APP
look up news about elections,WEB_SEARCH
what do you think about AI,GENERAL_CONVERSATION
ace mute,MUTE
ace open poster.png,OPEN_FILE
tell me the time,GET_TIME
ace unmute,UNMUTE
unmute yourself,UNMUTE
tell me the time,GET_TIME
ace search for NASA news,WEB_SEARCH
what do you know about space,GENERAL_CONVERSATION
resume speaking,UNMUTE
can you tell the time,GET_TIME
open illustrator,OPEN_APP
time right now,GET_TIME
can you tell the time,GET_TIME
ace mute,MUTE
any news ace,GENERAL_CONVERSATION
how's your day going,GENERAL_CONVERSATION
open budget.csv,OPEN_FILE
mute yourself,MUTE
voice on,UNMUTE
run twitter,OPEN_APP
launch unity,OPEN_APP
look up news headlines,WEB_SEARCH
run terminal pro,OPEN_APP
mute yourself,MUTE
ace open finder,OPEN_APP
voice on,UNMUTE
launch twitter,OPEN_APP
shut up,MUTE
show me audio.mp3,OPEN_FILE
start netflix,OPEN_APP
google python tutorials,WEB_SEARCH
launch twitter,OPEN_APP
how's your day going,GENERAL_CONVERSATION
run youtube app,OPEN_APP
resume speaking,UNMUTE
what’s your thought,GENERAL_CONVERSATION
what’s the clock say,GET_TIME
what’s the clock say,GET_TIME
ace mute,MUTE
what time is it,GET_TIME
ace search for news headlines,WEB_SEARCH
shut up,MUTE
start slack,OPEN_APP
give me trivia,GENERAL_CONVERSATION
tell me the time,GET_TIME
do you like music,GENERAL_CONVERSATION
tell me something interesting,GENERAL_CONVERSATION
ace mute,MUTE
can you tell the time,GET_TIME
stop talking,MUTE
show me contract2025.docx,OPEN_FILE
ace open tax_report.docx,OPEN_FILE
start twitter,OPEN_APP
resume speaking,UNMUTE
current time please,GET_TIME
show me latest technology updates,WEB_SEARCH
ace mute,MUTE
can you tell the time,GET_TIME
stop talking,MUTE
look for cricket world cup score,WEB_SEARCH
ace search for youtube music,WEB_SEARCH
ace open research.pdf,OPEN_FILE
ace search for news about elections,WEB_SEARCH
resume speaking,UNMUTE
look up nearby gyms,WEB_SEARCH
what can you do,GENERAL_CONVERSATION
what’s your thought,GENERAL_CONVERSATION
mute yourself,MUTE
what time is it,GET_TIME
tell me something interesting,GENERAL_CONVERSATION
be silent,MUTE
start talking again,UNMUTE
ace open diagram.svg,OPEN_FILE
ace unmute,UNMUTE
unmute yourself,UNMUTE
show me weekly_report.pdf,OPEN_FILE
google free online courses,WEB_SEARCH
launch screenshot.png,OPEN_FILE
what's up,GENERAL_CONVERSATION
tell me a fun fact,GENERAL_CONVERSATION
launch contract.docx,OPEN_FILE
resume speaking,UNMUTE
launch after effects,OPEN_APP
show me contract2025.docx,OPEN_FILE
run terminal,OPEN_APP
look for stock price of Apple,WEB_SEARCH
open article.txt,OPEN_FILE
mute yourself,MUTE
launch photos app,OPEN_APP
launch app.js,OPEN_FILE
google youtube music,WEB_SEARCH
can we talk,GENERAL_CONVERSATION
run whatsapp,OPEN_APP
start terminal,OPEN_APP
stop talking,MUTE
look up info on tesla cars,WEB_SEARCH
ace unmute,UNMUTE
launch presentation_demo.pptx,OPEN_FILE
look up news about elections,WEB_SEARCH
start excel,OPEN_APP
tell me the time,GET_TIME
start word,OPEN_APP
google stock market today,WEB_SEARCH
can you tell the time,GET_TIME
open contacts,OPEN_APP
ace open whatsapp,OPEN_APP
ace unmute,UNMUTE
what time is it,GET_TIME
stop talking,MUTE
ace open bluetooth settings,OPEN_APP
unmute yourself,UNMUTE
ace open script.js,OPEN_FILE
launch app.js,OPEN_FILE
start talking again,UNMUTE
open calendar,OPEN_APP
launch homework.docx,OPEN_FILE
open discord,OPEN_APP
voice on,UNMUTE
can you tell the time,GET_TIME
hey ace,GENERAL_CONVERSATION
can you tell the time,GET_TIME
look for latest gadgets,WEB_SEARCH
google chicken curry recipes,WEB_SEARCH
find info on tesla cars,WEB_SEARCH
ace mute,MUTE
launch system monitor,OPEN_APP
check time please,GET_TIME
start talking again,UNMUTE
ace unmute,UNMUTE
ace open vs community,OPEN_APP
run preview,OPEN_APP
mute yourself,MUTE
do you like music,GENERAL_CONVERSATION
ace open obs studio,OPEN_APP
open homework.docx,OPEN_FILE
tell me about nature,GENERAL_CONVERSATION
can you tell the time,GET_TIME
tell me the time,GET_TIME
start photoshop,OPEN_APP
can you tell the time,GET_TIME
hey ace,GENERAL_CONVERSATION
ace search for twitter trends,WEB_SEARCH
voice on,UNMUTE
show me poster.png,OPEN_FILE
time right now,GET_TIME
how are you,GENERAL_CONVERSATION
mute yourself,MUTE
ace mute,MUTE
what’s the clock say,GET_TIME
how's your day going,GENERAL_CONVERSATION
ace search for stock price of Apple,WEB_SEARCH
be silent,MUTE
ace unmute,UNMUTE
ace open vacation_photos.zip,OPEN_FILE
launch audio.mp3,OPEN_FILE
mute yourself,MUTE
look for nearest coffee shop,WEB_SEARCH
show me expenses.xlsx,OPEN_FILE
shut up,MUTE
tell me about nature,GENERAL_CONVERSATION
be silent,MUTE
show me movie.mp4,OPEN_FILE
tell me about yourself,GENERAL_CONVERSATION
hey ace,GENERAL_CONVERSATION
what time is it,GET_TIME
find weather in Bahadurgarh,WEB_SEARCH
ace open contract.docx,OPEN_FILE
show me contract.docx,OPEN_FILE
current time please,GET_TIME
start talking again,UNMUTE
open tax_report.docx,OPEN_FILE
resume speaking,UNMUTE
ace mute,MUTE
run calendar,OPEN_APP
open facetime,OPEN_APP
ace unmute,UNMUTE
stop talking,MUTE
show me vacation_photos.zip,OPEN_FILE
shut up,MUTE
ace mute,MUTE
share something random,GENERAL_CONVERSATION
ace search for latest technology updates,WEB_SEARCH
ace open calculator,OPEN_APP
ace open presentation.pptx,OPEN_FILE
launch photos app,OPEN_APP
let’s chat,GENERAL_CONVERSATION
ace unmute,UNMUTE
look for climate change,WEB_SEARCH
what's the meaning of life,GENERAL_CONVERSATION
be silent,MUTE
voice on,UNMUTE
ace unmute,UNMUTE
launch illustrator,OPEN_APP
search for football match schedule,WEB_SEARCH
launch financials.xlsx,OPEN_FILE
what's your opinion on movies,GENERAL_CONVERSATION
mute yourself,MUTE
ace open vscode,OPEN_APP
open styles.css,OPEN_FILE
show me profile_pic.jpg,OPEN_FILE
current time please,GET_TIME
can you tell the time,GET_TIME
shut up,MUTE
ace open presentation_final.pptx,OPEN_FILE
look for stock price of Apple,WEB_SEARCH
what's the meaning of life,GENERAL_CONVERSATION
ace open tax_report.docx,OPEN_FILE
how do you feel,GENERAL_CONVERSATION
ace unmute,UNMUTE
find macbook prices,WEB_SEARCH
be silent,MUTE
ace open logo.png,OPEN_FILE
voice on,UNMUTE
look for news about elections,WEB_SEARCH
can you tell the time,GET_TIME
check time please,GET_TIME
launch resume.pdf,OPEN_FILE
can you tell the time,GET_TIME
resume speaking,UNMUTE
open project_code.py,OPEN_FILE
launch android studio,OPEN_APP
can you tell the time,GET_TIME
what time is it,GET_TIME
ace unmute,UNMUTE
check time please,GET_TIME
be silent,MUTE
stop talking,MUTE
ace search for best smartphones 2025,WEB_SEARCH
open budget.csv,OPEN_FILE
launch facetime,OPEN_APP
launch financials.xlsx,OPEN_FILE
show me movie.mp4,OPEN_FILE
tell me about tech,GENERAL_CONVERSATION
show me profile_pic.jpg,OPEN_FILE
start talking again,UNMUTE
tell me a joke,GENERAL_CONVERSATION
what's the meaning of life,GENERAL_CONVERSATION
what’s the clock say,GET_TIME
what do you know about space,GENERAL_CONVERSATION
ace mute,MUTE
stop talking,MUTE
ace open expenses.xlsx,OPEN_FILE
tell me about tech,GENERAL_CONVERSATION
ace unmute,UNMUTE
show me news about elections,WEB_SEARCH
show me archive.zip,OPEN_FILE
tell me a joke,GENERAL_CONVERSATION
what can you do,GENERAL_CONVERSATION
look up free online courses,WEB_SEARCH
ace open steam,OPEN_APP
time right now,GET_TIME
ace open photos app,OPEN_APP
show me Elon Musk,WEB_SEARCH
run contacts,OPEN_APP
open contract2025.docx,OPEN_FILE
ace mute,MUTE
show me expenses.xlsx,OPEN_FILE
ace unmute,UNMUTE
current time please,GET_TIME
be silent,MUTE
what’s the clock say,GET_TIME
be silent,MUTE
shut up,MUTE
shut up,MUTE
launch settings,OPEN_APP
current time please,GET_TIME
ace open vacation_photos.zip,OPEN_FILE
show me timetable.xlsx,OPEN_FILE
tell me about nature,GENERAL_CONVERSATION
let’s chat,GENERAL_CONVERSATION
search for travel tips for Japan,WEB_SEARCH
what time is it,GET_TIME
open contract.docx,OPEN_FILE
show me info on tesla cars,WEB_SEARCH
any news ace,GENERAL_CONVERSATION
what’s the clock say,GET_TIME
ace open mockup.ai,OPEN_FILE
open summary.doc,OPEN_FILE
run slack,OPEN_APP
be silent,MUTE
open database.sql,OPEN_FILE
look for stock price of Apple,WEB_SEARCH
tell me about yourself,GENERAL_CONVERSATION
what’s your thought,GENERAL_CONVERSATION
check time please,GET_TIME
launch calculator plus,OPEN_APP
can you tell the time,GET_TIME
show me todo_list.txt,OPEN_FILE
ace open project_notes.txt,OPEN_FILE
search for football match schedule,WEB_SEARCH
stop talking,MUTE
voice on,UNMUTE
show me downloads folder,OPEN_FILE
open financials.xlsx,OPEN_FILE
ace mute,MUTE
launch discord,OPEN_APP
what's up,GENERAL_CONVERSATION
can we talk,GENERAL_CONVERSATION
google weather in Bahadurgarh,WEB_SEARCH
be silent,MUTE
ace open contract2025.docx,OPEN_FILE
tell me the time,GET_TIME
tell me the time,GET_TIME
ace unmute,UNMUTE
find space exploration,WEB_SEARCH
current time please,GET_TIME
open movie.mp4,OPEN_FILE
current time please,GET_TIME
find sunset images,WEB_SEARCH
how's your day going,GENERAL_CONVERSATION
resume speaking,UNMUTE
tell me the time,GET_TIME
ace search for nearby movie theaters,WEB_SEARCH
start finder,OPEN_APP
ace open photoshop,OPEN_APP
tell me about yourself,GENERAL_CONVERSATION
can you tell the time,GET_TIME
tell me the time,GET_TIME
show me app.js,OPEN_FILE
time right now,GET_TIME
current time please,GET_TIME
look up nearby gyms,WEB_SEARCH
start talking again,UNMUTE
tell me about tech,GENERAL_CONVERSATION
start talking again,UNMUTE
ace search for space exploration,WEB_SEARCH
open presentation.pptx,OPEN_FILE
current time please,GET_TIME
what can you do,GENERAL_CONVERSATION
show me project_notes.txt,OPEN_FILE
unmute yourself,UNMUTE
check time please,GET_TIME
show me brochure.pdf,OPEN_FILE
ace mute,MUTE
start excel,OPEN_APP
start talking again,UNMUTE
open presentation_final.pptx,OPEN_FILE
voice on,UNMUTE
open contract2025.docx,OPEN_FILE
show me data_analysis.py,OPEN_FILE
launch resume.pdf,OPEN_FILE
shut up,MUTE
tell me the time,GET_TIME
search for memes on reddit,WEB_SEARCH
run youtube app,OPEN_APP
ace mute,MUTE
launch mockup.ai,OPEN_FILE
voice on,UNMUTE
share something random,GENERAL_CONVERSATION
how are you,GENERAL_CONVERSATION
stop talking,MUTE
look for info on tesla cars,WEB_SEARCH
open report file,OPEN_FILE
google AI research papers,WEB_SEARCH
start talking again,UNMUTE
can you tell the time,GET_TIME
shut up,MUTE
start after effects,OPEN_APP
open syllabus.pdf,OPEN_FILE
time right now,GET_TIME
current time please,GET_TIME
launch project_notes.txt,OPEN_FILE
what's your opinion on movies,GENERAL_CONVERSATION
tell me something interesting,GENERAL_CONVERSATION
open report file,OPEN_FILE
show me contract2025.docx,OPEN_FILE
be silent,MUTE
ace search for weather in Bahadurgarh,WEB_SEARCH
ace unmute,UNMUTE
ace open contract.docx,OPEN_FILE
voice on,UNMUTE
shut up,MUTE
resume speaking,UNMUTE
ace mute,MUTE
start calculator,OPEN_APP
resume speaking,UNMUTE
mute yourself,MUTE
start xcode,OPEN_APP
ace mute,MUTE
current time please,GET_TIME
find memes on reddit,WEB_SEARCH
start dictionary app,OPEN_APP
voice on,UNMUTE
stop talking,MUTE
find football match schedule,WEB_SEARCH
how are you,GENERAL_CONVERSATION
resume speaking,UNMUTE
show me mockup.ai,OPEN_FILE
shut up,MUTE
open telegram,OPEN_APP
look up space exploration,WEB_SEARCH
tell me something interesting,GENERAL_CONVERSATION
time right now,GET_TIME
shut up,MUTE
show me vacation_photos.zip,OPEN_FILE
ace open calculator plus,OPEN_APP
shut up,MUTE
tell me about tech,GENERAL_CONVERSATION
google macbook prices,WEB_SEARCH
mute yourself,MUTE
current time please,GET_TIME
launch powerpoint,OPEN_APP
launch google chrome,OPEN_APP
say hi,GENERAL_CONVERSATION
any news ace,GENERAL_CONVERSATION
ace search for java documentation,WEB_SEARCH
can you tell the time,GET_TIME
look for sunset images,WEB_SEARCH
ace open netflix,OPEN_APP
mute yourself,MUTE
what time is it,GET_TIME
say something funny,GENERAL_CONVERSATION
ace mute,MUTE
ace open presentation_demo.pptx,OPEN_FILE
shut up,MUTE
show me report file,OPEN_FILE
chat with me,GENERAL_CONVERSATION
open script.js,OPEN_FILE
show me pizza recipe,WEB_SEARCH
open report file,OPEN_FILE
mute yourself,MUTE
tell me a joke,GENERAL_CONVERSATION
open poster.png,OPEN_FILE
unmute yourself,UNMUTE
stop talking,MUTE
how do you feel,GENERAL_CONVERSATION
launch logo.png,OPEN_FILE
what time is it,GET_TIME
launch spotify,OPEN_APP
let's talk,GENERAL_CONVERSATION
what's up,GENERAL_CONVERSATION
how do you feel,GENERAL_CONVERSATION
what’s the clock say,GET_TIME
ace search for sunset images,WEB_SEARCH
shut up,MUTE
launch financials.xlsx,OPEN_FILE
resume speaking,UNMUTE
shut up,MUTE
ace unmute,UNMUTE
what's your opinion on movies,GENERAL_CONVERSATION
unmute yourself,UNMUTE
say something cool,GENERAL_CONVERSATION
chat with me,GENERAL_CONVERSATION
ace mute,MUTE
open maps app,OPEN_APP
shut up,MUTE
launch database.sql,OPEN_FILE
ace mute,MUTE
find pizza recipe,WEB_SEARCH
run terminal,OPEN_APP
can we talk,GENERAL_CONVERSATION
tell me about science,GENERAL_CONVERSATION
open excel,OPEN_APP
what do you know about space,GENERAL_CONVERSATION
show me meaning of AI,WEB_SEARCH
resume speaking,UNMUTE
launch discord,OPEN_APP
ace open vacation_photos.zip,OPEN_FILE
mute yourself,MUTE
start talking again,UNMUTE
hey ace,GENERAL_CONVERSATION
ace open google chrome,OPEN_APP
how are you,GENERAL_CONVERSATION
mute yourself,MUTE
let's talk,GENERAL_CONVERSATION
ace open report file,OPEN_FILE
stop talking,MUTE
unmute yourself,UNMUTE
google pizza recipe,WEB_SEARCH
look up latest gadgets,WEB_SEARCH
tell me about yourself,GENERAL_CONVERSATION
open data_analysis.py,OPEN_FILE
look up youtube trending videos,WEB_SEARCH
look for latest technology updates,WEB_SEARCH
hey ace,GENERAL_CONVERSATION
start slack,OPEN_APP
what's your opinion on movies,GENERAL_CONVERSATION
open brochure.pdf,OPEN_FILE
launch budget.csv,OPEN_FILE
show me macbook prices,WEB_SEARCH
show me cheapest flight tickets,WEB_SEARCH
open after effects,OPEN_APP
shut up,MUTE
start talking again,UNMUTE
open vs community,OPEN_APP
run files app,OPEN_APP
resume speaking,UNMUTE
mute yourself,MUTE
ace mute,MUTE
give me trivia,GENERAL_CONVERSATION
run excel,OPEN_APP
start preview,OPEN_APP
be silent,MUTE
ace open telegram,OPEN_APP
open todo_list.txt,OPEN_FILE
look up sunset images,WEB_SEARCH
run calendar,OPEN_APP
time right now,GET_TIME
tell me about yourself,GENERAL_CONVERSATION
ace open todo_list.txt,OPEN_FILE
start talking again,UNMUTE
ace mute,MUTE
tell me the time,GET_TIME
what's up,GENERAL_CONVERSATION
launch safari,OPEN_APP
what's your opinion on movies,GENERAL_CONVERSATION
unmute yourself,UNMUTE
start accessibility,OPEN_APP
what do you know about space,GENERAL_CONVERSATION
tell me a fun fact,GENERAL_CONVERSATION
search for sunset images,WEB_SEARCH
ace search for latest gadgets,WEB_SEARCH
what's the meaning of life,GENERAL_CONVERSATION
mute yourself,MUTE
launch blender,OPEN_APP
be silent,MUTE
unmute yourself,UNMUTE
shut up,MUTE
search for youtube trending videos,WEB_SEARCH
check time please,GET_TIME
resume speaking,UNMUTE
open android studio,OPEN_APP
ace open data_analysis.py,OPEN_FILE
start google chrome,OPEN_APP
voice on,UNMUTE
check time please,GET_TIME
how do you feel,GENERAL_CONVERSATION
current time please,GET_TIME
show me stock price of Apple,WEB_SEARCH
ace search for chicken curry recipes,WEB_SEARCH
start whatsapp,OPEN_APP
ace open vs community,OPEN_APP
launch presentation_final.pptx,OPEN_FILE
tell me the time,GET_TIME
any news ace,GENERAL_CONVERSATION
tell me the time,GET_TIME
be silent,MUTE
mute yourself,MUTE
start facetime,OPEN_APP
how's your day going,GENERAL_CONVERSATION
start talking again,UNMUTE
google python tutorials,WEB_SEARCH
give me trivia,GENERAL_CONVERSATION
check time please,GET_TIME
mute yourself,MUTE
unmute yourself,UNMUTE
ace open after effects,OPEN_APP
ace unmute,UNMUTE
voice on,UNMUTE
ace mute,MUTE
let's talk,GENERAL_CONVERSATION
mute yourself,MUTE
look for coding bootcamps,WEB_SEARCH
what time is it,GET_TIME
stop talking,MUTE
how's your day going,GENERAL_CONVERSATION
ace unmute,UNMUTE
show me summary.doc,OPEN_FILE
how are you,GENERAL_CONVERSATION
ace open terminal,OPEN_APP
ace unmute,UNMUTE
ace mute,MUTE
resume speaking,UNMUTE
show me expenses.xlsx,OPEN_FILE
chat with me,GENERAL_CONVERSATION
show me screenshot.png,OPEN_FILE
open safari,OPEN_APP
launch twitter,OPEN_APP
resume speaking,UNMUTE
be silent,MUTE
ace unmute,UNMUTE
unmute yourself,UNMUTE
ace open summary.doc,OPEN_FILE
open syllabus.pdf,OPEN_FILE
mute yourself,MUTE
current time please,GET_TIME
launch thesis.pdf,OPEN_FILE
look for youtube trending videos,WEB_SEARCH
run safari reader,OPEN_APP
say something cool,GENERAL_CONVERSATION
ace open word,OPEN_APP
voice on,UNMUTE
launch checklist.csv,OPEN_FILE
be silent,MUTE
can you tell the time,GET_TIME
what time is it,GET_TIME
voice on,UNMUTE
search for healthy diet plan,WEB_SEARCH
launch presentation.pptx,OPEN_FILE
ace open document sales.xlsx,OPEN_FILE
open brochure.pdf,OPEN_FILE
ace mute,MUTE
launch index.html,OPEN_FILE
open kindle,OPEN_APP
check time please,GET_TIME
start illustrator,OPEN_APP
launch calendar,OPEN_APP
show me thesis.pdf,OPEN_FILE
mute yourself,MUTE
mute yourself,MUTE
unmute yourself,UNMUTE
unmute yourself,UNMUTE
find nearby movie theaters,WEB_SEARCH
resume speaking,UNMUTE
ace open notes_draft.txt,OPEN_FILE
show me travel tips for Japan,WEB_SEARCH
voice on,UNMUTE
ace unmute,UNMUTE
ace search for AI research papers,WEB_SEARCH
find AI research papers,WEB_SEARCH
tell me about nature,GENERAL_CONVERSATION
current time please,GET_TIME
what’s your thought,GENERAL_CONVERSATION
voice on,UNMUTE
google space exploration,WEB_SEARCH
ace search for latest technology updates,WEB_SEARCH
tell me about yourself,GENERAL_CONVERSATION
can you tell the time,GET_TIME
current time please,GET_TIME
ace open vscode,OPEN_APP
stop talking,MUTE
stop talking,MUTE
start talking again,UNMUTE
ace open youtube app,OPEN_APP
start calculator,OPEN_APP
show me how to cook pasta,WEB_SEARCH
unmute yourself,UNMUTE
check time please,GET_TIME
tell me a fun fact,GENERAL_CONVERSATION
run bluetooth settings,OPEN_APP
ace search for healthy diet plan,WEB_SEARCH
mute yourself,MUTE
open discord,OPEN_APP
start talking again,UNMUTE
how do you feel,GENERAL_CONVERSATION
be silent,MUTE
launch project_code.py,OPEN_FILE
shut up,MUTE
voice on,UNMUTE
resume speaking,UNMUTE
google how to cook pasta,WEB_SEARCH
unmute yourself,UNMUTE
run netflix,OPEN_APP
what time is it,GET_TIME
ace open twitter,OPEN_APP
tell me the time,GET_TIME
can you tell the time,GET_TIME
launch timetable.xlsx,OPEN_FILE
show me mockup.ai,OPEN_FILE
show me document sales.xlsx,OPEN_FILE
ace open terminal pro,OPEN_APP
start netflix,OPEN_APP
tell me about science,GENERAL_CONVERSATION
look up memes on reddit,WEB_SEARCH
be silent,MUTE
ace open contacts,OPEN_APP
open notes app,OPEN_APP
look for macbook prices,WEB_SEARCH
launch system_logs.txt,OPEN_FILE
tell me about yourself,GENERAL_CONVERSATION
ace unmute,UNMUTE
google memes on reddit,WEB_SEARCH
resume speaking,UNMUTE
start talking again,UNMUTE
say hi,GENERAL_CONVERSATION
tell me about tech,GENERAL_CONVERSATION
show me meaning of AI,WEB_SEARCH
show me invoice_2025.pdf,OPEN_FILE
tell me about yourself,GENERAL_CONVERSATION
start talking again,UNMUTE
ace open movie.mp4,OPEN_FILE
resume speaking,UNMUTE
look up coding bootcamps,WEB_SEARCH
can you tell the time,GET_TIME
say something cool,GENERAL_CONVERSATION
search for twitter trends,WEB_SEARCH
mute yourself,MUTE
tell me about yourself,GENERAL_CONVERSATION
mute yourself,MUTE
shut up,MUTE
mute yourself,MUTE
search for news about elections,WEB_SEARCH
open telegram,OPEN_APP
tell me the time,GET_TIME
what time is it,GET_TIME
mute yourself,MUTE
open database.sql,OPEN_FILE
stop talking,MUTE
mute yourself,MUTE
how’s it going,GENERAL_CONVERSATION
can you tell the time,GET_TIME
stop talking,MUTE
open accessibility,OPEN_APP
ace open database.sql,OPEN_FILE
be silent,MUTE
let’s chat,GENERAL_CONVERSATION
say something cool,GENERAL_CONVERSATION
show me presentation_demo.pptx,OPEN_FILE
show me project_code.py,OPEN_FILE
current time please,GET_TIME
ace unmute,UNMUTE
check time please,GET_TIME
launch article.txt,OPEN_FILE
look for java documentation,WEB_SEARCH
be silent,MUTE
be silent,MUTE
shut up,MUTE
google cricket world cup score,WEB_SEARCH
mute yourself,MUTE
tell me the time,GET_TIME
shut up,MUTE
tell me about tech,GENERAL_CONVERSATION
ace mute,MUTE
stop talking,MUTE
open weekly_report.pdf,OPEN_FILE
stop talking,MUTE
current time please,GET_TIME
tell me the time,GET_TIME
what's up,GENERAL_CONVERSATION
start vscode,OPEN_APP
show me contract2025.docx,OPEN_FILE
what time is it,GET_TIME
open slack,OPEN_APP
ace unmute,UNMUTE
launch screenshot.png,OPEN_FILE
launch photos app,OPEN_APP
ace search for coding bootcamps,WEB_SEARCH
chat with me,GENERAL_CONVERSATION
what time is it,GET_TIME
launch homework.docx,OPEN_FILE
look up climate change,WEB_SEARCH
tell me the time,GET_TIME
be silent,MUTE
ace open research.pdf,OPEN_FILE
be silent,MUTE
be silent,MUTE
say something funny,GENERAL_CONVERSATION
look for twitter trends,WEB_SEARCH
current time please,GET_TIME
show me report file,OPEN_FILE
find climate change,WEB_SEARCH
ace unmute,UNMUTE
ace unmute,UNMUTE
launch notes app,OPEN_APP
ace open model.pkl,OPEN_FILE
tell me the time,GET_TIME
start netflix,OPEN_APP
stop talking,MUTE
show me presentation_demo.pptx,OPEN_FILE
what do you think about AI,GENERAL_CONVERSATION
show me article.txt,OPEN_FILE
start talking again,UNMUTE
current time please,GET_TIME
ace search for nearby movie theaters,WEB_SEARCH
current time please,GET_TIME
what’s the clock say,GET_TIME
open finder,OPEN_APP
open logo.png,OPEN_FILE
look for free online courses,WEB_SEARCH
what’s the clock say,GET_TIME
be silent,MUTE
start premiere pro,OPEN_APP
what time is it,GET_TIME
mute yourself,MUTE
ace search for nearby movie theaters,WEB_SEARCH
current time please,GET_TIME
show me homework.docx,OPEN_FILE
be silent,MUTE
shut up,MUTE
show me nearest coffee shop,WEB_SEARCH
stop talking,MUTE
start talking again,UNMUTE
stop talking,MUTE
ace open after effects,OPEN_APP
current time please,GET_TIME
open profile_pic.jpg,OPEN_FILE
check time please,GET_TIME
ace open steam,OPEN_APP
any news ace,GENERAL_CONVERSATION
ace open budget.csv,OPEN_FILE
open contract.docx,OPEN_FILE
google weather in Bahadurgarh,WEB_SEARCH
ace unmute,UNMUTE
be silent,MUTE
ace open kindle,OPEN_APP
voice on,UNMUTE
find python tutorials,WEB_SEARCH
show me budget.csv,OPEN_FILE
tell me the time,GET_TIME
current time please,GET_TIME
how's your day going,GENERAL_CONVERSATION
search for climate change,WEB_SEARCH
ace unmute,UNMUTE
run excel,OPEN_APP
tell me about nature,GENERAL_CONVERSATION
time right now,GET_TIME
run twitter,OPEN_APP
tell me about nature,GENERAL_CONVERSATION
current time please,GET_TIME
stop talking,MUTE
voice on,UNMUTE
ace open budget.csv,OPEN_FILE
run audible,OPEN_APP
ace mute,MUTE
ace mute,MUTE
ace unmute,UNMUTE
start settings panel,OPEN_APP
what’s the clock say,GET_TIME
can we talk,GENERAL_CONVERSATION
check time please,GET_TIME
how’s it going,GENERAL_CONVERSATION
how’s it going,GENERAL_CONVERSATION
shut up,MUTE
what’s your thought,GENERAL_CONVERSATION
be silent,MUTE
unmute yourself,UNMUTE
open android studio,OPEN_APP
ace open model.pkl,OPEN_FILE
what’s the clock say,GET_TIME
look up youtube music,WEB_SEARCH
unmute yourself,UNMUTE
check time please,GET_TIME
ace unmute,UNMUTE
what time is it,GET_TIME
google cricket world cup score,WEB_SEARCH
start talking again,UNMUTE
what can you do,GENERAL_CONVERSATION
tell me about tech,GENERAL_CONVERSATION
what time is it,GET_TIME
run netflix,OPEN_APP
find cricket world cup score,WEB_SEARCH
check time please,GET_TIME
ace unmute,UNMUTE
open contract.docx,OPEN_FILE
time right now,GET_TIME
run music player,OPEN_APP
tell me the time,GET_TIME
share something random,GENERAL_CONVERSATION
launch document sales.xlsx,OPEN_FILE
time right now,GET_TIME
run slack,OPEN_APP
tell me about science,GENERAL_CONVERSATION
shut up,MUTE
open xcode,OPEN_APP
how's your day going,GENERAL_CONVERSATION
voice on,UNMUTE
what time is it,GET_TIME
start calculator,OPEN_APP
launch music player,OPEN_APP
ace mute,MUTE
show me app.js,OPEN_FILE
launch weekly_report.pdf,OPEN_FILE
be silent,MUTE
start talking again,UNMUTE
tell me the time,GET_TIME
voice on,UNMUTE
unmute yourself,UNMUTE
find latest gadgets,WEB_SEARCH
be silent,MUTE
ace open data_analysis.py,OPEN_FILE
shut up,MUTE
ace open telegram,OPEN_APP
ace open presentation_final.pptx,OPEN_FILE
open design.png,OPEN_FILE
voice on,UNMUTE
start obs studio,OPEN_APP
ace open research.pdf,OPEN_FILE
current time please,GET_TIME
what’s the clock say,GET_TIME
open research.pdf,OPEN_FILE
be silent,MUTE
tell me about nature,GENERAL_CONVERSATION
ace open data_analysis.py,OPEN_FILE
run safari,OPEN_APP
share something random,GENERAL_CONVERSATION
look up stock price of Apple,WEB_SEARCH
open contract2025.docx,OPEN_FILE
start talking again,UNMUTE
resume speaking,UNMUTE
show me climate change,WEB_SEARCH
what time is it,GET_TIME
ace unmute,UNMUTE
ace open premiere pro,OPEN_APP
ace search for latest gadgets,WEB_SEARCH
start talking again,UNMUTE
what’s the clock say,GET_TIME
unmute yourself,UNMUTE
launch whatsapp,OPEN_APP
run calendar,OPEN_APP
launch project_notes.txt,OPEN_FILE
mute yourself,MUTE
ace mute,MUTE
show me data_analysis.py,OPEN_FILE
show me healthy diet plan,WEB_SEARCH
current time please,GET_TIME
current time please,GET_TIME
run unity,OPEN_APP
what time is it,GET_TIME
ace open mail app,OPEN_APP
time right now,GET_TIME
tell me the time,GET_TIME
tell me the time,GET_TIME
ace mute,MUTE
open system_logs.txt,OPEN_FILE
run photoshop,OPEN_APP
open data_analysis.py,OPEN_FILE
ace open app.js,OPEN_FILE
mute yourself,MUTE
find Elon Musk,WEB_SEARCH
be silent,MUTE
ace unmute,UNMUTE
start xcode,OPEN_APP
voice on,UNMUTE
tell me something interesting,GENERAL_CONVERSATION
can you tell the time,GET_TIME
unmute yourself,UNMUTE
what's the meaning of life,GENERAL_CONVERSATION
ace mute,MUTE
ace search for climate change,WEB_SEARCH
show me vacation_photos.zip,OPEN_FILE
start mail app,OPEN_APP
voice on,UNMUTE
ace unmute,UNMUTE
ace unmute,UNMUTE
find info on tesla cars,WEB_SEARCH
do you like music,GENERAL_CONVERSATION
open google chrome,OPEN_APP
open syllabus.pdf,OPEN_FILE
google space exploration,WEB_SEARCH
unmute yourself,UNMUTE
what’s the clock say,GET_TIME
shut up,MUTE
shut up,MUTE
launch finder,OPEN_APP
show me contract2025.docx,OPEN_FILE
run calculator plus,OPEN_APP
shut up,MUTE
tell me a joke,GENERAL_CONVERSATION
tell me the time,GET_TIME
mute yourself,MUTE
launch weekly_report.pdf,OPEN_FILE
ace unmute,UNMUTE
shut up,MUTE
run unity,OPEN_APP
what’s the clock say,GET_TIME
tell me about science,GENERAL_CONVERSATION
can we talk,GENERAL_CONVERSATION
how do you feel,GENERAL_CONVERSATION
what do you know about space,GENERAL_CONVERSATION
ace open styles.css,OPEN_FILE
can you tell the time,GET_TIME
launch report file,OPEN_FILE
stop talking,MUTE
open project_code.py,OPEN_FILE
time right now,GET_TIME
tell me about yourself,GENERAL_CONVERSATION
launch photos app,OPEN_APP
tell me about science,GENERAL_CONVERSATION
ace search for latest gadgets,WEB_SEARCH
find weather in Bahadurgarh,WEB_SEARCH
what do you think about AI,GENERAL_CONVERSATION
how’s it going,GENERAL_CONVERSATION
search for Elon Musk,WEB_SEARCH
ace mute,MUTE
look for info on tesla cars,WEB_SEARCH
time right now,GET_TIME
resume speaking,UNMUTE
what’s the clock say,GET_TIME
any news ace,GENERAL_CONVERSATION
launch vscode,OPEN_APP
resume speaking,UNMUTE
tell me the time,GET_TIME
ace open premiere pro,OPEN_APP
give me trivia,GENERAL_CONVERSATION
resume speaking,UNMUTE
launch summary.doc,OPEN_FILE
do you like music,GENERAL_CONVERSATION
ace open google chrome,OPEN_APP
check time please,GET_TIME
tell me the time,GET_TIME
shut up,MUTE
chat with me,GENERAL_CONVERSATION
tell me the time,GET_TIME
tell me something interesting,GENERAL_CONVERSATION
open presentation_demo.pptx,OPEN_FILE
start settings panel,OPEN_APP
voice on,UNMUTE
resume speaking,UNMUTE
start calendar,OPEN_APP
how’s it going,GENERAL_CONVERSATION
what time is it,GET_TIME
resume speaking,UNMUTE
show me audio.mp3,OPEN_FILE
mute yourself,MUTE
start finder,OPEN_APP
ace open instagram,OPEN_APP
can you tell the time,GET_TIME
ace open index.html,OPEN_FILE
say something funny,GENERAL_CONVERSATION
what’s the clock say,GET_TIME
stop talking,MUTE
launch slack,OPEN_APP
what do you know about space,GENERAL_CONVERSATION
tell me the time,GET_TIME
what’s the clock say,GET_TIME
resume speaking,UNMUTE
launch presentation_demo.pptx,OPEN_FILE
how's your day going,GENERAL_CONVERSATION
show me styles.css,OPEN_FILE
ace search for latest technology updates,WEB_SEARCH
unmute yourself,UNMUTE
launch todo_list.txt,OPEN_FILE
how do you feel,GENERAL_CONVERSATION
mute yourself,MUTE
show me nearby gyms,WEB_SEARCH
start talking again,UNMUTE
say something cool,GENERAL_CONVERSATION
time right now,GET_TIME
launch blender,OPEN_APP
start talking again,UNMUTE
time right now,GET_TIME
google sunset images,WEB_SEARCH
let's talk,GENERAL_CONVERSATION
shut up,MUTE
open presentation.pptx,OPEN_FILE
be silent,MUTE
what time is it,GET_TIME
what’s the clock say,GET_TIME
unmute yourself,UNMUTE
can you tell the time,GET_TIME
tell me a joke,GENERAL_CONVERSATION
ace open vacation_photos.zip,OPEN_FILE
find meaning of AI,WEB_SEARCH
resume speaking,UNMUTE
voice on,UNMUTE
look for python tutorials,WEB_SEARCH
tell me about tech,GENERAL_CONVERSATION
resume speaking,UNMUTE
launch calculator plus,OPEN_APP
ace mute,MUTE
hey ace,GENERAL_CONVERSATION
resume speaking,UNMUTE
say something cool,GENERAL_CONVERSATION
ace mute,MUTE
say hi,GENERAL_CONVERSATION
ace search for travel tips for Japan,WEB_SEARCH
ace mute,MUTE
start terminal,OPEN_APP
ace mute,MUTE
say something funny,GENERAL_CONVERSATION
current time please,GET_TIME
let’s chat,GENERAL_CONVERSATION
open budget.csv,OPEN_FILE
ace search for chicken curry recipes,WEB_SEARCH
tell me about science,GENERAL_CONVERSATION
ace mute,MUTE
voice on,UNMUTE
open system_logs.txt,OPEN_FILE
launch safari reader,OPEN_APP
what's up,GENERAL_CONVERSATION
unmute yourself,UNMUTE
ace unmute,UNMUTE
show me healthy diet plan,WEB_SEARCH
ace open diagram.svg,OPEN_FILE
ace open checklist.csv,OPEN_FILE
share something random,GENERAL_CONVERSATION
what’s the clock say,GET_TIME
ace mute,MUTE
ace search for how to cook pasta,WEB_SEARCH
start audible,OPEN_APP
look up cheapest flight tickets,WEB_SEARCH
start photoshop,OPEN_APP
how do you feel,GENERAL_CONVERSATION
say hi,GENERAL_CONVERSATION
be silent,MUTE
start talking again,UNMUTE
what’s the clock say,GET_TIME
show me diagram.svg,OPEN_FILE
open tax_report.docx,OPEN_FILE
say something cool,GENERAL_CONVERSATION
hey ace,GENERAL_CONVERSATION
can you tell the time,GET_TIME
check time please,GET_TIME
google stock price of Apple,WEB_SEARCH
show me presentation_demo.pptx,OPEN_FILE
ace open logo.png,OPEN_FILE
what’s the clock say,GET_TIME
run terminal,OPEN_APP
what do you think about AI,GENERAL_CONVERSATION
can you tell the time,GET_TIME
search for Elon Musk,WEB_SEARCH
launch notes_draft.txt,OPEN_FILE
google latest technology updates,WEB_SEARCH
say something cool,GENERAL_CONVERSATION
what time is it,GET_TIME
open budget.csv,OPEN_FILE
search for AI research papers,WEB_SEARCH
what's up,GENERAL_CONVERSATION
current time please,GET_TIME
ace open sound preferences,OPEN_APP
what’s the clock say,GET_TIME
start talking again,UNMUTE
unmute yourself,UNMUTE
be silent,MUTE
look for nearby gyms,WEB_SEARCH
show me summary.doc,OPEN_FILE
find info on tesla cars,WEB_SEARCH
google Elon Musk,WEB_SEARCH
shut up,MUTE
mute yourself,MUTE
mute yourself,MUTE
tell me the time,GET_TIME
current time please,GET_TIME
shut up,MUTE
find cheapest flight tickets,WEB_SEARCH
shut up,MUTE
shut up,MUTE
check time please,GET_TIME
unmute yourself,UNMUTE
what do you think about AI,GENERAL_CONVERSATION
launch document sales.xlsx,OPEN_FILE
shut up,MUTE
start talking again,UNMUTE
ace mute,MUTE
launch reminders,OPEN_APP
look up healthy diet plan,WEB_SEARCH
do you like music,GENERAL_CONVERSATION
ace open files app,OPEN_APP
ace open system_logs.txt,OPEN_FILE
be silent,MUTE
show me tax_report.docx,OPEN_FILE
look up Elon Musk,WEB_SEARCH
open research.pdf,OPEN_FILE
tell me something interesting,GENERAL_CONVERSATION
resume speaking,UNMUTE
how's your day going,GENERAL_CONVERSATION
unmute yourself,UNMUTE
how are you,GENERAL_CONVERSATION
start calculator,OPEN_APP
start music player,OPEN_APP
shut up,MUTE
resume speaking,UNMUTE
launch xcode,OPEN_APP
shut up,MUTE
what's your opinion on movies,GENERAL_CONVERSATION
launch checklist.csv,OPEN_FILE
what’s the clock say,GET_TIME
show me Elon Musk,WEB_SEARCH
google pizza recipe,WEB_SEARCH
check time please,GET_TIME
tell me about nature,GENERAL_CONVERSATION
find climate change,WEB_SEARCH
what time is it,GET_TIME
what’s the clock say,GET_TIME
start talking again,UNMUTE
start vs community,OPEN_APP
tell me about nature,GENERAL_CONVERSATION
what do you think about AI,GENERAL_CONVERSATION
tell me about yourself,GENERAL_CONVERSATION
shut up,MUTE
open project_code.py,OPEN_FILE
open after effects,OPEN_APP
google NASA news,WEB_SEARCH
ace search for NASA news,WEB_SEARCH
stop talking,MUTE
search for AI research papers,WEB_SEARCH
find info on tesla cars,WEB_SEARCH
voice on,UNMUTE
check time please,GET_TIME
start settings panel,OPEN_APP
ace unmute,UNMUTE
be silent,MUTE
what’s the clock say,GET_TIME
launch calculator,OPEN_APP
unmute yourself,UNMUTE
search for meaning of AI,WEB_SEARCH
what time is it,GET_TIME
ace mute,MUTE
how are you,GENERAL_CONVERSATION
resume speaking,UNMUTE
what’s the clock say,GET_TIME
what time is it,GET_TIME
can we talk,GENERAL_CONVERSATION
ace mute,MUTE
look for cheapest flight tickets,WEB_SEARCH
start talking again,UNMUTE
ace open research.pdf,OPEN_FILE
can you tell the time,GET_TIME
what’s the clock say,GET_TIME
ace open audible,OPEN_APP
can you tell the time,GET_TIME
what's your opinion on movies,GENERAL_CONVERSATION
open blender,OPEN_APP
find news about elections,WEB_SEARCH
what time is it,GET_TIME
start talking again,UNMUTE
ace unmute,UNMUTE
what time is it,GET_TIME
check time please,GET_TIME
start talking again,UNMUTE
open presentation.pptx,OPEN_FILE
stop talking,MUTE
shut up,MUTE
mute yourself,MUTE
launch tax_report.docx,OPEN_FILE
what do you think about AI,GENERAL_CONVERSATION
tell me the time,GET_TIME
start blender,OPEN_APP
open files app,OPEN_APP
stop talking,MUTE
start sound preferences,OPEN_APP
ace open vscode,OPEN_APP
look up healthy diet plan,WEB_SEARCH
what’s the clock say,GET_TIME
ace unmute,UNMUTE
ace mute,MUTE
start talking again,UNMUTE
show me summary.doc,OPEN_FILE
mute yourself,MUTE
launch design.png,OPEN_FILE
voice on,UNMUTE
open project_code.py,OPEN_FILE
find best smartphones 2025,WEB_SEARCH
voice on,UNMUTE
ace mute,MUTE
start talking again,UNMUTE
what time is it,GET_TIME
share something random,GENERAL_CONVERSATION
look up youtube music,WEB_SEARCH
google chicken curry recipes,WEB_SEARCH
ace unmute,UNMUTE
start android studio,OPEN_APP
resume speaking,UNMUTE
ace search for AI research papers,WEB_SEARCH
check time please,GET_TIME
ace mute,MUTE
search for latest technology updates,WEB_SEARCH
mute yourself,MUTE
say hi,GENERAL_CONVERSATION
check time please,GET_TIME
ace search for stock market today,WEB_SEARCH
look up news headlines,WEB_SEARCH
open audio.mp3,OPEN_FILE
tell me the time,GET_TIME
ace open powerpoint,OPEN_APP
ace unmute,UNMUTE
tell me about tech,GENERAL_CONVERSATION
look up AI research papers,WEB_SEARCH
ace unmute,UNMUTE
launch styles.css,OPEN_FILE
ace unmute,UNMUTE
tell me the time,GET_TIME
chat with me,GENERAL_CONVERSATION
time right now,GET_TIME
unmute yourself,UNMUTE
what do you know about space,GENERAL_CONVERSATION
ace mute,MUTE
ace mute,MUTE
ace mute,MUTE
open script.js,OPEN_FILE
what do you know about space,GENERAL_CONVERSATION
show me presentation_final.pptx,OPEN_FILE
google macbook prices,WEB_SEARCH
resume speaking,UNMUTE
do you like music,GENERAL_CONVERSATION
let's talk,GENERAL_CONVERSATION
unmute yourself,UNMUTE
tell me about science,GENERAL_CONVERSATION
voice on,UNMUTE
stop talking,MUTE
unmute yourself,UNMUTE
ace unmute,UNMUTE
what’s the clock say,GET_TIME
what do you know about space,GENERAL_CONVERSATION
how's your day going,GENERAL_CONVERSATION
check time please,GET_TIME
launch safari reader,OPEN_APP
look for space exploration,WEB_SEARCH
what time is it,GET_TIME
what’s the clock say,GET_TIME
what time is it,GET_TIME
look for best smartphones 2025,WEB_SEARCH
can we talk,GENERAL_CONVERSATION
stop talking,MUTE
unmute yourself,UNMUTE
open financials.xlsx,OPEN_FILE
what's your opinion on movies,GENERAL_CONVERSATION
unmute yourself,UNMUTE
what's the meaning of life,GENERAL_CONVERSATION
time right now,GET_TIME
ace open unity,OPEN_APP
start talking again,UNMUTE
start talking again,UNMUTE
resume speaking,UNMUTE
voice on,UNMUTE
how are you,GENERAL_CONVERSATION
unmute yourself,UNMUTE
start instagram,OPEN_APP
be silent,MUTE
resume speaking,UNMUTE
ace search for NASA news,WEB_SEARCH
how's your day going,GENERAL_CONVERSATION
show me downloads folder,OPEN_FILE
what time is it,GET_TIME
start talking again,UNMUTE
tell me about tech,GENERAL_CONVERSATION
show me vacation_photos.zip,OPEN_FILE
voice on,UNMUTE
start talking again,UNMUTE
run dictionary app,OPEN_APP
unmute yourself,UNMUTE
ace search for youtube music,WEB_SEARCH
open calculator,OPEN_APP
what’s the clock say,GET_TIME
open telegram,OPEN_APP
show me poster.png,OPEN_FILE
open obs studio,OPEN_APP
check time please,GET_TIME
launch vscode,OPEN_APP
start talking again,UNMUTE
show me database.sql,OPEN_FILE
google twitter trends,WEB_SEARCH
search for Elon Musk,WEB_SEARCH
how do you feel,GENERAL_CONVERSATION
resume speaking,UNMUTE
start google chrome,OPEN_APP
ace mute,MUTE
open profile_pic.jpg,OPEN_FILE
show me cricket world cup score,WEB_SEARCH
what do you know about space,GENERAL_CONVERSATION
what's your opinion on movies,GENERAL_CONVERSATION
stop talking,MUTE
tell me about nature,GENERAL_CONVERSATION
start talking again,UNMUTE
google healthy diet plan,WEB_SEARCH
what’s the clock say,GET_TIME
show me movie.mp4,OPEN_FILE
stop talking,MUTE
ace open contract2025.docx,OPEN_FILE
find youtube music,WEB_SEARCH
how's your day going,GENERAL_CONVERSATION
mute yourself,MUTE
launch contacts,OPEN_APP
open calculator plus,OPEN_APP
show me mockup.ai,OPEN_FILE
launch financials.xlsx,OPEN_FILE
google cheapest flight tickets,WEB_SEARCH
can we talk,GENERAL_CONVERSATION
shut up,MUTE
look up football match schedule,WEB_SEARCH
open contract2025.docx,OPEN_FILE
current time please,GET_TIME
find twitter trends,WEB_SEARCH
what’s the clock say,GET_TIME
voice on,UNMUTE
open movie.mp4,OPEN_FILE
what's up,GENERAL_CONVERSATION
can you tell the time,GET_TIME
start android studio,OPEN_APP
show me meeting_minutes.doc,OPEN_FILE
tell me the time,GET_TIME
look up stock market today,WEB_SEARCH
mute yourself,MUTE
run youtube app,OPEN_APP
tell me the time,GET_TIME
shut up,MUTE
show me checklist.csv,OPEN_FILE
start slack,OPEN_APP
launch diagram.svg,OPEN_FILE
time right now,GET_TIME
ace unmute,UNMUTE
resume speaking,UNMUTE
run accessibility,OPEN_APP
open steam,OPEN_APP
ace unmute,UNMUTE
what's your opinion on movies,GENERAL_CONVERSATION
shut up,MUTE
tell me the time,GET_TIME
open blender,OPEN_APP
look up macbook prices,WEB_SEARCH
open twitter,OPEN_APP
ace open brochure.pdf,OPEN_FILE
show me financials.xlsx,OPEN_FILE
look up twitter trends,WEB_SEARCH
show me project_code.py,OPEN_FILE
launch script.js,OPEN_FILE
search for java documentation,WEB_SEARCH
show me stock price of Apple,WEB_SEARCH
ace mute,MUTE
unmute yourself,UNMUTE
launch system_logs.txt,OPEN_FILE
unmute yourself,UNMUTE
launch index.html,OPEN_FILE
can you tell the time,GET_TIME
say something funny,GENERAL_CONVERSATION
look up stock price of Apple,WEB_SEARCH
search for nearby movie theaters,WEB_SEARCH
tell me something interesting,GENERAL_CONVERSATION
stop talking,MUTE
resume speaking,UNMUTE
voice on,UNMUTE
look up memes on reddit,WEB_SEARCH
show me football match schedule,WEB_SEARCH
run whatsapp,OPEN_APP
ace open app store,OPEN_APP
start music player,OPEN_APP
look for nearest coffee shop,WEB_SEARCH
voice on,UNMUTE
find coding bootcamps,WEB_SEARCH
resume speaking,UNMUTE
time right now,GET_TIME
unmute yourself,UNMUTE
ace unmute,UNMUTE
start itunes,OPEN_APP
any news ace,GENERAL_CONVERSATION
time right now,GET_TIME
stop talking,MUTE
open presentation_final.pptx,OPEN_FILE
what time is it,GET_TIME
tell me the time,GET_TIME
look up news about elections,WEB_SEARCH
search for nearest coffee shop,WEB_SEARCH
resume speaking,UNMUTE
ace open downloads folder,OPEN_FILE
hey ace,GENERAL_CONVERSATION
show me macbook prices,WEB_SEARCH
how are you,GENERAL_CONVERSATION
can you tell the time,GET_TIME
open obs studio,OPEN_APP
stop talking,MUTE
let’s chat,GENERAL_CONVERSATION
find cricket world cup score,WEB_SEARCH
unmute yourself,UNMUTE
look up youtube trending videos,WEB_SEARCH
tell me about tech,GENERAL_CONVERSATION
open expenses.xlsx,OPEN_FILE
search for twitter trends,WEB_SEARCH
launch diagram.svg,OPEN_FILE
can you tell the time,GET_TIME
current time please,GET_TIME
shut up,MUTE
what time is it,GET_TIME
stop talking,MUTE
what's your opinion on movies,GENERAL_CONVERSATION
ace mute,MUTE
ace search for latest technology updates,WEB_SEARCH
time right now,GET_TIME
start reminders,OPEN_APP
hey ace,GENERAL_CONVERSATION
resume speaking,UNMUTE
tell me a fun fact,GENERAL_CONVERSATION
resume speaking,UNMUTE
what's the meaning of life,GENERAL_CONVERSATION
say hi,GENERAL_CONVERSATION
what's your opinion on movies,GENERAL_CONVERSATION
check time please,GET_TIME
give me trivia,GENERAL_CONVERSATION
resume speaking,UNMUTE
start talking again,UNMUTE
stop talking,MUTE
start talking again,UNMUTE
ace unmute,UNMUTE
time right now,GET_TIME
ace search for football match schedule,WEB_SEARCH
check time please,GET_TIME
launch discord,OPEN_APP
voice on,UNMUTE
ace open audio.mp3,OPEN_FILE
what do you think about AI,GENERAL_CONVERSATION
tell me a fun fact,GENERAL_CONVERSATION
current time please,GET_TIME
run contacts,OPEN_APP
run safari reader,OPEN_APP
launch calculator plus,OPEN_APP
unmute yourself,UNMUTE
how are you,GENERAL_CONVERSATION
resume speaking,UNMUTE
what time is it,GET_TIME
what can you do,GENERAL_CONVERSATION
show me audio.mp3,OPEN_FILE
show me app.js,OPEN_FILE
mute yourself,MUTE
shut up,MUTE
check time please,GET_TIME
show me weekly_report.pdf,OPEN_FILE
open audible,OPEN_APP
unmute yourself,UNMUTE
open index.html,OPEN_FILE
open logo.png,OPEN_FILE
mute yourself,MUTE
resume speaking,UNMUTE
current time please,GET_TIME
what’s the clock say,GET_TIME
ace open contract2025.docx,OPEN_FILE
find football match schedule,WEB_SEARCH
can you tell the time,GET_TIME
launch logo.png,OPEN_FILE
start terminal pro,OPEN_APP
launch mail app,OPEN_APP
ace open vscode,OPEN_APP
chat with me,GENERAL_CONVERSATION
look up stock market today,WEB_SEARCH
how's your day going,GENERAL_CONVERSATION
ace unmute,UNMUTE
look up macbook prices,WEB_SEARCH
open meeting_minutes.doc,OPEN_FILE
what’s the clock say,GET_TIME
how's your day going,GENERAL_CONVERSATION
start photos app,OPEN_APP
do you like music,GENERAL_CONVERSATION
search for weather in Bahadurgarh,WEB_SEARCH
show me weekly_report.pdf,OPEN_FILE
be silent,MUTE
look up travel tips for Japan,WEB_SEARCH
time right now,GET_TIME
open script.js,OPEN_FILE
launch data_analysis.py,OPEN_FILE
search for youtube music,WEB_SEARCH
search for info on tesla cars,WEB_SEARCH
ace open profile_pic.jpg,OPEN_FILE
look for Elon Musk,WEB_SEARCH
open tax_report.docx,OPEN_FILE
ace open maps app,OPEN_APP
start kindle,OPEN_APP
ace search for latest technology updates,WEB_SEARCH
ace open profile_pic.jpg,OPEN_FILE
shut up,MUTE
time right now,GET_TIME
start talking again,UNMUTE
start google chrome,OPEN_APP
be silent,MUTE
what's up,GENERAL_CONVERSATION
stop talking,MUTE
resume speaking,UNMUTE
google free online courses,WEB_SEARCH
time right now,GET_TIME
ace unmute,UNMUTE
run powerpoint,OPEN_APP
launch brochure.pdf,OPEN_FILE
start talking again,UNMUTE
tell me about yourself,GENERAL_CONVERSATION
ace open resume.pdf,OPEN_FILE
start telegram,OPEN_APP
show me report file,OPEN_FILE
open article.txt,OPEN_FILE
ace open presentation.pptx,OPEN_FILE
what do you think about AI,GENERAL_CONVERSATION
what's your opinion on movies,GENERAL_CONVERSATION
start talking again,UNMUTE
say something cool,GENERAL_CONVERSATION
stop talking,MUTE
show me vacation_photos.zip,OPEN_FILE
find sunset images,WEB_SEARCH
can you tell the time,GET_TIME
can we talk,GENERAL_CONVERSATION
how’s it going,GENERAL_CONVERSATION
show me NASA news,WEB_SEARCH
run settings panel,OPEN_APP
launch safari reader,OPEN_APP
look for latest technology updates,WEB_SEARCH
how's your day going,GENERAL_CONVERSATION
tell me the time,GET_TIME
find latest technology updates,WEB_SEARCH
ace mute,MUTE
run photos app,OPEN_APP
mute yourself,MUTE
show me how to cook pasta,WEB_SEARCH
run calculator,OPEN_APP
ace open netflix,OPEN_APP
resume speaking,UNMUTE
what do you know about space,GENERAL_CONVERSATION
launch profile_pic.jpg,OPEN_FILE
run contacts,OPEN_APP
ace open screenshot.png,OPEN_FILE
ace unmute,UNMUTE
ace unmute,UNMUTE
show me stock market today,WEB_SEARCH
look for travel tips for Japan,WEB_SEARCH
what time is it,GET_TIME
what's up,GENERAL_CONVERSATION
shut up,MUTE
unmute yourself,UNMUTE
tell me the time,GET_TIME
ace open app.js,OPEN_FILE
unmute yourself,UNMUTE
ace mute,MUTE
open report file,OPEN_FILE
run excel,OPEN_APP
open photoshop,OPEN_APP
can you tell the time,GET_TIME
look for stock price of Apple,WEB_SEARCH
show me article.txt,OPEN_FILE
launch finder,OPEN_APP
open presentation_demo.pptx,OPEN_FILE
look up travel tips for Japan,WEB_SEARCH
ace unmute,UNMUTE
look for cricket world cup score,WEB_SEARCH
be silent,MUTE
can we talk,GENERAL_CONVERSATION
run finder,OPEN_APP
any news ace,GENERAL_CONVERSATION
how’s it going,GENERAL_CONVERSATION
unmute yourself,UNMUTE
unmute yourself,UNMUTE
what time is it,GET_TIME
how's your day going,GENERAL_CONVERSATION
launch presentation.pptx,OPEN_FILE
open downloads folder,OPEN_FILE
what’s the clock say,GET_TIME
ace mute,MUTE
can you tell the time,GET_TIME
ace mute,MUTE
ace unmute,UNMUTE
what's up,GENERAL_CONVERSATION
what's up,GENERAL_CONVERSATION
share something random,GENERAL_CONVERSATION
what do you think about AI,GENERAL_CONVERSATION
ace open homework.docx,OPEN_FILE
can you tell the time,GET_TIME
let’s chat,GENERAL_CONVERSATION
start contacts,OPEN_APP
ace mute,MUTE
launch profile_pic.jpg,OPEN_FILE
what’s your thought,GENERAL_CONVERSATION
ace unmute,UNMUTE
show me Elon Musk,WEB_SEARCH
current time please,GET_TIME
tell me about yourself,GENERAL_CONVERSATION
can you tell the time,GET_TIME
ace open kindle,OPEN_APP
resume speaking,UNMUTE
tell me a fun fact,GENERAL_CONVERSATION
mute yourself,MUTE
voice on,UNMUTE
open report file,OPEN_FILE
mute yourself,MUTE
run maps app,OPEN_APP
look for nearby movie theaters,WEB_SEARCH
launch thesis.pdf,OPEN_FILE
resume speaking,UNMUTE
launch vscode,OPEN_APP
show me stock market today,WEB_SEARCH
stop talking,MUTE
ace open screenshot.png,OPEN_FILE
open styles.css,OPEN_FILE
say hi,GENERAL_CONVERSATION
open thesis.pdf,OPEN_FILE
look for nearby movie theaters,WEB_SEARCH
what’s the clock say,GET_TIME
open notes_draft.txt,OPEN_FILE
can we talk,GENERAL_CONVERSATION
be silent,MUTE
be silent,MUTE
any news ace,GENERAL_CONVERSATION
ace open project_code.py,OPEN_FILE
look for how to cook pasta,WEB_SEARCH
what's your opinion on movies,GENERAL_CONVERSATION
ace unmute,UNMUTE
tell me the time,GET_TIME
find cheapest flight tickets,WEB_SEARCH
what do you know about space,GENERAL_CONVERSATION
tell me about tech,GENERAL_CONVERSATION
be silent,MUTE
ace mute,MUTE
open resume.pdf,OPEN_FILE
start powerpoint,OPEN_APP
find info on tesla cars,WEB_SEARCH
be silent,MUTE
what time is it,GET_TIME
show me news headlines,WEB_SEARCH
open illustrator,OPEN_APP
show me index.html,OPEN_FILE
show me expenses.xlsx,OPEN_FILE
ace mute,MUTE
resume speaking,UNMUTE
mute yourself,MUTE
ace search for latest technology updates,WEB_SEARCH
unmute yourself,UNMUTE
show me financials.xlsx,OPEN_FILE
open profile_pic.jpg,OPEN_FILE
search for latest technology updates,WEB_SEARCH
shut up,MUTE
resume speaking,UNMUTE
can you tell the time,GET_TIME
open presentation_demo.pptx,OPEN_FILE
voice on,UNMUTE
ace mute,MUTE
tell me the time,GET_TIME
ace open summary.doc,OPEN_FILE
ace open itunes,OPEN_APP
resume speaking,UNMUTE
search for nearby movie theaters,WEB_SEARCH
show me script.js,OPEN_FILE
run twitter,OPEN_APP
launch resume.pdf,OPEN_FILE
ace unmute,UNMUTE
look for cricket world cup score,WEB_SEARCH
run files app,OPEN_APP
ace open todo_list.txt,OPEN_FILE
launch android studio,OPEN_APP
launch safari reader,OPEN_APP
hey ace,GENERAL_CONVERSATION
time right now,GET_TIME
ace open todo_list.txt,OPEN_FILE
launch powerpoint,OPEN_APP
what’s your thought,GENERAL_CONVERSATION
what time is it,GET_TIME
check time please,GET_TIME
can you tell the time,GET_TIME
start finder,OPEN_APP
what’s the clock say,GET_TIME
can you tell the time,GET_TIME
run unity,OPEN_APP
tell me the time,GET_TIME
do you like music,GENERAL_CONVERSATION
how’s it going,GENERAL_CONVERSATION
what do you know about space,GENERAL_CONVERSATION
shut up,MUTE
show me info on tesla cars,WEB_SEARCH
tell me the time,GET_TIME
start talking again,UNMUTE
start preview,OPEN_APP
be silent,MUTE
what’s the clock say,GET_TIME
open vacation_photos.zip,OPEN_FILE
start safari reader,OPEN_APP
check time please,GET_TIME
open expenses.xlsx,OPEN_FILE
start sound preferences,OPEN_APP
show me chicken curry recipes,WEB_SEARCH
open spotify,OPEN_APP
ace mute,MUTE
what time is it,GET_TIME
open logo.png,OPEN_FILE
check time please,GET_TIME
show me todo_list.txt,OPEN_FILE
time right now,GET_TIME
be silent,MUTE
ace open checklist.csv,OPEN_FILE
start talking again,UNMUTE
time right now,GET_TIME
shut up,MUTE
ace open notes_draft.txt,OPEN_FILE
launch data_analysis.py,OPEN_FILE
open illustrator,OPEN_APP
what’s the clock say,GET_TIME
look for news about elections,WEB_SEARCH
show me twitter trends,WEB_SEARCH
ace open facetime,OPEN_APP
check time please,GET_TIME
run calculator,OPEN_APP
ace open finder,OPEN_APP
let’s chat,GENERAL_CONVERSATION
search for latest gadgets,WEB_SEARCH
search for cricket world cup score,WEB_SEARCH
resume speaking,UNMUTE
ace search for python tutorials,WEB_SEARCH
launch premiere pro,OPEN_APP
current time please,GET_TIME
shut up,MUTE
launch system monitor,OPEN_APP
launch data_analysis.py,OPEN_FILE
what do you think about AI,GENERAL_CONVERSATION
check time please,GET_TIME
give me trivia,GENERAL_CONVERSATION
what's up,GENERAL_CONVERSATION
shut up,MUTE
show me syllabus.pdf,OPEN_FILE
what’s your thought,GENERAL_CONVERSATION
what time is it,GET_TIME
share something random,GENERAL_CONVERSATION
show me stock market today,WEB_SEARCH
run youtube app,OPEN_APP
time right now,GET_TIME
let's talk,GENERAL_CONVERSATION
mute yourself,MUTE
ace mute,MUTE
ace mute,MUTE
ace unmute,UNMUTE
ace open poster.png,OPEN_FILE
be silent,MUTE
show me nearby gyms,WEB_SEARCH
mute yourself,MUTE
mute yourself,MUTE
what do you think about AI,GENERAL_CONVERSATION
what’s the clock say,GET_TIME
shut up,MUTE
launch after effects,OPEN_APP
tell me about science,GENERAL_CONVERSATION
ace open safari,OPEN_APP
run itunes,OPEN_APP
current time please,GET_TIME
current time please,GET_TIME
stop talking,MUTE
ace mute,MUTE
stop talking,MUTE
say something cool,GENERAL_CONVERSATION
show me document sales.xlsx,OPEN_FILE
be silent,MUTE
can you tell the time,GET_TIME
start talking again,UNMUTE
tell me the time,GET_TIME
launch premiere pro,OPEN_APP
search for twitter trends,WEB_SEARCH
mute yourself,MUTE
mute yourself,MUTE
ace search for meaning of AI,WEB_SEARCH
how’s it going,GENERAL_CONVERSATION
launch calculator plus,OPEN_APP
launch thesis.pdf,OPEN_FILE
be silent,MUTE
be silent,MUTE
open mail app,OPEN_APP
let’s chat,GENERAL_CONVERSATION
what’s the clock say,GET_TIME
mute yourself,MUTE
how's your day going,GENERAL_CONVERSATION
ace mute,MUTE
look up AI research papers,WEB_SEARCH
show me project_code.py,OPEN_FILE
show me index.html,OPEN_FILE
show me news about elections,WEB_SEARCH
ace unmute,UNMUTE
run files app,OPEN_APP
unmute yourself,UNMUTE
find AI research papers,WEB_SEARCH
ace unmute,UNMUTE
can you tell the time,GET_TIME
ace open xcode,OPEN_APP
ace open contract2025.docx,OPEN_FILE
mute yourself,MUTE
resume speaking,UNMUTE
ace open summary.doc,OPEN_FILE
shut up,MUTE
resume speaking,UNMUTE
start safari reader,OPEN_APP
check time please,GET_TIME
ace open music player,OPEN_APP
ace open system_logs.txt,OPEN_FILE
run word,OPEN_APP
show me budget.csv,OPEN_FILE
what do you think about AI,GENERAL_CONVERSATION
voice on,UNMUTE
shut up,MUTE
start talking again,UNMUTE
resume speaking,UNMUTE
launch files app,OPEN_APP
ace search for travel tips for Japan,WEB_SEARCH
start settings,OPEN_APP
ace search for info on tesla cars,WEB_SEARCH
voice on,UNMUTE
voice on,UNMUTE
tell me about science,GENERAL_CONVERSATION
voice on,UNMUTE
show me NASA news,WEB_SEARCH
shut up,MUTE
be silent,MUTE
open reminders,OPEN_APP
resume speaking,UNMUTE
ace mute,MUTE
show me space exploration,WEB_SEARCH
ace mute,MUTE
what do you think about AI,GENERAL_CONVERSATION
show me movie.mp4,OPEN_FILE
ace mute,MUTE
how do you feel,GENERAL_CONVERSATION
ace open photos app,OPEN_APP
show me twitter trends,WEB_SEARCH
stop talking,MUTE
ace open invoice_2025.pdf,OPEN_FILE
what time is it,GET_TIME
ace open terminal,OPEN_APP
voice on,UNMUTE
what’s the clock say,GET_TIME
open safari reader,OPEN_APP
shut up,MUTE
ace mute,MUTE
ace mute,MUTE
look for youtube trending videos,WEB_SEARCH
how are you,GENERAL_CONVERSATION
find weather in Bahadurgarh,WEB_SEARCH
show me timetable.xlsx,OPEN_FILE
how’s it going,GENERAL_CONVERSATION
resume speaking,UNMUTE
what’s the clock say,GET_TIME
start powerpoint,OPEN_APP
open project_code.py,OPEN_FILE
shut up,MUTE
ace search for news headlines,WEB_SEARCH
ace open brochure.pdf,OPEN_FILE
start files app,OPEN_APP
find java documentation,WEB_SEARCH
stop talking,MUTE
be silent,MUTE
ace open finder,OPEN_APP
launch bluetooth settings,OPEN_APP
ace open vacation_photos.zip,OPEN_FILE
stop talking,MUTE
what's up,GENERAL_CONVERSATION
what's the meaning of life,GENERAL_CONVERSATION
resume speaking,UNMUTE
ace open invoice_2025.pdf,OPEN_FILE
voice on,UNMUTE
start talking again,UNMUTE
launch article.txt,OPEN_FILE
ace mute,MUTE
start talking again,UNMUTE
say something cool,GENERAL_CONVERSATION
launch contract2025.docx,OPEN_FILE
can you tell the time,GET_TIME
ace search for sunset images,WEB_SEARCH
what time is it,GET_TIME
what’s the clock say,GET_TIME
mute yourself,MUTE
start talking again,UNMUTE
start talking again,UNMUTE
google sunset images,WEB_SEARCH
be silent,MUTE
ace unmute,UNMUTE
look up twitter trends,WEB_SEARCH
can you tell the time,GET_TIME
let’s chat,GENERAL_CONVERSATION
stop talking,MUTE
show me weather in Bahadurgarh,WEB_SEARCH
say hi,GENERAL_CONVERSATION
launch presentation_final.pptx,OPEN_FILE
launch vs community,OPEN_APP
ace search for Elon Musk,WEB_SEARCH
stop talking,MUTE
look for cricket world cup score,WEB_SEARCH
what’s your thought,GENERAL_CONVERSATION
check time please,GET_TIME
start youtube app,OPEN_APP
mute yourself,MUTE
show me news about elections,WEB_SEARCH
say something funny,GENERAL_CONVERSATION
ace open database.sql,OPEN_FILE
voice on,UNMUTE
ace search for healthy diet plan,WEB_SEARCH
time right now,GET_TIME
check time please,GET_TIME
look for youtube trending videos,WEB_SEARCH
start talking again,UNMUTE
search for cricket world cup score,WEB_SEARCH
voice on,UNMUTE
look for youtube trending videos,WEB_SEARCH
launch timetable.xlsx,OPEN_FILE
check time please,GET_TIME
resume speaking,UNMUTE
start talking again,UNMUTE
what time is it,GET_TIME
what’s the clock say,GET_TIME
run steam,OPEN_APP
resume speaking,UNMUTE
open weekly_report.pdf,OPEN_FILE
shut up,MUTE
start talking again,UNMUTE
run calendar,OPEN_APP
ace open android studio,OPEN_APP
current time please,GET_TIME
current time please,GET_TIME
open accessibility,OPEN_APP
run terminal pro,OPEN_APP
what do you know about space,GENERAL_CONVERSATION
how are you,GENERAL_CONVERSATION
any news ace,GENERAL_CONVERSATION
what's up,GENERAL_CONVERSATION
find news headlines,WEB_SEARCH
show me todo_list.txt,OPEN_FILE
open vscode,OPEN_APP
time right now,GET_TIME
resume speaking,UNMUTE
google java documentation,WEB_SEARCH
time right now,GET_TIME
what’s the clock say,GET_TIME
look for sunset images,WEB_SEARCH
check time please,GET_TIME
ace open database.sql,OPEN_FILE
ace mute,MUTE
say hi,GENERAL_CONVERSATION
open profile_pic.jpg,OPEN_FILE
look for news headlines,WEB_SEARCH
start talking again,UNMUTE
resume speaking,UNMUTE
voice on,UNMUTE
be silent,MUTE
search for nearby movie theaters,WEB_SEARCH
how’s it going,GENERAL_CONVERSATION
mute yourself,MUTE
show me archive.zip,OPEN_FILE
open spotify,OPEN_APP
be silent,MUTE
be silent,MUTE
tell me a joke,GENERAL_CONVERSATION
launch xcode,OPEN_APP
do you like music,GENERAL_CONVERSATION
shut up,MUTE
start talking again,UNMUTE
ace open calculator,OPEN_APP
can you tell the time,GET_TIME
be silent,MUTE
open vacation_photos.zip,OPEN_FILE
stop talking,MUTE
ace mute,MUTE
ace open invoice_2025.pdf,OPEN_FILE
tell me about yourself,GENERAL_CONVERSATION
ace search for nearby movie theaters,WEB_SEARCH
stop talking,MUTE
ace open meeting_minutes.doc,OPEN_FILE
what time is it,GET_TIME
start vs community,OPEN_APP
tell me the time,GET_TIME
what's your opinion on movies,GENERAL_CONVERSATION
show me vacation_photos.zip,OPEN_FILE
how do you feel,GENERAL_CONVERSATION
find youtube music,WEB_SEARCH
unmute yourself,UNMUTE
check time please,GET_TIME
ace open calculator,OPEN_APP
share something random,GENERAL_CONVERSATION
show me diagram.svg,OPEN_FILE
look for football match schedule,WEB_SEARCH
say hi,GENERAL_CONVERSATION
run whatsapp,OPEN_APP
look up free online courses,WEB_SEARCH
tell me the time,GET_TIME
run photoshop,OPEN_APP
search for climate change,WEB_SEARCH
can you tell the time,GET_TIME
give me trivia,GENERAL_CONVERSATION
launch logo.png,OPEN_FILE
start excel,OPEN_APP
show me logo.png,OPEN_FILE
open telegram,OPEN_APP
look up macbook prices,WEB_SEARCH
ace search for coding bootcamps,WEB_SEARCH
current time please,GET_TIME
ace open instagram,OPEN_APP
look for nearest coffee shop,WEB_SEARCH
tell me the time,GET_TIME
ace search for sunset images,WEB_SEARCH
open safari reader,OPEN_APP
tell me something interesting,GENERAL_CONVERSATION
current time please,GET_TIME
shut up,MUTE
let's talk,GENERAL_CONVERSATION
open bluetooth settings,OPEN_APP
show me latest technology updates,WEB_SEARCH
voice on,UNMUTE
time right now,GET_TIME
what’s the clock say,GET_TIME
look up AI research papers,WEB_SEARCH
start safari,OPEN_APP
what's up,GENERAL_CONVERSATION
look for sunset images,WEB_SEARCH
can we talk,GENERAL_CONVERSATION
what’s the clock say,GET_TIME
tell me the time,GET_TIME
resume speaking,UNMUTE
unmute yourself,UNMUTE
ace open expenses.xlsx,OPEN_FILE
run notes app,OPEN_APP
mute yourself,MUTE
shut up,MUTE
run steam,OPEN_APP
search for youtube trending videos,WEB_SEARCH
voice on,UNMUTE
time right now,GET_TIME
be silent,MUTE
hey ace,GENERAL_CONVERSATION
ace unmute,UNMUTE
what’s the clock say,GET_TIME
launch unity,OPEN_APP
search for healthy diet plan,WEB_SEARCH
share something random,GENERAL_CONVERSATION
time right now,GET_TIME
tell me the time,GET_TIME
ace open contract.docx,OPEN_FILE
show me stock market today,WEB_SEARCH
open illustrator,OPEN_APP
how's your day going,GENERAL_CONVERSATION
check time please,GET_TIME
tell me the time,GET_TIME
what's your opinion on movies,GENERAL_CONVERSATION
start sound preferences,OPEN_APP
show me todo_list.txt,OPEN_FILE
start slack,OPEN_APP
tell me the time,GET_TIME
launch vs community,OPEN_APP
show me movie.mp4,OPEN_FILE
resume speaking,UNMUTE
start talking again,UNMUTE
start talking again,UNMUTE
search for sunset images,WEB_SEARCH
ace mute,MUTE
shut up,MUTE
open app store,OPEN_APP
ace search for cricket world cup score,WEB_SEARCH
ace open report file,OPEN_FILE
current time please,GET_TIME
launch settings,OPEN_APP
find youtube trending videos,WEB_SEARCH
tell me a fun fact,GENERAL_CONVERSATION
say something funny,GENERAL_CONVERSATION
what’s the clock say,GET_TIME
voice on,UNMUTE
ace open contract.docx,OPEN_FILE
google memes on reddit,WEB_SEARCH
voice on,UNMUTE
how's your day going,GENERAL_CONVERSATION
let’s chat,GENERAL_CONVERSATION
ace unmute,UNMUTE
current time please,GET_TIME
look up cheapest flight tickets,WEB_SEARCH
search for latest gadgets,WEB_SEARCH
stop talking,MUTE
time right now,GET_TIME
look for coding bootcamps,WEB_SEARCH
what’s the clock say,GET_TIME
be silent,MUTE
open script.js,OPEN_FILE
find python tutorials,WEB_SEARCH
what do you think about AI,GENERAL_CONVERSATION
resume speaking,UNMUTE
ace open vacation_photos.zip,OPEN_FILE
can we talk,GENERAL_CONVERSATION
stop talking,MUTE
stop talking,MUTE
ace mute,MUTE
mute yourself,MUTE
tell me a joke,GENERAL_CONVERSATION
ace search for free online courses,WEB_SEARCH
be silent,MUTE
mute yourself,MUTE
what's your opinion on movies,GENERAL_CONVERSATION
resume speaking,UNMUTE
launch twitter,OPEN_APP
open accessibility,OPEN_APP
look up weather in Bahadurgarh,WEB_SEARCH
search for memes on reddit,WEB_SEARCH
start discord,OPEN_APP
open poster.png,OPEN_FILE
start talking again,UNMUTE
hey ace,GENERAL_CONVERSATION
tell me the time,GET_TIME
tell me a joke,GENERAL_CONVERSATION
do you like music,GENERAL_CONVERSATION
show me AI research papers,WEB_SEARCH
current time please,GET_TIME
ace open presentation_demo.pptx,OPEN_FILE
show me meeting_minutes.doc,OPEN_FILE
voice on,UNMUTE
look up nearby gyms,WEB_SEARCH
search for nearest coffee shop,WEB_SEARCH
what time is it,GET_TIME
google coding bootcamps,WEB_SEARCH
stop talking,MUTE
run terminal pro,OPEN_APP
start talking again,UNMUTE
tell me the time,GET_TIME
ace mute,MUTE
google football match schedule,WEB_SEARCH
voice on,UNMUTE
ace open calculator plus,OPEN_APP
show me document sales.xlsx,OPEN_FILE
ace mute,MUTE
mute yourself,MUTE
launch index.html,OPEN_FILE
google free online courses,WEB_SEARCH
what time is it,GET_TIME
stop talking,MUTE
be silent,MUTE
stop talking,MUTE
shut up,MUTE
how do you feel,GENERAL_CONVERSATION
launch syllabus.pdf,OPEN_FILE
search for free online courses,WEB_SEARCH
open blender,OPEN_APP
voice on,UNMUTE
what time is it,GET_TIME
start talking again,UNMUTE
can you tell the time,GET_TIME
voice on,UNMUTE
run android studio,OPEN_APP
find nearest coffee shop,WEB_SEARCH
tell me the time,GET_TIME
any news ace,GENERAL_CONVERSATION
unmute yourself,UNMUTE
unmute yourself,UNMUTE
ace unmute,UNMUTE
launch app.js,OPEN_FILE
start talking again,UNMUTE
be silent,MUTE
ace open obs studio,OPEN_APP
ace open design.png,OPEN_FILE
run slack,OPEN_APP
show me diagram.svg,OPEN_FILE
look for java documentation,WEB_SEARCH
look for travel tips for Japan,WEB_SEARCH
voice on,UNMUTE
stop talking,MUTE
tell me about science,GENERAL_CONVERSATION
shut up,MUTE
stop talking,MUTE
show me football match schedule,WEB_SEARCH
show me logo.png,OPEN_FILE
show me article.txt,OPEN_FILE
search for nearby movie theaters,WEB_SEARCH
say something funny,GENERAL_CONVERSATION
can you tell the time,GET_TIME
resume speaking,UNMUTE
time right now,GET_TIME
launch script.js,OPEN_FILE
launch safari,OPEN_APP
how’s it going,GENERAL_CONVERSATION
shut up,MUTE
tell me about science,GENERAL_CONVERSATION
time right now,GET_TIME
show me screenshot.png,OPEN_FILE
current time please,GET_TIME
unmute yourself,UNMUTE
ace open meeting_minutes.doc,OPEN_FILE
show me weather in Bahadurgarh,WEB_SEARCH
open whatsapp,OPEN_APP
start telegram,OPEN_APP
tell me about science,GENERAL_CONVERSATION
check time please,GET_TIME
launch steam,OPEN_APP
what time is it,GET_TIME
what time is it,GET_TIME
launch audible,OPEN_APP
start talking again,UNMUTE
search for news headlines,WEB_SEARCH
start talking again,UNMUTE
open downloads folder,OPEN_FILE
let's talk,GENERAL_CONVERSATION
open safari,OPEN_APP
say something cool,GENERAL_CONVERSATION
launch calculator plus,OPEN_APP
share something random,GENERAL_CONVERSATION
start illustrator,OPEN_APP
find weather in Bahadurgarh,WEB_SEARCH
ace open system_logs.txt,OPEN_FILE
open system_logs.txt,OPEN_FILE
google youtube music,WEB_SEARCH
look for AI research papers,WEB_SEARCH
ace search for meaning of AI,WEB_SEARCH
search for nearby movie theaters,WEB_SEARCH
tell me about yourself,GENERAL_CONVERSATION
launch settings panel,OPEN_APP
resume speaking,UNMUTE
ace open system_logs.txt,OPEN_FILE
start talking again,UNMUTE
tell me the time,GET_TIME
stop talking,MUTE
what’s the clock say,GET_TIME
can you tell the time,GET_TIME
what can you do,GENERAL_CONVERSATION
mute yourself,MUTE
ace open mail app,OPEN_APP
check time please,GET_TIME
stop talking,MUTE
what’s the clock say,GET_TIME
ace open presentation_demo.pptx,OPEN_FILE
resume speaking,UNMUTE
be silent,MUTE
what’s the clock say,GET_TIME
run netflix,OPEN_APP
say hi,GENERAL_CONVERSATION
what time is it,GET_TIME
say hi,GENERAL_CONVERSATION
chat with me,GENERAL_CONVERSATION
resume speaking,UNMUTE
shut up,MUTE
shut up,MUTE
stop talking,MUTE
tell me about science,GENERAL_CONVERSATION
launch powerpoint,OPEN_APP
stop talking,MUTE
what's up,GENERAL_CONVERSATION
look up pizza recipe,WEB_SEARCH
open accessibility,OPEN_APP
run audible,OPEN_APP
start facetime,OPEN_APP
run photos app,OPEN_APP
ace open zoom,OPEN_APP
shut up,MUTE
what time is it,GET_TIME
be silent,MUTE
tell me about nature,GENERAL_CONVERSATION
ace open report file,OPEN_FILE
ace unmute,UNMUTE
look up Elon Musk,WEB_SEARCH
current time please,GET_TIME
can you tell the time,GET_TIME
do you like music,GENERAL_CONVERSATION
show me expenses.xlsx,OPEN_FILE
open database.sql,OPEN_FILE
find stock price of Apple,WEB_SEARCH
ace mute,MUTE
ace mute,MUTE
time right now,GET_TIME
ace open mockup.ai,OPEN_FILE
stop talking,MUTE
unmute yourself,UNMUTE
look up space exploration,WEB_SEARCH
start talking again,UNMUTE
launch profile_pic.jpg,OPEN_FILE
ace open calendar,OPEN_APP
what’s the clock say,GET_TIME
open thesis.pdf,OPEN_FILE
voice on,UNMUTE
ace open model.pkl,OPEN_FILE
what's up,GENERAL_CONVERSATION
shut up,MUTE
voice on,UNMUTE
ace mute,MUTE
ace open photoshop,OPEN_APP
launch music player,OPEN_APP
any news ace,GENERAL_CONVERSATION
current time please,GET_TIME
give me trivia,GENERAL_CONVERSATION
can we talk,GENERAL_CONVERSATION
start talking again,UNMUTE
resume speaking,UNMUTE
what's your opinion on movies,GENERAL_CONVERSATION
can you tell the time,GET_TIME
give me trivia,GENERAL_CONVERSATION
stop talking,MUTE
show me downloads folder,OPEN_FILE
start talking again,UNMUTE
what’s the clock say,GET_TIME
voice on,UNMUTE
mute yourself,MUTE
ace unmute,UNMUTE
open accessibility,OPEN_APP
start talking again,UNMUTE
ace mute,MUTE
be silent,MUTE
launch obs studio,OPEN_APP
ace open android studio,OPEN_APP
show me vacation_photos.zip,OPEN_FILE
what’s the clock say,GET_TIME
launch preview,OPEN_APP
run google chrome,OPEN_APP
run vs community,OPEN_APP
stop talking,MUTE
mute yourself,MUTE
chat with me,GENERAL_CONVERSATION
resume speaking,UNMUTE
let's talk,GENERAL_CONVERSATION
ace open script.js,OPEN_FILE
shut up,MUTE
what’s the clock say,GET_TIME
say hi,GENERAL_CONVERSATION
what time is it,GET_TIME
what do you know about space,GENERAL_CONVERSATION
look for AI research papers,WEB_SEARCH
mute yourself,MUTE
be silent,MUTE
ace open screenshot.png,OPEN_FILE
ace open tax_report.docx,OPEN_FILE
mute yourself,MUTE
ace mute,MUTE
stop talking,MUTE
open calculator plus,OPEN_APP
unmute yourself,UNMUTE
ace open tax_report.docx,OPEN_FILE
stop talking,MUTE
launch reminders,OPEN_APP
how do you feel,GENERAL_CONVERSATION
mute yourself,MUTE
launch archive.zip,OPEN_FILE
launch excel,OPEN_APP
how’s it going,GENERAL_CONVERSATION
ace open logo.png,OPEN_FILE
start talking again,UNMUTE
ace unmute,UNMUTE
voice on,UNMUTE
ace mute,MUTE
ace unmute,UNMUTE
show me app.js,OPEN_FILE
be silent,MUTE
ace unmute,UNMUTE
tell me about tech,GENERAL_CONVERSATION
current time please,GET_TIME
ace open audio.mp3,OPEN_FILE
what’s your thought,GENERAL_CONVERSATION
google news headlines,WEB_SEARCH
do you like music,GENERAL_CONVERSATION
look for latest gadgets,WEB_SEARCH
google climate change,WEB_SEARCH
look for news headlines,WEB_SEARCH
ace unmute,UNMUTE
look for meaning of AI,WEB_SEARCH
show me tax_report.docx,OPEN_FILE
launch blender,OPEN_APP
show me how to cook pasta,WEB_SEARCH
start music player,OPEN_APP
tell me a fun fact,GENERAL_CONVERSATION
unmute yourself,UNMUTE
open database.sql,OPEN_FILE
tell me about tech,GENERAL_CONVERSATION
check time please,GET_TIME
stop talking,MUTE
mute yourself,MUTE
launch design.png,OPEN_FILE
open archive.zip,OPEN_FILE
what time is it,GET_TIME
be silent,MUTE
search for latest technology updates,WEB_SEARCH
be silent,MUTE
stop talking,MUTE
ace open calculator plus,OPEN_APP
look up Elon Musk,WEB_SEARCH
what can you do,GENERAL_CONVERSATION
stop talking,MUTE
ace unmute,UNMUTE
open presentation_final.pptx,OPEN_FILE
resume speaking,UNMUTE
ace open article.txt,OPEN_FILE
what do you think about AI,GENERAL_CONVERSATION
unmute yourself,UNMUTE
google Elon Musk,WEB_SEARCH
launch tax_report.docx,OPEN_FILE
be silent,MUTE
how are you,GENERAL_CONVERSATION
tell me the time,GET_TIME
run instagram,OPEN_APP
ace open vs community,OPEN_APP
stop talking,MUTE
launch terminal,OPEN_APP
launch notes app,OPEN_APP
say hi,GENERAL_CONVERSATION
tell me the time,GET_TIME
tell me a joke,GENERAL_CONVERSATION
voice on,UNMUTE
what's up,GENERAL_CONVERSATION
resume speaking,UNMUTE
open task manager,OPEN_APP
open excel,OPEN_APP
ace unmute,UNMUTE
open telegram,OPEN_APP
give me trivia,GENERAL_CONVERSATION
launch excel,OPEN_APP
tell me the time,GET_TIME
ace open tax_report.docx,OPEN_FILE
ace open obs studio,OPEN_APP
unmute yourself,UNMUTE
open safari reader,OPEN_APP
launch poster.png,OPEN_FILE
ace mute,MUTE
stop talking,MUTE
check time please,GET_TIME
current time please,GET_TIME
ace unmute,UNMUTE
google news about elections,WEB_SEARCH
tell me the time,GET_TIME
voice on,UNMUTE
ace mute,MUTE
tell me the time,GET_TIME
voice on,UNMUTE
start zoom,OPEN_APP
can you tell the time,GET_TIME
tell me a fun fact,GENERAL_CONVERSATION
launch contract.docx,OPEN_FILE
can we talk,GENERAL_CONVERSATION
google stock market today,WEB_SEARCH
open todo_list.txt,OPEN_FILE
say something funny,GENERAL_CONVERSATION
show me poster.png,OPEN_FILE
launch slack,OPEN_APP
start talking again,UNMUTE
ace open music player,OPEN_APP
find weather in Bahadurgarh,WEB_SEARCH
look up nearby gyms,WEB_SEARCH
ace search for nearby gyms,WEB_SEARCH
mute yourself,MUTE
be silent,MUTE
ace mute,MUTE
show me java documentation,WEB_SEARCH
start accessibility,OPEN_APP
ace mute,MUTE
open audio.mp3,OPEN_FILE
shut up,MUTE
shut up,MUTE
ace mute,MUTE
ace open presentation_final.pptx,OPEN_FILE
current time please,GET_TIME
tell me a joke,GENERAL_CONVERSATION
say hi,GENERAL_CONVERSATION
what time is it,GET_TIME
voice on,UNMUTE
ace unmute,UNMUTE
how's your day going,GENERAL_CONVERSATION
start talking again,UNMUTE
share something random,GENERAL_CONVERSATION
what time is it,GET_TIME
search for latest technology updates,WEB_SEARCH
stop talking,MUTE
voice on,UNMUTE
look up Elon Musk,WEB_SEARCH
voice on,UNMUTE
tell me a fun fact,GENERAL_CONVERSATION
stop talking,MUTE
start talking again,UNMUTE
can you tell the time,GET_TIME
launch archive.zip,OPEN_FILE
tell me the time,GET_TIME
show me vacation_photos.zip,OPEN_FILE
open diagram.svg,OPEN_FILE
run terminal pro,OPEN_APP
look for info on tesla cars,WEB_SEARCH
look for weather in Bahadurgarh,WEB_SEARCH
open brochure.pdf,OPEN_FILE
voice on,UNMUTE
open homework.docx,OPEN_FILE
launch premiere pro,OPEN_APP
ace mute,MUTE
tell me the time,GET_TIME
what time is it,GET_TIME
ace search for healthy diet plan,WEB_SEARCH
be silent,MUTE
show me invoice_2025.pdf,OPEN_FILE
what do you know about space,GENERAL_CONVERSATION
show me invoice_2025.pdf,OPEN_FILE
launch facetime,OPEN_APP
can you tell the time,GET_TIME
say hi,GENERAL_CONVERSATION
any news ace,GENERAL_CONVERSATION
how are you,GENERAL_CONVERSATION
look up cricket world cup score,WEB_SEARCH
ace open financials.xlsx,OPEN_FILE
can you tell the time,GET_TIME
ace mute,MUTE
open reminders,OPEN_APP
how do you feel,GENERAL_CONVERSATION
show me app.js,OPEN_FILE
what do you know about space,GENERAL_CONVERSATION
chat with me,GENERAL_CONVERSATION
ace search for how to cook pasta,WEB_SEARCH
tell me the time,GET_TIME
look for best smartphones 2025,WEB_SEARCH
mute yourself,MUTE
say something cool,GENERAL_CONVERSATION
open safari reader,OPEN_APP
tell me the time,GET_TIME
ace unmute,UNMUTE
stop talking,MUTE
voice on,UNMUTE
ace mute,MUTE
google NASA news,WEB_SEARCH
tell me about yourself,GENERAL_CONVERSATION
tell me about tech,GENERAL_CONVERSATION
ace mute,MUTE
tell me the time,GET_TIME
search for climate change,WEB_SEARCH
mute yourself,MUTE
ace open word,OPEN_APP
launch article.txt,OPEN_FILE
show me presentation_final.pptx,OPEN_FILE
tell me the time,GET_TIME
let’s chat,GENERAL_CONVERSATION
shut up,MUTE
ace open resume.pdf,OPEN_FILE
what’s the clock say,GET_TIME
any news ace,GENERAL_CONVERSATION
launch powerpoint,OPEN_APP
show me app.js,OPEN_FILE
tell me the time,GET_TIME
launch downloads folder,OPEN_FILE
mute yourself,MUTE
tell me about tech,GENERAL_CONVERSATION
let’s chat,GENERAL_CONVERSATION
find memes on reddit,WEB_SEARCH
find chicken curry recipes,WEB_SEARCH
mute yourself,MUTE
stop talking,MUTE
start talking again,UNMUTE
can you tell the time,GET_TIME
start accessibility,OPEN_APP
ace search for space exploration,WEB_SEARCH
find stock price of Apple,WEB_SEARCH
what’s the clock say,GET_TIME
ace search for cheapest flight tickets,WEB_SEARCH
launch archive.zip,OPEN_FILE
how’s it going,GENERAL_CONVERSATION
show me AI research papers,WEB_SEARCH
launch bluetooth settings,OPEN_APP
check time please,GET_TIME
launch preview,OPEN_APP
unmute yourself,UNMUTE
what's your opinion on movies,GENERAL_CONVERSATION
ace unmute,UNMUTE
ace open diagram.svg,OPEN_FILE
current time please,GET_TIME
open movie.mp4,OPEN_FILE
show me resume.pdf,OPEN_FILE
current time please,GET_TIME
shut up,MUTE
ace open safari reader,OPEN_APP
how are you,GENERAL_CONVERSATION
find pizza recipe,WEB_SEARCH
run youtube app,OPEN_APP
start settings panel,OPEN_APP
look for info on tesla cars,WEB_SEARCH
look up pizza recipe,WEB_SEARCH
unmute yourself,UNMUTE
open settings panel,OPEN_APP
mute yourself,MUTE
let's talk,GENERAL_CONVERSATION
look for nearby movie theaters,WEB_SEARCH
how's your day going,GENERAL_CONVERSATION
tell me the time,GET_TIME
time right now,GET_TIME
mute yourself,MUTE
mute yourself,MUTE
run maps app,OPEN_APP
time right now,GET_TIME
chat with me,GENERAL_CONVERSATION
time right now,GET_TIME
chat with me,GENERAL_CONVERSATION
ace search for weather in Bahadurgarh,WEB_SEARCH
ace open resume.pdf,OPEN_FILE
ace unmute,UNMUTE
ace open telegram,OPEN_APP
hey ace,GENERAL_CONVERSATION
ace unmute,UNMUTE
check time please,GET_TIME
what’s the clock say,GET_TIME
google space exploration,WEB_SEARCH
current time please,GET_TIME
tell me about nature,GENERAL_CONVERSATION
voice on,UNMUTE
time right now,GET_TIME
start talking again,UNMUTE
find nearby gyms,WEB_SEARCH
tell me the time,GET_TIME
what’s the clock say,GET_TIME
google stock market today,WEB_SEARCH
ace open system_logs.txt,OPEN_FILE
open illustrator,OPEN_APP
ace open logo.png,OPEN_FILE
look up java documentation,WEB_SEARCH
ace unmute,UNMUTE
ace search for climate change,WEB_SEARCH
ace mute,MUTE
how's your day going,GENERAL_CONVERSATION
google cheapest flight tickets,WEB_SEARCH
unmute yourself,UNMUTE
ace mute,MUTE
ace unmute,UNMUTE
ace mute,MUTE
be silent,MUTE
tell me the time,GET_TIME
voice on,UNMUTE
search for java documentation,WEB_SEARCH
unmute yourself,UNMUTE
mute yourself,MUTE
what's your opinion on movies,GENERAL_CONVERSATION
open archive.zip,OPEN_FILE
start google chrome,OPEN_APP
launch contract2025.docx,OPEN_FILE
stop talking,MUTE
time right now,GET_TIME
show me mockup.ai,OPEN_FILE
open mockup.ai,OPEN_FILE
open logo.png,OPEN_FILE
start talking again,UNMUTE
launch illustrator,OPEN_APP
start talking again,UNMUTE
current time please,GET_TIME
stop talking,MUTE
google climate change,WEB_SEARCH
start word,OPEN_APP
let’s chat,GENERAL_CONVERSATION
resume speaking,UNMUTE
launch maps app,OPEN_APP
tell me a joke,GENERAL_CONVERSATION
resume speaking,UNMUTE
launch project_code.py,OPEN_FILE
stop talking,MUTE
open audio.mp3,OPEN_FILE
can you tell the time,GET_TIME
unmute yourself,UNMUTE
what's up,GENERAL_CONVERSATION
unmute yourself,UNMUTE
ace mute,MUTE
ace open xcode,OPEN_APP
start contacts,OPEN_APP
search for nearest coffee shop,WEB_SEARCH
mute yourself,MUTE
launch expenses.xlsx,OPEN_FILE
launch vacation_photos.zip,OPEN_FILE
time right now,GET_TIME
open project_code.py,OPEN_FILE
tell me about science,GENERAL_CONVERSATION
ace unmute,UNMUTE
launch database.sql,OPEN_FILE
time right now,GET_TIME
run facetime,OPEN_APP
voice on,UNMUTE
show me screenshot.png,OPEN_FILE
what’s the clock say,GET_TIME
launch bluetooth settings,OPEN_APP
stop talking,MUTE
resume speaking,UNMUTE
what time is it,GET_TIME
look for macbook prices,WEB_SEARCH
what’s the clock say,GET_TIME
shut up,MUTE
ace open timetable.xlsx,OPEN_FILE
be silent,MUTE
what’s your thought,GENERAL_CONVERSATION
stop talking,MUTE
run excel,OPEN_APP
be silent,MUTE
resume speaking,UNMUTE
ace search for latest technology updates,WEB_SEARCH
open presentation_demo.pptx,OPEN_FILE
start excel,OPEN_APP
tell me a joke,GENERAL_CONVERSATION
run app store,OPEN_APP
look up coding bootcamps,WEB_SEARCH
any news ace,GENERAL_CONVERSATION
check time please,GET_TIME
voice on,UNMUTE
run blender,OPEN_APP
start talking again,UNMUTE
tell me about nature,GENERAL_CONVERSATION
open mail app,OPEN_APP
tell me the time,GET_TIME
tell me the time,GET_TIME
show me archive.zip,OPEN_FILE
find space exploration,WEB_SEARCH
tell me something interesting,GENERAL_CONVERSATION
voice on,UNMUTE
search for macbook prices,WEB_SEARCH
open photoshop,OPEN_APP
voice on,UNMUTE
ace unmute,UNMUTE
stop talking,MUTE
look up memes on reddit,WEB_SEARCH
check time please,GET_TIME
ace open safari reader,OPEN_APP
ace search for chicken curry recipes,WEB_SEARCH
let's talk,GENERAL_CONVERSATION
say hi,GENERAL_CONVERSATION
unmute yourself,UNMUTE
share something random,GENERAL_CONVERSATION
can you tell the time,GET_TIME
open summary.doc,OPEN_FILE
show me audio.mp3,OPEN_FILE
say hi,GENERAL_CONVERSATION
shut up,MUTE
look up climate change,WEB_SEARCH
mute yourself,MUTE
tell me the time,GET_TIME
how's your day going,GENERAL_CONVERSATION
be silent,MUTE
stop talking,MUTE
ace mute,MUTE
resume speaking,UNMUTE
launch document sales.xlsx,OPEN_FILE
unmute yourself,UNMUTE
time right now,GET_TIME
launch logo.png,OPEN_FILE
start talking again,UNMUTE
ace open task manager,OPEN_APP
voice on,UNMUTE
voice on,UNMUTE
what's your opinion on movies,GENERAL_CONVERSATION
launch contract.docx,OPEN_FILE
current time please,GET_TIME
be silent,MUTE
hey ace,GENERAL_CONVERSATION
open tax_report.docx,OPEN_FILE
how's your day going,GENERAL_CONVERSATION
ace open expenses.xlsx,OPEN_FILE
launch reminders,OPEN_APP
open brochure.pdf,OPEN_FILE
say something funny,GENERAL_CONVERSATION
run illustrator,OPEN_APP
tell me about science,GENERAL_CONVERSATION
ace search for nearby gyms,WEB_SEARCH
launch google chrome,OPEN_APP
be silent,MUTE
what do you think about AI,GENERAL_CONVERSATION
hey ace,GENERAL_CONVERSATION
ace mute,MUTE
shut up,MUTE
start vs community,OPEN_APP
start accessibility,OPEN_APP
show me presentation.pptx,OPEN_FILE
start discord,OPEN_APP
tell me a joke,GENERAL_CONVERSATION
show me python tutorials,WEB_SEARCH
google free online courses,WEB_SEARCH
show me pizza recipe,WEB_SEARCH
tell me about nature,GENERAL_CONVERSATION
open system_logs.txt,OPEN_FILE
current time please,GET_TIME
open vacation_photos.zip,OPEN_FILE
be silent,MUTE
start talking again,UNMUTE
what can you do,GENERAL_CONVERSATION
be silent,MUTE
look up news headlines,WEB_SEARCH
ace mute,MUTE
run notes app,OPEN_APP
ace unmute,UNMUTE
tell me about nature,GENERAL_CONVERSATION
launch design.png,OPEN_FILE
open invoice_2025.pdf,OPEN_FILE
unmute yourself,UNMUTE
chat with me,GENERAL_CONVERSATION
ace mute,MUTE
open powerpoint,OPEN_APP
start vscode,OPEN_APP
find AI research papers,WEB_SEARCH
look up pizza recipe,WEB_SEARCH
time right now,GET_TIME
what time is it,GET_TIME
find news about elections,WEB_SEARCH
what time is it,GET_TIME
open design.png,OPEN_FILE
ace mute,MUTE
look for stock market today,WEB_SEARCH
mute yourself,MUTE
google space exploration,WEB_SEARCH
what's up,GENERAL_CONVERSATION
find nearest coffee shop,WEB_SEARCH
how are you,GENERAL_CONVERSATION
open document sales.xlsx,OPEN_FILE
let's talk,GENERAL_CONVERSATION
ace open finder,OPEN_APP
look for youtube music,WEB_SEARCH
tell me the time,GET_TIME
find pizza recipe,WEB_SEARCH
ace open vscode,OPEN_APP
find NASA news,WEB_SEARCH
run maps app,OPEN_APP
start reminders,OPEN_APP
show me article.txt,OPEN_FILE
run netflix,OPEN_APP
open reminders,OPEN_APP
ace open obs studio,OPEN_APP
ace search for cheapest flight tickets,WEB_SEARCH
google news headlines,WEB_SEARCH
open design.png,OPEN_FILE
voice on,UNMUTE
how’s it going,GENERAL_CONVERSATION
what time is it,GET_TIME
let’s chat,GENERAL_CONVERSATION
ace open task manager,OPEN_APP
start telegram,OPEN_APP
ace mute,MUTE
ace search for pizza recipe,WEB_SEARCH
launch expenses.xlsx,OPEN_FILE
start preview,OPEN_APP
ace open tax_report.docx,OPEN_FILE
run after effects,OPEN_APP
show me contract2025.docx,OPEN_FILE
can we talk,GENERAL_CONVERSATION
ace open timetable.xlsx,OPEN_FILE
ace open kindle,OPEN_APP
tell me a fun fact,GENERAL_CONVERSATION
open homework.docx,OPEN_FILE
launch after effects,OPEN_APP
launch design.png,OPEN_FILE
show me timetable.xlsx,OPEN_FILE
tell me a joke,GENERAL_CONVERSATION
mute yourself,MUTE
ace mute,MUTE
shut up,MUTE
what’s the clock say,GET_TIME
can you tell the time,GET_TIME
let's talk,GENERAL_CONVERSATION
time right now,GET_TIME
start talking again,UNMUTE
what’s the clock say,GET_TIME
start talking again,UNMUTE
be silent,MUTE
ace open system monitor,OPEN_APP
start talking again,UNMUTE
start settings,OPEN_APP
ace open expenses.xlsx,OPEN_FILE
voice on,UNMUTE
open article.txt,OPEN_FILE
show me checklist.csv,OPEN_FILE
ace open presentation.pptx,OPEN_FILE
start talking again,UNMUTE
open telegram,OPEN_APP
ace open contract2025.docx,OPEN_FILE
unmute yourself,UNMUTE
check time please,GET_TIME
current time please,GET_TIME
stop talking,MUTE
find AI research papers,WEB_SEARCH
tell me about tech,GENERAL_CONVERSATION
ace unmute,UNMUTE
ace open tax_report.docx,OPEN_FILE
what time is it,GET_TIME
launch contract.docx,OPEN_FILE
be silent,MUTE
what time is it,GET_TIME
mute yourself,MUTE
open system_logs.txt,OPEN_FILE
show me poster.png,OPEN_FILE
run preview,OPEN_APP
run safari,OPEN_APP
open screenshot.png,OPEN_FILE
ace open resume.pdf,OPEN_FILE
ace unmute,UNMUTE
look for coding bootcamps,WEB_SEARCH
ace search for news headlines,WEB_SEARCH
launch unity,OPEN_APP
how are you,GENERAL_CONVERSATION
resume speaking,UNMUTE
check time please,GET_TIME
start safari,OPEN_APP
start talking again,UNMUTE
open instagram,OPEN_APP
ace open financials.xlsx,OPEN_FILE
what time is it,GET_TIME
can you tell the time,GET_TIME
tell me the time,GET_TIME
open obs studio,OPEN_APP
voice on,UNMUTE
ace mute,MUTE
ace search for stock market today,WEB_SEARCH
start talking again,UNMUTE
mute yourself,MUTE
ace open audio.mp3,OPEN_FILE
let's talk,GENERAL_CONVERSATION
ace search for travel tips for Japan,WEB_SEARCH
unmute yourself,UNMUTE
ace open contract.docx,OPEN_FILE
open mail app,OPEN_APP
launch unity,OPEN_APP
current time please,GET_TIME
ace open notes app,OPEN_APP
find NASA news,WEB_SEARCH
show me database.sql,OPEN_FILE
look up java documentation,WEB_SEARCH
show me profile_pic.jpg,OPEN_FILE
search for sunset images,WEB_SEARCH
stop talking,MUTE
voice on,UNMUTE
ace unmute,UNMUTE
give me trivia,GENERAL_CONVERSATION
open safari reader,OPEN_APP
can we talk,GENERAL_CONVERSATION
what do you know about space,GENERAL_CONVERSATION
show me project_code.py,OPEN_FILE
current time please,GET_TIME
what time is it,GET_TIME
show me nearest coffee shop,WEB_SEARCH
tell me something interesting,GENERAL_CONVERSATION
look for nearest coffee shop,WEB_SEARCH
stop talking,MUTE
resume speaking,UNMUTE
google healthy diet plan,WEB_SEARCH
be silent,MUTE
run calendar,OPEN_APP
tell me something interesting,GENERAL_CONVERSATION
find java documentation,WEB_SEARCH
unmute yourself,UNMUTE
how do you feel,GENERAL_CONVERSATION
what can you do,GENERAL_CONVERSATION
current time please,GET_TIME
mute yourself,MUTE
can you tell the time,GET_TIME
run kindle,OPEN_APP
shut up,MUTE
tell me the time,GET_TIME
open contract2025.docx,OPEN_FILE
any news ace,GENERAL_CONVERSATION
current time please,GET_TIME
look for twitter trends,WEB_SEARCH
can we talk,GENERAL_CONVERSATION
tell me a joke,GENERAL_CONVERSATION
run photoshop,OPEN_APP
stop talking,MUTE
ace open slack,OPEN_APP
start talking again,UNMUTE
stop talking,MUTE
tell me a fun fact,GENERAL_CONVERSATION
ace open timetable.xlsx,OPEN_FILE
how do you feel,GENERAL_CONVERSATION
look up best smartphones 2025,WEB_SEARCH
open presentation.pptx,OPEN_FILE
stop talking,MUTE
what’s your thought,GENERAL_CONVERSATION
ace open design.png,OPEN_FILE
ace open expenses.xlsx,OPEN_FILE
launch tax_report.docx,OPEN_FILE
ace mute,MUTE
mute yourself,MUTE
what time is it,GET_TIME
how’s it going,GENERAL_CONVERSATION
ace mute,MUTE
what time is it,GET_TIME
voice on,UNMUTE
shut up,MUTE
ace unmute,UNMUTE
what can you do,GENERAL_CONVERSATION
show me tax_report.docx,OPEN_FILE
mute yourself,MUTE
show me logo.png,OPEN_FILE
ace open summary.doc,OPEN_FILE
ace open script.js,OPEN_FILE
what time is it,GET_TIME
check time please,GET_TIME
ace mute,MUTE
stop talking,MUTE
look for AI research papers,WEB_SEARCH
how do you feel,GENERAL_CONVERSATION
run settings,OPEN_APP
time right now,GET_TIME
google free online courses,WEB_SEARCH
start notes app,OPEN_APP
start talking again,UNMUTE
current time please,GET_TIME
ace open movie.mp4,OPEN_FILE
what's your opinion on movies,GENERAL_CONVERSATION
ace search for stock market today,WEB_SEARCH
what time is it,GET_TIME
ace open android studio,OPEN_APP
ace mute,MUTE
run safari,OPEN_APP
launch downloads folder,OPEN_FILE
let’s chat,GENERAL_CONVERSATION
hey ace,GENERAL_CONVERSATION
look up meaning of AI,WEB_SEARCH
voice on,UNMUTE
open safari reader,OPEN_APP
ace mute,MUTE
what time is it,GET_TIME
ace mute,MUTE
start talking again,UNMUTE
can we talk,GENERAL_CONVERSATION
show me latest gadgets,WEB_SEARCH
what's up,GENERAL_CONVERSATION
ace unmute,UNMUTE
find python tutorials,WEB_SEARCH
ace open poster.png,OPEN_FILE
what time is it,GET_TIME
be silent,MUTE
tell me the time,GET_TIME
open calculator plus,OPEN_APP
what’s the clock say,GET_TIME
look up free online courses,WEB_SEARCH
what's up,GENERAL_CONVERSATION
look up weather in Bahadurgarh,WEB_SEARCH
ace open safari,OPEN_APP
check time please,GET_TIME
give me trivia,GENERAL_CONVERSATION
launch brochure.pdf,OPEN_FILE
start talking again,UNMUTE
ace open presentation_final.pptx,OPEN_FILE
what's the meaning of life,GENERAL_CONVERSATION
what time is it,GET_TIME
launch slack,OPEN_APP
look up stock market today,WEB_SEARCH
ace open poster.png,OPEN_FILE
open presentation_demo.pptx,OPEN_FILE
ace search for youtube trending videos,WEB_SEARCH
shut up,MUTE
unmute yourself,UNMUTE
let’s chat,GENERAL_CONVERSATION
resume speaking,UNMUTE
ace mute,MUTE
run terminal,OPEN_APP
ace open illustrator,OPEN_APP
find youtube music,WEB_SEARCH
ace open report file,OPEN_FILE
open styles.css,OPEN_FILE
tell me the time,GET_TIME
chat with me,GENERAL_CONVERSATION
mute yourself,MUTE
launch design.png,OPEN_FILE
open android studio,OPEN_APP
launch invoice_2025.pdf,OPEN_FILE
shut up,MUTE
look for latest gadgets,WEB_SEARCH
what time is it,GET_TIME
ace open styles.css,OPEN_FILE
ace open data_analysis.py,OPEN_FILE
unmute yourself,UNMUTE
look for cheapest flight tickets,WEB_SEARCH
ace open blender,OPEN_APP
ace open archive.zip,OPEN_FILE
ace mute,MUTE
voice on,UNMUTE
resume speaking,UNMUTE
can you tell the time,GET_TIME
ace open twitter,OPEN_APP
ace open weekly_report.pdf,OPEN_FILE
what do you know about space,GENERAL_CONVERSATION
ace open vscode,OPEN_APP
stop talking,MUTE
any news ace,GENERAL_CONVERSATION
start talking again,UNMUTE
open terminal,OPEN_APP
mute yourself,MUTE
launch discord,OPEN_APP
open design.png,OPEN_FILE
launch system_logs.txt,OPEN_FILE
tell me the time,GET_TIME
ace open syllabus.pdf,OPEN_FILE
resume speaking,UNMUTE
time right now,GET_TIME
share something random,GENERAL_CONVERSATION
mute yourself,MUTE
run google chrome,OPEN_APP
show me meeting_minutes.doc,OPEN_FILE
find nearby gyms,WEB_SEARCH
open downloads folder,OPEN_FILE
shut up,MUTE
launch audio.mp3,OPEN_FILE
start talking again,UNMUTE
ace open timetable.xlsx,OPEN_FILE
what time is it,GET_TIME
resume speaking,UNMUTE
unmute yourself,UNMUTE
launch audible,OPEN_APP
ace open meeting_minutes.doc,OPEN_FILE
unmute yourself,UNMUTE
say hi,GENERAL_CONVERSATION
shut up,MUTE
ace unmute,UNMUTE
shut up,MUTE
ace open project_code.py,OPEN_FILE
show me profile_pic.jpg,OPEN_FILE
start terminal,OPEN_APP
ace open logo.png,OPEN_FILE
ace search for java documentation,WEB_SEARCH
ace open sound preferences,OPEN_APP
check time please,GET_TIME
search for stock market today,WEB_SEARCH
find memes on reddit,WEB_SEARCH
run photoshop,OPEN_APP
launch reminders,OPEN_APP
start talking again,UNMUTE
let’s chat,GENERAL_CONVERSATION
can you tell the time,GET_TIME
show me movie.mp4,OPEN_FILE
ace open research.pdf,OPEN_FILE
can we talk,GENERAL_CONVERSATION
ace open telegram,OPEN_APP
voice on,UNMUTE
search for python tutorials,WEB_SEARCH
open bluetooth settings,OPEN_APP
time right now,GET_TIME
share something random,GENERAL_CONVERSATION
start talking again,UNMUTE
can you tell the time,GET_TIME
launch article.txt,OPEN_FILE
can you tell the time,GET_TIME
be silent,MUTE
show me latest gadgets,WEB_SEARCH
find cricket world cup score,WEB_SEARCH
start talking again,UNMUTE
show me checklist.csv,OPEN_FILE
start kindle,OPEN_APP
look up space exploration,WEB_SEARCH
ace unmute,UNMUTE
let's talk,GENERAL_CONVERSATION
look up healthy diet plan,WEB_SEARCH
be silent,MUTE
ace open diagram.svg,OPEN_FILE
how do you feel,GENERAL_CONVERSATION
time right now,GET_TIME
tell me about nature,GENERAL_CONVERSATION
open expenses.xlsx,OPEN_FILE
be silent,MUTE
launch invoice_2025.pdf,OPEN_FILE
start whatsapp,OPEN_APP
ace open data_analysis.py,OPEN_FILE
ace open thesis.pdf,OPEN_FILE
tell me about yourself,GENERAL_CONVERSATION
show me football match schedule,WEB_SEARCH
search for healthy diet plan,WEB_SEARCH
what’s the clock say,GET_TIME
launch twitter,OPEN_APP
what’s the clock say,GET_TIME
can we talk,GENERAL_CONVERSATION
start terminal,OPEN_APP
can you tell the time,GET_TIME
voice on,UNMUTE
look up news about elections,WEB_SEARCH
stop talking,MUTE
ace open tax_report.docx,OPEN_FILE
run whatsapp,OPEN_APP
unmute yourself,UNMUTE
ace open notes_draft.txt,OPEN_FILE
stop talking,MUTE
ace open dictionary app,OPEN_APP
open google chrome,OPEN_APP
launch xcode,OPEN_APP
launch audio.mp3,OPEN_FILE
share something random,GENERAL_CONVERSATION
show me design.png,OPEN_FILE
ace search for cheapest flight tickets,WEB_SEARCH
open budget.csv,OPEN_FILE
open report file,OPEN_FILE
voice on,UNMUTE
launch google chrome,OPEN_APP
search for youtube trending videos,WEB_SEARCH
launch settings,OPEN_APP
what’s the clock say,GET_TIME
ace unmute,UNMUTE
open itunes,OPEN_APP
what’s your thought,GENERAL_CONVERSATION
ace unmute,UNMUTE
what's up,GENERAL_CONVERSATION
start talking again,UNMUTE
tell me about yourself,GENERAL_CONVERSATION
what’s the clock say,GET_TIME
start talking again,UNMUTE
ace search for football match schedule,WEB_SEARCH
launch facetime,OPEN_APP
look up java documentation,WEB_SEARCH
start talking again,UNMUTE
tell me about yourself,GENERAL_CONVERSATION
what time is it,GET_TIME
ace search for cheapest flight tickets,WEB_SEARCH
resume speaking,UNMUTE
say something funny,GENERAL_CONVERSATION
show me notes_draft.txt,OPEN_FILE
open poster.png,OPEN_FILE
run vs community,OPEN_APP
resume speaking,UNMUTE
be silent,MUTE
show me nearby movie theaters,WEB_SEARCH
say something cool,GENERAL_CONVERSATION
find cricket world cup score,WEB_SEARCH
ace open tax_report.docx,OPEN_FILE
launch article.txt,OPEN_FILE
open movie.mp4,OPEN_FILE
time right now,GET_TIME
look for space exploration,WEB_SEARCH
unmute yourself,UNMUTE
mute yourself,MUTE
show me thesis.pdf,OPEN_FILE
run task manager,OPEN_APP
find travel tips for Japan,WEB_SEARCH
ace mute,MUTE
what time is it,GET_TIME
ace search for nearby gyms,WEB_SEARCH
check time please,GET_TIME
launch diagram.svg,OPEN_FILE
check time please,GET_TIME
start talking again,UNMUTE
run dictionary app,OPEN_APP
time right now,GET_TIME
what do you think about AI,GENERAL_CONVERSATION
voice on,UNMUTE
can we talk,GENERAL_CONVERSATION
hey ace,GENERAL_CONVERSATION
google chicken curry recipes,WEB_SEARCH
stop talking,MUTE
unmute yourself,UNMUTE
mute yourself,MUTE
show me checklist.csv,OPEN_FILE
voice on,UNMUTE
mute yourself,MUTE
voice on,UNMUTE
launch kindle,OPEN_APP
time right now,GET_TIME
launch invoice_2025.pdf,OPEN_FILE
what's your opinion on movies,GENERAL_CONVERSATION
show me script.js,OPEN_FILE
check time please,GET_TIME
ace mute,MUTE
can you tell the time,GET_TIME
ace open checklist.csv,OPEN_FILE
start talking again,UNMUTE
run itunes,OPEN_APP
google free online courses,WEB_SEARCH
resume speaking,UNMUTE
look up cricket world cup score,WEB_SEARCH
show me NASA news,WEB_SEARCH
ace mute,MUTE
launch word,OPEN_APP
share something random,GENERAL_CONVERSATION
open twitter,OPEN_APP
show me project_notes.txt,OPEN_FILE
voice on,UNMUTE
launch invoice_2025.pdf,OPEN_FILE
ace mute,MUTE
look for chicken curry recipes,WEB_SEARCH
stop talking,MUTE
stop talking,MUTE
what's the meaning of life,GENERAL_CONVERSATION
show me how to cook pasta,WEB_SEARCH
launch after effects,OPEN_APP
be silent,MUTE
run vs community,OPEN_APP
start talking again,UNMUTE
start premiere pro,OPEN_APP
resume speaking,UNMUTE
tell me about tech,GENERAL_CONVERSATION
start unity,OPEN_APP
stop talking,MUTE
tell me a fun fact,GENERAL_CONVERSATION
start talking again,UNMUTE
start talking again,UNMUTE
ace open expenses.xlsx,OPEN_FILE
search for python tutorials,WEB_SEARCH
start talking again,UNMUTE
tell me the time,GET_TIME
start talking again,UNMUTE
tell me about tech,GENERAL_CONVERSATION
ace mute,MUTE
unmute yourself,UNMUTE
google python tutorials,WEB_SEARCH
ace open archive.zip,OPEN_FILE
current time please,GET_TIME
launch invoice_2025.pdf,OPEN_FILE
find twitter trends,WEB_SEARCH
shut up,MUTE
open contract2025.docx,OPEN_FILE
show me checklist.csv,OPEN_FILE
unmute yourself,UNMUTE
time right now,GET_TIME
run finder,OPEN_APP
tell me a joke,GENERAL_CONVERSATION
voice on,UNMUTE
google java documentation,WEB_SEARCH
open facetime,OPEN_APP
open summary.doc,OPEN_FILE
launch contract2025.docx,OPEN_FILE
shut up,MUTE
ace unmute,UNMUTE
look up travel tips for Japan,WEB_SEARCH
tell me a fun fact,GENERAL_CONVERSATION
what time is it,GET_TIME
can you tell the time,GET_TIME
tell me about yourself,GENERAL_CONVERSATION
google Elon Musk,WEB_SEARCH
tell me about tech,GENERAL_CONVERSATION
find youtube music,WEB_SEARCH
unmute yourself,UNMUTE
google football match schedule,WEB_SEARCH
be silent,MUTE
current time please,GET_TIME
resume speaking,UNMUTE
chat with me,GENERAL_CONVERSATION
what's up,GENERAL_CONVERSATION
any news ace,GENERAL_CONVERSATION
ace open weekly_report.pdf,OPEN_FILE
stop talking,MUTE
look up chicken curry recipes,WEB_SEARCH
ace unmute,UNMUTE
ace mute,MUTE
launch weekly_report.pdf,OPEN_FILE
look up memes on reddit,WEB_SEARCH
ace mute,MUTE
resume speaking,UNMUTE
look for sunset images,WEB_SEARCH
search for meaning of AI,WEB_SEARCH
show me timetable.xlsx,OPEN_FILE
look up free online courses,WEB_SEARCH
launch tax_report.docx,OPEN_FILE
be silent,MUTE
open document sales.xlsx,OPEN_FILE
stop talking,MUTE
can you tell the time,GET_TIME
voice on,UNMUTE
can you tell the time,GET_TIME
share something random,GENERAL_CONVERSATION
launch project_notes.txt,OPEN_FILE
show me meaning of AI,WEB_SEARCH
start safari,OPEN_APP
what time is it,GET_TIME
look up python tutorials,WEB_SEARCH
check time please,GET_TIME
ace open document sales.xlsx,OPEN_FILE
google meaning of AI,WEB_SEARCH
stop talking,MUTE
tell me the time,GET_TIME
current time please,GET_TIME
what’s the clock say,GET_TIME
search for meaning of AI,WEB_SEARCH
be silent,MUTE
launch project_code.py,OPEN_FILE
current time please,GET_TIME
voice on,UNMUTE
ace unmute,UNMUTE
tell me the time,GET_TIME
shut up,MUTE
check time please,GET_TIME
tell me about science,GENERAL_CONVERSATION
open weekly_report.pdf,OPEN_FILE
do you like music,GENERAL_CONVERSATION
chat with me,GENERAL_CONVERSATION
start contacts,OPEN_APP
can we talk,GENERAL_CONVERSATION
open contacts,OPEN_APP
tell me about tech,GENERAL_CONVERSATION
launch app.js,OPEN_FILE
tell me a fun fact,GENERAL_CONVERSATION
can we talk,GENERAL_CONVERSATION
ace open todo_list.txt,OPEN_FILE
look up best smartphones 2025,WEB_SEARCH
mute yourself,MUTE
ace mute,MUTE
look for football match schedule,WEB_SEARCH
google nearby gyms,WEB_SEARCH
voice on,UNMUTE
tell me about yourself,GENERAL_CONVERSATION
unmute yourself,UNMUTE
look up coding bootcamps,WEB_SEARCH
say hi,GENERAL_CONVERSATION
ace open calendar,OPEN_APP
run calculator plus,OPEN_APP
what’s the clock say,GET_TIME
launch homework.docx,OPEN_FILE
show me meaning of AI,WEB_SEARCH
open excel,OPEN_APP
ace mute,MUTE
mute yourself,MUTE
open files app,OPEN_APP
tell me the time,GET_TIME
launch homework.docx,OPEN_FILE
ace unmute,UNMUTE
be silent,MUTE
ace search for info on tesla cars,WEB_SEARCH
current time please,GET_TIME
show me screenshot.png,OPEN_FILE
start talking again,UNMUTE
ace open safari,OPEN_APP
let’s chat,GENERAL_CONVERSATION
ace open thesis.pdf,OPEN_FILE
can you tell the time,GET_TIME
open xcode,OPEN_APP
say hi,GENERAL_CONVERSATION
current time please,GET_TIME
look for macbook prices,WEB_SEARCH
search for nearest coffee shop,WEB_SEARCH
check time please,GET_TIME
let's talk,GENERAL_CONVERSATION
share something random,GENERAL_CONVERSATION
be silent,MUTE
check time please,GET_TIME
tell me about yourself,GENERAL_CONVERSATION
shut up,MUTE
tell me something interesting,GENERAL_CONVERSATION
open xcode,OPEN_APP
unmute yourself,UNMUTE
tell me about yourself,GENERAL_CONVERSATION
time right now,GET_TIME
show me football match schedule,WEB_SEARCH
shut up,MUTE
give me trivia,GENERAL_CONVERSATION
ace open checklist.csv,OPEN_FILE
voice on,UNMUTE
stop talking,MUTE
ace open audible,OPEN_APP
launch database.sql,OPEN_FILE
run safari reader,OPEN_APP
resume speaking,UNMUTE
time right now,GET_TIME
tell me the time,GET_TIME
what's up,GENERAL_CONVERSATION
look up how to cook pasta,WEB_SEARCH
ace unmute,UNMUTE
share something random,GENERAL_CONVERSATION
current time please,GET_TIME
ace open contract2025.docx,OPEN_FILE
unmute yourself,UNMUTE
what time is it,GET_TIME
show me latest gadgets,WEB_SEARCH
ace open youtube app,OPEN_APP
launch word,OPEN_APP
find meaning of AI,WEB_SEARCH
be silent,MUTE
stop talking,MUTE
ace search for news headlines,WEB_SEARCH
launch netflix,OPEN_APP
mute yourself,MUTE
resume speaking,UNMUTE
ace open mail app,OPEN_APP
can you tell the time,GET_TIME
ace mute,MUTE
launch document sales.xlsx,OPEN_FILE
any news ace,GENERAL_CONVERSATION
start talking again,UNMUTE
search for Elon Musk,WEB_SEARCH
what do you know about space,GENERAL_CONVERSATION
any news ace,GENERAL_CONVERSATION
can you tell the time,GET_TIME
let’s chat,GENERAL_CONVERSATION
ace open android studio,OPEN_APP
current time please,GET_TIME
show me summary.doc,OPEN_FILE
launch safari reader,OPEN_APP
open document sales.xlsx,OPEN_FILE
launch meeting_minutes.doc,OPEN_FILE
run whatsapp,OPEN_APP
what do you think about AI,GENERAL_CONVERSATION
start talking again,UNMUTE
launch terminal pro,OPEN_APP
tell me about science,GENERAL_CONVERSATION
look up free online courses,WEB_SEARCH
unmute yourself,UNMUTE
launch vacation_photos.zip,OPEN_FILE
tell me a fun fact,GENERAL_CONVERSATION
search for meaning of AI,WEB_SEARCH
shut up,MUTE
tell me about yourself,GENERAL_CONVERSATION
ace open logo.png,OPEN_FILE
ace unmute,UNMUTE
mute yourself,MUTE
open xcode,OPEN_APP
start photos app,OPEN_APP
stop talking,MUTE
start talking again,UNMUTE
start youtube app,OPEN_APP
show me macbook prices,WEB_SEARCH
look up sunset images,WEB_SEARCH
ace mute,MUTE
be silent,MUTE
search for space exploration,WEB_SEARCH
show me article.txt,OPEN_FILE
ace mute,MUTE
hey ace,GENERAL_CONVERSATION
be silent,MUTE
be silent,MUTE
launch maps app,OPEN_APP
open xcode,OPEN_APP
time right now,GET_TIME
ace open finder,OPEN_APP
ace open photoshop,OPEN_APP
let’s chat,GENERAL_CONVERSATION
ace search for java documentation,WEB_SEARCH
open database.sql,OPEN_FILE
search for Elon Musk,WEB_SEARCH
launch meeting_minutes.doc,OPEN_FILE
launch weekly_report.pdf,OPEN_FILE
let’s chat,GENERAL_CONVERSATION
check time please,GET_TIME
find nearby movie theaters,WEB_SEARCH
launch safari,OPEN_APP
run task manager,OPEN_APP
ace open todo_list.txt,OPEN_FILE
ace open task manager,OPEN_APP
unmute yourself,UNMUTE
launch preview,OPEN_APP
google twitter trends,WEB_SEARCH
voice on,UNMUTE
check time please,GET_TIME
open project_notes.txt,OPEN_FILE
run telegram,OPEN_APP
launch research.pdf,OPEN_FILE
start reminders,OPEN_APP
mute yourself,MUTE
tell me the time,GET_TIME
shut up,MUTE
do you like music,GENERAL_CONVERSATION
unmute yourself,UNMUTE
what time is it,GET_TIME
ace open notes app,OPEN_APP
mute yourself,MUTE
launch blender,OPEN_APP
do you like music,GENERAL_CONVERSATION
how are you,GENERAL_CONVERSATION
what’s your thought,GENERAL_CONVERSATION
show me script.js,OPEN_FILE
start talking again,UNMUTE
can you tell the time,GET_TIME
google NASA news,WEB_SEARCH
mute yourself,MUTE
what time is it,GET_TIME
can you tell the time,GET_TIME
can you tell the time,GET_TIME
be silent,MUTE
let's talk,GENERAL_CONVERSATION
check time please,GET_TIME
say hi,GENERAL_CONVERSATION
what time is it,GET_TIME
ace unmute,UNMUTE
what's up,GENERAL_CONVERSATION
start youtube app,OPEN_APP
start excel,OPEN_APP
what's up,GENERAL_CONVERSATION
ace open contacts,OPEN_APP
unmute yourself,UNMUTE
open vs community,OPEN_APP
find youtube music,WEB_SEARCH
hey ace,GENERAL_CONVERSATION
find latest gadgets,WEB_SEARCH
tell me about science,GENERAL_CONVERSATION
check time please,GET_TIME
ace mute,MUTE
be silent,MUTE
unmute yourself,UNMUTE
launch app store,OPEN_APP
start talking again,UNMUTE
voice on,UNMUTE
ace search for cricket world cup score,WEB_SEARCH
ace open script.js,OPEN_FILE
how do you feel,GENERAL_CONVERSATION
shut up,MUTE
run spotify,OPEN_APP
look for nearby gyms,WEB_SEARCH
ace mute,MUTE
search for space exploration,WEB_SEARCH
unmute yourself,UNMUTE
check time please,GET_TIME
open calculator plus,OPEN_APP
ace open financials.xlsx,OPEN_FILE
launch zoom,OPEN_APP
voice on,UNMUTE
do you like music,GENERAL_CONVERSATION
shut up,MUTE
how’s it going,GENERAL_CONVERSATION
time right now,GET_TIME
shut up,MUTE
how are you,GENERAL_CONVERSATION
tell me the time,GET_TIME
ace unmute,UNMUTE
ace open reminders,OPEN_APP
launch downloads folder,OPEN_FILE
ace search for Elon Musk,WEB_SEARCH
start talking again,UNMUTE
launch bluetooth settings,OPEN_APP
let’s chat,GENERAL_CONVERSATION
look for AI research papers,WEB_SEARCH
shut up,MUTE
show me notes_draft.txt,OPEN_FILE
mute yourself,MUTE
shut up,MUTE
tell me about tech,GENERAL_CONVERSATION
tell me something interesting,GENERAL_CONVERSATION
resume speaking,UNMUTE
launch app.js,OPEN_FILE
time right now,GET_TIME
open profile_pic.jpg,OPEN_FILE
shut up,MUTE
current time please,GET_TIME
launch excel,OPEN_APP
resume speaking,UNMUTE
what’s the clock say,GET_TIME
can you tell the time,GET_TIME
launch safari reader,OPEN_APP
start talking again,UNMUTE
start illustrator,OPEN_APP
launch downloads folder,OPEN_FILE
find sunset images,WEB_SEARCH
google stock price of Apple,WEB_SEARCH
resume speaking,UNMUTE
run instagram,OPEN_APP
ace open meeting_minutes.doc,OPEN_FILE
be silent,MUTE
find cricket world cup score,WEB_SEARCH
look up latest gadgets,WEB_SEARCH
show me syllabus.pdf,OPEN_FILE
google space exploration,WEB_SEARCH
current time please,GET_TIME
stop talking,MUTE
ace open brochure.pdf,OPEN_FILE
show me info on tesla cars,WEB_SEARCH
stop talking,MUTE
show me presentation_final.pptx,OPEN_FILE
start talking again,UNMUTE
launch styles.css,OPEN_FILE
current time please,GET_TIME
hey ace,GENERAL_CONVERSATION
can we talk,GENERAL_CONVERSATION
resume speaking,UNMUTE
find nearby gyms,WEB_SEARCH
what time is it,GET_TIME
start notes app,OPEN_APP
time right now,GET_TIME
ace open notes_draft.txt,OPEN_FILE
start kindle,OPEN_APP
ace mute,MUTE
what's your opinion on movies,GENERAL_CONVERSATION
ace mute,MUTE
ace open diagram.svg,OPEN_FILE
unmute yourself,UNMUTE
stop talking,MUTE
how are you,GENERAL_CONVERSATION
what time is it,GET_TIME
voice on,UNMUTE
mute yourself,MUTE
ace mute,MUTE
start terminal pro,OPEN_APP
stop talking,MUTE
voice on,UNMUTE
show me nearby movie theaters,WEB_SEARCH
can you tell the time,GET_TIME
find java documentation,WEB_SEARCH
ace open research.pdf,OPEN_FILE
what time is it,GET_TIME
resume speaking,UNMUTE
search for travel tips for Japan,WEB_SEARCH
ace open diagram.svg,OPEN_FILE
voice on,UNMUTE
mute yourself,MUTE
launch vs community,OPEN_APP
ace open project_code.py,OPEN_FILE
ace mute,MUTE
be silent,MUTE
open instagram,OPEN_APP
launch checklist.csv,OPEN_FILE
open data_analysis.py,OPEN_FILE
tell me about tech,GENERAL_CONVERSATION
google info on tesla cars,WEB_SEARCH
unmute yourself,UNMUTE
find stock price of Apple,WEB_SEARCH
ace search for football match schedule,WEB_SEARCH
stop talking,MUTE
check time please,GET_TIME
launch calculator plus,OPEN_APP
open files app,OPEN_APP
open summary.doc,OPEN_FILE
can you tell the time,GET_TIME
ace mute,MUTE
google healthy diet plan,WEB_SEARCH
google stock price of Apple,WEB_SEARCH
look for news about elections,WEB_SEARCH
show me memes on reddit,WEB_SEARCH
look up twitter trends,WEB_SEARCH
launch spotify,OPEN_APP
launch instagram,OPEN_APP
start after effects,OPEN_APP
unmute yourself,UNMUTE
shut up,MUTE
ace mute,MUTE
mute yourself,MUTE
mute yourself,MUTE
start talking again,UNMUTE
any news ace,GENERAL_CONVERSATION
start talking again,UNMUTE
search for nearby gyms,WEB_SEARCH
find meaning of AI,WEB_SEARCH
check time please,GET_TIME
show me diagram.svg,OPEN_FILE
resume speaking,UNMUTE
let's talk,GENERAL_CONVERSATION
ace open project_notes.txt,OPEN_FILE
be silent,MUTE
look up cricket world cup score,WEB_SEARCH
say hi,GENERAL_CONVERSATION
tell me about science,GENERAL_CONVERSATION
open notes_draft.txt,OPEN_FILE
ace mute,MUTE
ace open summary.doc,OPEN_FILE
stop talking,MUTE
show me invoice_2025.pdf,OPEN_FILE
start talking again,UNMUTE
what's your opinion on movies,GENERAL_CONVERSATION
tell me about science,GENERAL_CONVERSATION
tell me a fun fact,GENERAL_CONVERSATION
resume speaking,UNMUTE
look for healthy diet plan,WEB_SEARCH
launch instagram,OPEN_APP
stop talking,MUTE
start talking again,UNMUTE
find best smartphones 2025,WEB_SEARCH
be silent,MUTE
launch project_code.py,OPEN_FILE
be silent,MUTE
voice on,UNMUTE
voice on,UNMUTE
ace open discord,OPEN_APP
resume speaking,UNMUTE
show me research.pdf,OPEN_FILE
current time please,GET_TIME
start terminal pro,OPEN_APP
search for nearby movie theaters,WEB_SEARCH
what’s the clock say,GET_TIME
open thesis.pdf,OPEN_FILE
what time is it,GET_TIME
show me nearby gyms,WEB_SEARCH
ace open presentation_final.pptx,OPEN_FILE
launch mail app,OPEN_APP
start talking again,UNMUTE
launch notes app,OPEN_APP
be silent,MUTE
mute yourself,MUTE
resume speaking,UNMUTE
shut up,MUTE
find macbook prices,WEB_SEARCH
voice on,UNMUTE
be silent,MUTE
do you like music,GENERAL_CONVERSATION
unmute yourself,UNMUTE
look up travel tips for Japan,WEB_SEARCH
what time is it,GET_TIME
resume speaking,UNMUTE
open homework.docx,OPEN_FILE
ace open discord,OPEN_APP
current time please,GET_TIME
launch archive.zip,OPEN_FILE
ace search for nearest coffee shop,WEB_SEARCH
look for nearby gyms,WEB_SEARCH
open kindle,OPEN_APP
launch tax_report.docx,OPEN_FILE
ace search for info on tesla cars,WEB_SEARCH
look up healthy diet plan,WEB_SEARCH
what’s the clock say,GET_TIME
voice on,UNMUTE
stop talking,MUTE
tell me the time,GET_TIME
find AI research papers,WEB_SEARCH
find free online courses,WEB_SEARCH
stop talking,MUTE
do you like music,GENERAL_CONVERSATION
search for free online courses,WEB_SEARCH
tell me something interesting,GENERAL_CONVERSATION
open finder,OPEN_APP
look for football match schedule,WEB_SEARCH
can you tell the time,GET_TIME
run word,OPEN_APP
show me database.sql,OPEN_FILE
start bluetooth settings,OPEN_APP
check time please,GET_TIME
be silent,MUTE
start talking again,UNMUTE
current time please,GET_TIME
be silent,MUTE
what do you know about space,GENERAL_CONVERSATION
search for how to cook pasta,WEB_SEARCH
what time is it,GET_TIME
search for pizza recipe,WEB_SEARCH
search for NASA news,WEB_SEARCH
say something funny,GENERAL_CONVERSATION
open report file,OPEN_FILE
ace mute,MUTE
unmute yourself,UNMUTE
google how to cook pasta,WEB_SEARCH
mute yourself,MUTE
open timetable.xlsx,OPEN_FILE
time right now,GET_TIME
resume speaking,UNMUTE
look for NASA news,WEB_SEARCH
ace search for sunset images,WEB_SEARCH
time right now,GET_TIME
tell me a joke,GENERAL_CONVERSATION
what’s the clock say,GET_TIME
current time please,GET_TIME
voice on,UNMUTE
check time please,GET_TIME
share something random,GENERAL_CONVERSATION
check time please,GET_TIME
search for youtube music,WEB_SEARCH
time right now,GET_TIME
what's your opinion on movies,GENERAL_CONVERSATION
show me project_code.py,OPEN_FILE
launch invoice_2025.pdf,OPEN_FILE
shut up,MUTE
open settings panel,OPEN_APP
launch system_logs.txt,OPEN_FILE
look up news headlines,WEB_SEARCH
start talking again,UNMUTE
can you tell the time,GET_TIME
resume speaking,UNMUTE
tell me the time,GET_TIME
unmute yourself,UNMUTE
shut up,MUTE
start talking again,UNMUTE
resume speaking,UNMUTE
ace unmute,UNMUTE
tell me a fun fact,GENERAL_CONVERSATION
resume speaking,UNMUTE
run kindle,OPEN_APP
voice on,UNMUTE
ace open report file,OPEN_FILE
time right now,GET_TIME
run photos app,OPEN_APP
look up Elon Musk,WEB_SEARCH
look for youtube music,WEB_SEARCH
share something random,GENERAL_CONVERSATION
search for stock price of Apple,WEB_SEARCH
launch vscode,OPEN_APP
look for best smartphones 2025,WEB_SEARCH
start twitter,OPEN_APP
look for weather in Bahadurgarh,WEB_SEARCH
run notes app,OPEN_APP
current time please,GET_TIME
ace open google chrome,OPEN_APP
search for meaning of AI,WEB_SEARCH
launch screenshot.png,OPEN_FILE
show me poster.png,OPEN_FILE
ace open safari reader,OPEN_APP
chat with me,GENERAL_CONVERSATION
say something cool,GENERAL_CONVERSATION
give me trivia,GENERAL_CONVERSATION
stop talking,MUTE
ace open timetable.xlsx,OPEN_FILE
ace open kindle,OPEN_APP
voice on,UNMUTE
can you tell the time,GET_TIME
launch premiere pro,OPEN_APP
open dictionary app,OPEN_APP
be silent,MUTE
what’s the clock say,GET_TIME
look up latest technology updates,WEB_SEARCH
launch project_code.py,OPEN_FILE
shut up,MUTE
ace open thesis.pdf,OPEN_FILE
start steam,OPEN_APP
shut up,MUTE
mute yourself,MUTE
ace open bluetooth settings,OPEN_APP
tell me the time,GET_TIME
tell me the time,GET_TIME
voice on,UNMUTE
launch safari,OPEN_APP
ace mute,MUTE
launch index.html,OPEN_FILE
resume speaking,UNMUTE
what do you know about space,GENERAL_CONVERSATION
tell me the time,GET_TIME
time right now,GET_TIME
what’s the clock say,GET_TIME
ace unmute,UNMUTE
start app store,OPEN_APP
ace mute,MUTE
open weekly_report.pdf,OPEN_FILE
let’s chat,GENERAL_CONVERSATION
tell me a fun fact,GENERAL_CONVERSATION
show me news headlines,WEB_SEARCH
can we talk,GENERAL_CONVERSATION
mute yourself,MUTE
what do you know about space,GENERAL_CONVERSATION
stop talking,MUTE
tell me a fun fact,GENERAL_CONVERSATION
start talking again,UNMUTE
show me memes on reddit,WEB_SEARCH
voice on,UNMUTE
run telegram,OPEN_APP
what’s the clock say,GET_TIME
show me memes on reddit,WEB_SEARCH
current time please,GET_TIME
what's your opinion on movies,GENERAL_CONVERSATION
launch poster.png,OPEN_FILE
start talking again,UNMUTE
start illustrator,OPEN_APP
current time please,GET_TIME
open poster.png,OPEN_FILE
ace unmute,UNMUTE
mute yourself,MUTE
hey ace,GENERAL_CONVERSATION
mute yourself,MUTE
voice on,UNMUTE
what can you do,GENERAL_CONVERSATION
start system monitor,OPEN_APP
start talking again,UNMUTE
resume speaking,UNMUTE
check time please,GET_TIME
what time is it,GET_TIME
check time please,GET_TIME
show me memes on reddit,WEB_SEARCH
time right now,GET_TIME
open project_notes.txt,OPEN_FILE
let's talk,GENERAL_CONVERSATION
start safari reader,OPEN_APP
run youtube app,OPEN_APP
ace open calculator,OPEN_APP
resume speaking,UNMUTE
ace mute,MUTE
launch data_analysis.py,OPEN_FILE
show me sunset images,WEB_SEARCH
what’s your thought,GENERAL_CONVERSATION
run mail app,OPEN_APP
voice on,UNMUTE
shut up,MUTE
ace open presentation.pptx,OPEN_FILE
tell me the time,GET_TIME
open audible,OPEN_APP
mute yourself,MUTE
tell me something interesting,GENERAL_CONVERSATION
mute yourself,MUTE
give me trivia,GENERAL_CONVERSATION
stop talking,MUTE
what's up,GENERAL_CONVERSATION
start talking again,UNMUTE
launch archive.zip,OPEN_FILE
show me AI research papers,WEB_SEARCH
what’s the clock say,GET_TIME
tell me the time,GET_TIME
shut up,MUTE
look for nearest coffee shop,WEB_SEARCH
what time is it,GET_TIME
open presentation_demo.pptx,OPEN_FILE
google latest gadgets,WEB_SEARCH
any news ace,GENERAL_CONVERSATION
stop talking,MUTE
start terminal,OPEN_APP
start talking again,UNMUTE
ace unmute,UNMUTE
ace open timetable.xlsx,OPEN_FILE
mute yourself,MUTE
voice on,UNMUTE
run photoshop,OPEN_APP
show me presentation_demo.pptx,OPEN_FILE
look up football match schedule,WEB_SEARCH
mute yourself,MUTE
launch resume.pdf,OPEN_FILE
say something funny,GENERAL_CONVERSATION
ace unmute,UNMUTE
ace mute,MUTE
resume speaking,UNMUTE
what’s the clock say,GET_TIME
be silent,MUTE
start task manager,OPEN_APP
ace mute,MUTE
chat with me,GENERAL_CONVERSATION
show me nearest coffee shop,WEB_SEARCH
ace open blender,OPEN_APP
run accessibility,OPEN_APP
launch youtube app,OPEN_APP
check time please,GET_TIME
time right now,GET_TIME
what time is it,GET_TIME
unmute yourself,UNMUTE
ace unmute,UNMUTE
unmute yourself,UNMUTE
hey ace,GENERAL_CONVERSATION
check time please,GET_TIME
search for cricket world cup score,WEB_SEARCH
look for chicken curry recipes,WEB_SEARCH
tell me about science,GENERAL_CONVERSATION
tell me the time,GET_TIME
resume speaking,UNMUTE
show me financials.xlsx,OPEN_FILE
voice on,UNMUTE
look for AI research papers,WEB_SEARCH
stop talking,MUTE
launch whatsapp,OPEN_APP
show me financials.xlsx,OPEN_FILE
open notes_draft.txt,OPEN_FILE
what’s the clock say,GET_TIME
find python tutorials,WEB_SEARCH
time right now,GET_TIME
do you like music,GENERAL_CONVERSATION
be silent,MUTE
google cricket world cup score,WEB_SEARCH
unmute yourself,UNMUTE
tell me the time,GET_TIME
what’s the clock say,GET_TIME
share something random,GENERAL_CONVERSATION
google best smartphones 2025,WEB_SEARCH
mute yourself,MUTE
any news ace,GENERAL_CONVERSATION
can you tell the time,GET_TIME
shut up,MUTE
ace unmute,UNMUTE
time right now,GET_TIME
voice on,UNMUTE
launch powerpoint,OPEN_APP
stop talking,MUTE
what time is it,GET_TIME
ace mute,MUTE
time right now,GET_TIME
mute yourself,MUTE
open summary.doc,OPEN_FILE
can you tell the time,GET_TIME
what time is it,GET_TIME
what’s your thought,GENERAL_CONVERSATION
open blender,OPEN_APP
launch project_notes.txt,OPEN_FILE
hey ace,GENERAL_CONVERSATION
open contract2025.docx,OPEN_FILE
share something random,GENERAL_CONVERSATION
look for info on tesla cars,WEB_SEARCH
start google chrome,OPEN_APP
unmute yourself,UNMUTE
run netflix,OPEN_APP
time right now,GET_TIME
ace unmute,UNMUTE
launch vs community,OPEN_APP
stop talking,MUTE
mute yourself,MUTE
stop talking,MUTE
ace unmute,UNMUTE
launch project_code.py,OPEN_FILE
ace open data_analysis.py,OPEN_FILE
ace unmute,UNMUTE
ace search for latest gadgets,WEB_SEARCH
how's your day going,GENERAL_CONVERSATION
ace mute,MUTE
check time please,GET_TIME
tell me a fun fact,GENERAL_CONVERSATION
share something random,GENERAL_CONVERSATION
look up latest gadgets,WEB_SEARCH
open financials.xlsx,OPEN_FILE
run vscode,OPEN_APP
start talking again,UNMUTE
ace mute,MUTE
launch poster.png,OPEN_FILE
mute yourself,MUTE
look for youtube trending videos,WEB_SEARCH
what time is it,GET_TIME
what time is it,GET_TIME
start notes app,OPEN_APP
mute yourself,MUTE
look up nearby movie theaters,WEB_SEARCH
time right now,GET_TIME
start talking again,UNMUTE
run bluetooth settings,OPEN_APP
what time is it,GET_TIME
show me healthy diet plan,WEB_SEARCH
what do you think about AI,GENERAL_CONVERSATION
how's your day going,GENERAL_CONVERSATION
be silent,MUTE
hey ace,GENERAL_CONVERSATION
let’s chat,GENERAL_CONVERSATION
shut up,MUTE
ace open settings,OPEN_APP
be silent,MUTE
find nearest coffee shop,WEB_SEARCH
start audible,OPEN_APP
launch research.pdf,OPEN_FILE
time right now,GET_TIME
time right now,GET_TIME
launch maps app,OPEN_APP
look up climate change,WEB_SEARCH
launch twitter,OPEN_APP
what can you do,GENERAL_CONVERSATION
open poster.png,OPEN_FILE
do you like music,GENERAL_CONVERSATION
time right now,GET_TIME
show me twitter trends,WEB_SEARCH
start talking again,UNMUTE
ace open profile_pic.jpg,OPEN_FILE
unmute yourself,UNMUTE
launch photoshop,OPEN_APP
show me audio.mp3,OPEN_FILE
google latest technology updates,WEB_SEARCH
let's talk,GENERAL_CONVERSATION
start talking again,UNMUTE
google java documentation,WEB_SEARCH
can you tell the time,GET_TIME
open files app,OPEN_APP
ace open document sales.xlsx,OPEN_FILE
how do you feel,GENERAL_CONVERSATION
ace open telegram,OPEN_APP
current time please,GET_TIME
launch financials.xlsx,OPEN_FILE
what’s the clock say,GET_TIME
launch music player,OPEN_APP
can you tell the time,GET_TIME
what can you do,GENERAL_CONVERSATION
unmute yourself,UNMUTE
mute yourself,MUTE
time right now,GET_TIME
show me stock market today,WEB_SEARCH
share something random,GENERAL_CONVERSATION
ace search for how to cook pasta,WEB_SEARCH
stop talking,MUTE
ace search for macbook prices,WEB_SEARCH
open unity,OPEN_APP
shut up,MUTE
run finder,OPEN_APP
shut up,MUTE
show me brochure.pdf,OPEN_FILE
open presentation_demo.pptx,OPEN_FILE
show me archive.zip,OPEN_FILE
open files app,OPEN_APP
what can you do,GENERAL_CONVERSATION
search for python tutorials,WEB_SEARCH
find memes on reddit,WEB_SEARCH
what's the meaning of life,GENERAL_CONVERSATION
ace mute,MUTE
ace search for java documentation,WEB_SEARCH
launch system_logs.txt,OPEN_FILE
ace mute,MUTE
find news about elections,WEB_SEARCH
check time please,GET_TIME
show me contract.docx,OPEN_FILE
mute yourself,MUTE
unmute yourself,UNMUTE
what time is it,GET_TIME
be silent,MUTE
google football match schedule,WEB_SEARCH
ace open movie.mp4,OPEN_FILE
tell me about nature,GENERAL_CONVERSATION
open syllabus.pdf,OPEN_FILE
what can you do,GENERAL_CONVERSATION
look for pizza recipe,WEB_SEARCH
share something random,GENERAL_CONVERSATION
look up macbook prices,WEB_SEARCH
show me movie.mp4,OPEN_FILE
start talking again,UNMUTE
what's your opinion on movies,GENERAL_CONVERSATION
can you tell the time,GET_TIME
resume speaking,UNMUTE
can you tell the time,GET_TIME
chat with me,GENERAL_CONVERSATION
ace open downloads folder,OPEN_FILE
stop talking,MUTE
ace mute,MUTE
chat with me,GENERAL_CONVERSATION
ace mute,MUTE
ace search for cheapest flight tickets,WEB_SEARCH
can we talk,GENERAL_CONVERSATION
shut up,MUTE
unmute yourself,UNMUTE
launch weekly_report.pdf,OPEN_FILE
start talking again,UNMUTE
ace mute,MUTE
show me index.html,OPEN_FILE
ace mute,MUTE
be silent,MUTE
unmute yourself,UNMUTE
what can you do,GENERAL_CONVERSATION
current time please,GET_TIME
show me project_notes.txt,OPEN_FILE
launch blender,OPEN_APP
stop talking,MUTE
shut up,MUTE
open profile_pic.jpg,OPEN_FILE
chat with me,GENERAL_CONVERSATION
tell me the time,GET_TIME
mute yourself,MUTE
start bluetooth settings,OPEN_APP
look up info on tesla cars,WEB_SEARCH
google best smartphones 2025,WEB_SEARCH
be silent,MUTE
start zoom,OPEN_APP
start system monitor,OPEN_APP
ace open unity,OPEN_APP
what do you think about AI,GENERAL_CONVERSATION
ace open downloads folder,OPEN_FILE
check time please,GET_TIME
search for space exploration,WEB_SEARCH
launch vacation_photos.zip,OPEN_FILE
google macbook prices,WEB_SEARCH
shut up,MUTE
show me pizza recipe,WEB_SEARCH
google best smartphones 2025,WEB_SEARCH
start mail app,OPEN_APP
tell me about science,GENERAL_CONVERSATION
ace mute,MUTE
ace mute,MUTE
ace mute,MUTE
ace open vscode,OPEN_APP
ace mute,MUTE
tell me the time,GET_TIME
show me youtube music,WEB_SEARCH
run terminal pro,OPEN_APP
run blender,OPEN_APP
start system monitor,OPEN_APP
run whatsapp,OPEN_APP
launch movie.mp4,OPEN_FILE
tell me the time,GET_TIME
what's your opinion on movies,GENERAL_CONVERSATION
open script.js,OPEN_FILE
show me cricket world cup score,WEB_SEARCH
voice on,UNMUTE
show me stock market today,WEB_SEARCH
look up weather in Bahadurgarh,WEB_SEARCH
launch notes_draft.txt,OPEN_FILE
ace search for NASA news,WEB_SEARCH
google meaning of AI,WEB_SEARCH
launch app.js,OPEN_FILE
tell me a fun fact,GENERAL_CONVERSATION
how do you feel,GENERAL_CONVERSATION
ace open diagram.svg,OPEN_FILE
ace unmute,UNMUTE
start notes app,OPEN_APP
open profile_pic.jpg,OPEN_FILE
shut up,MUTE
what time is it,GET_TIME
check time please,GET_TIME
voice on,UNMUTE
start settings panel,OPEN_APP
show me financials.xlsx,OPEN_FILE
start talking again,UNMUTE
ace open settings,OPEN_APP
look up healthy diet plan,WEB_SEARCH
look for twitter trends,WEB_SEARCH
ace mute,MUTE
ace mute,MUTE
show me cricket world cup score,WEB_SEARCH
ace unmute,UNMUTE
launch project_notes.txt,OPEN_FILE
show me vacation_photos.zip,OPEN_FILE
search for latest technology updates,WEB_SEARCH
find AI research papers,WEB_SEARCH
google java documentation,WEB_SEARCH
start talking again,UNMUTE
what’s the clock say,GET_TIME
say something funny,GENERAL_CONVERSATION
show me weekly_report.pdf,OPEN_FILE
find climate change,WEB_SEARCH
start bluetooth settings,OPEN_APP
what time is it,GET_TIME
shut up,MUTE
share something random,GENERAL_CONVERSATION
be silent,MUTE
say something cool,GENERAL_CONVERSATION
open vscode,OPEN_APP
current time please,GET_TIME
ace mute,MUTE
mute yourself,MUTE
what’s the clock say,GET_TIME
voice on,UNMUTE
start powerpoint,OPEN_APP
look up climate change,WEB_SEARCH
mute yourself,MUTE
show me diagram.svg,OPEN_FILE
ace open poster.png,OPEN_FILE
what can you do,GENERAL_CONVERSATION
let’s chat,GENERAL_CONVERSATION
ace search for AI research papers,WEB_SEARCH
open finder,OPEN_APP
what do you know about space,GENERAL_CONVERSATION
open terminal,OPEN_APP
mute yourself,MUTE
be silent,MUTE
what time is it,GET_TIME
ace unmute,UNMUTE
tell me a fun fact,GENERAL_CONVERSATION
stop talking,MUTE
google football match schedule,WEB_SEARCH
tell me the time,GET_TIME
show me mockup.ai,OPEN_FILE
check time please,GET_TIME
unmute yourself,UNMUTE
voice on,UNMUTE
mute yourself,MUTE
check time please,GET_TIME
ace open project_code.py,OPEN_FILE
launch contract2025.docx,OPEN_FILE
ace unmute,UNMUTE
what's up,GENERAL_CONVERSATION
voice on,UNMUTE
tell me the time,GET_TIME
check time please,GET_TIME
voice on,UNMUTE
can you tell the time,GET_TIME
ace unmute,UNMUTE
can you tell the time,GET_TIME
open poster.png,OPEN_FILE
tell me about tech,GENERAL_CONVERSATION
can you tell the time,GET_TIME
voice on,UNMUTE
unmute yourself,UNMUTE
let’s chat,GENERAL_CONVERSATION
tell me a fun fact,GENERAL_CONVERSATION
run spotify,OPEN_APP
start talking again,UNMUTE
current time please,GET_TIME
open script.js,OPEN_FILE
time right now,GET_TIME
unmute yourself,UNMUTE
run steam,OPEN_APP
shut up,MUTE
open mockup.ai,OPEN_FILE
shut up,MUTE
stop talking,MUTE
google pizza recipe,WEB_SEARCH
launch invoice_2025.pdf,OPEN_FILE
resume speaking,UNMUTE
voice on,UNMUTE
launch invoice_2025.pdf,OPEN_FILE
ace open presentation_demo.pptx,OPEN_FILE
start bluetooth settings,OPEN_APP
ace open mockup.ai,OPEN_FILE
what’s the clock say,GET_TIME
look up info on tesla cars,WEB_SEARCH
shut up,MUTE
look up latest technology updates,WEB_SEARCH
resume speaking,UNMUTE
be silent,MUTE
do you like music,GENERAL_CONVERSATION
be silent,MUTE
time right now,GET_TIME
what time is it,GET_TIME
tell me about tech,GENERAL_CONVERSATION
open research.pdf,OPEN_FILE
voice on,UNMUTE
launch weekly_report.pdf,OPEN_FILE
show me youtube music,WEB_SEARCH
unmute yourself,UNMUTE
current time please,GET_TIME
ace mute,MUTE
resume speaking,UNMUTE
ace open project_notes.txt,OPEN_FILE
can you tell the time,GET_TIME
mute yourself,MUTE
give me trivia,GENERAL_CONVERSATION
launch youtube app,OPEN_APP
tell me the time,GET_TIME
tell me about science,GENERAL_CONVERSATION
launch brochure.pdf,OPEN_FILE
search for memes on reddit,WEB_SEARCH
ace mute,MUTE
what’s the clock say,GET_TIME
tell me the time,GET_TIME
run word,OPEN_APP
ace mute,MUTE
ace open audio.mp3,OPEN_FILE
what’s the clock say,GET_TIME
shut up,MUTE
what can you do,GENERAL_CONVERSATION
say something cool,GENERAL_CONVERSATION
run android studio,OPEN_APP
what's the meaning of life,GENERAL_CONVERSATION
google how to cook pasta,WEB_SEARCH
run slack,OPEN_APP
time right now,GET_TIME
hey ace,GENERAL_CONVERSATION
do you like music,GENERAL_CONVERSATION
start talking again,UNMUTE
stop talking,MUTE
ace open calendar,OPEN_APP
launch google chrome,OPEN_APP
start itunes,OPEN_APP
mute yourself,MUTE
resume speaking,UNMUTE
what time is it,GET_TIME
run photoshop,OPEN_APP
mute yourself,MUTE
what’s the clock say,GET_TIME
launch model.pkl,OPEN_FILE
find latest gadgets,WEB_SEARCH
ace mute,MUTE
stop talking,MUTE
can you tell the time,GET_TIME
launch tax_report.docx,OPEN_FILE
be silent,MUTE
current time please,GET_TIME
search for youtube trending videos,WEB_SEARCH
voice on,UNMUTE
voice on,UNMUTE
what’s the clock say,GET_TIME
open expenses.xlsx,OPEN_FILE
ace open google chrome,OPEN_APP
open instagram,OPEN_APP
ace mute,MUTE
start talking again,UNMUTE
start talking again,UNMUTE
start whatsapp,OPEN_APP
ace unmute,UNMUTE
can you tell the time,GET_TIME
launch mockup.ai,OPEN_FILE
what’s the clock say,GET_TIME
current time please,GET_TIME
start twitter,OPEN_APP
be silent,MUTE
unmute yourself,UNMUTE
ace mute,MUTE
ace open twitter,OPEN_APP
what time is it,GET_TIME
open meeting_minutes.doc,OPEN_FILE
show me model.pkl,OPEN_FILE
ace unmute,UNMUTE
any news ace,GENERAL_CONVERSATION
resume speaking,UNMUTE
what time is it,GET_TIME
start youtube app,OPEN_APP
look for climate change,WEB_SEARCH
ace mute,MUTE
look for python tutorials,WEB_SEARCH
what time is it,GET_TIME
ace open terminal pro,OPEN_APP
search for latest technology updates,WEB_SEARCH
tell me about science,GENERAL_CONVERSATION
tell me something interesting,GENERAL_CONVERSATION
open safari,OPEN_APP
open mockup.ai,OPEN_FILE
current time please,GET_TIME
what’s the clock say,GET_TIME
ace open discord,OPEN_APP
find cheapest flight tickets,WEB_SEARCH
tell me the time,GET_TIME
look up python tutorials,WEB_SEARCH
ace unmute,UNMUTE
unmute yourself,UNMUTE
unmute yourself,UNMUTE
ace unmute,UNMUTE
what's your opinion on movies,GENERAL_CONVERSATION
look up climate change,WEB_SEARCH
start maps app,OPEN_APP
voice on,UNMUTE
shut up,MUTE
ace unmute,UNMUTE
voice on,UNMUTE
open screenshot.png,OPEN_FILE
open script.js,OPEN_FILE
resume speaking,UNMUTE
what time is it,GET_TIME
run terminal,OPEN_APP
show me document sales.xlsx,OPEN_FILE
what's your opinion on movies,GENERAL_CONVERSATION
find cricket world cup score,WEB_SEARCH
check time please,GET_TIME
run photos app,OPEN_APP
search for NASA news,WEB_SEARCH
ace search for twitter trends,WEB_SEARCH
unmute yourself,UNMUTE
current time please,GET_TIME
launch contract2025.docx,OPEN_FILE
be silent,MUTE
look for python tutorials,WEB_SEARCH
what time is it,GET_TIME
voice on,UNMUTE
look up python tutorials,WEB_SEARCH
open audible,OPEN_APP
find stock market today,WEB_SEARCH
stop talking,MUTE
shut up,MUTE
show me python tutorials,WEB_SEARCH
voice on,UNMUTE
launch safari reader,OPEN_APP
tell me about nature,GENERAL_CONVERSATION
launch poster.png,OPEN_FILE
share something random,GENERAL_CONVERSATION
can we talk,GENERAL_CONVERSATION
shut up,MUTE
shut up,MUTE
current time please,GET_TIME
stop talking,MUTE
mute yourself,MUTE
open safari,OPEN_APP
what's the meaning of life,GENERAL_CONVERSATION
give me trivia,GENERAL_CONVERSATION
what time is it,GET_TIME
shut up,MUTE
tell me something interesting,GENERAL_CONVERSATION
voice on,UNMUTE
what time is it,GET_TIME
be silent,MUTE
ace mute,MUTE
run android studio,OPEN_APP
ace mute,MUTE
search for football match schedule,WEB_SEARCH
resume speaking,UNMUTE
do you like music,GENERAL_CONVERSATION
ace open audio.mp3,OPEN_FILE
be silent,MUTE
how's your day going,GENERAL_CONVERSATION
mute yourself,MUTE
hey ace,GENERAL_CONVERSATION
unmute yourself,UNMUTE
ace open screenshot.png,OPEN_FILE
current time please,GET_TIME
launch powerpoint,OPEN_APP
check time please,GET_TIME
time right now,GET_TIME
voice on,UNMUTE
mute yourself,MUTE
start talking again,UNMUTE
what's up,GENERAL_CONVERSATION
hey ace,GENERAL_CONVERSATION
open timetable.xlsx,OPEN_FILE
open notes_draft.txt,OPEN_FILE
google news headlines,WEB_SEARCH
run calculator plus,OPEN_APP
look up news about elections,WEB_SEARCH
what’s the clock say,GET_TIME
start talking again,UNMUTE
launch research.pdf,OPEN_FILE
ace mute,MUTE
what time is it,GET_TIME
what time is it,GET_TIME
open meeting_minutes.doc,OPEN_FILE
ace mute,MUTE
ace open document sales.xlsx,OPEN_FILE
ace search for memes on reddit,WEB_SEARCH
what’s the clock say,GET_TIME
can you tell the time,GET_TIME
show me latest gadgets,WEB_SEARCH
how do you feel,GENERAL_CONVERSATION
ace open checklist.csv,OPEN_FILE
run itunes,OPEN_APP
what time is it,GET_TIME
shut up,MUTE
start facetime,OPEN_APP
ace search for meaning of AI,WEB_SEARCH
resume speaking,UNMUTE
resume speaking,UNMUTE
start talking again,UNMUTE
launch vs community,OPEN_APP
start talking again,UNMUTE
open terminal pro,OPEN_APP
resume speaking,UNMUTE
what time is it,GET_TIME
shut up,MUTE
launch database.sql,OPEN_FILE
tell me the time,GET_TIME
tell me about tech,GENERAL_CONVERSATION
what time is it,GET_TIME
look for info on tesla cars,WEB_SEARCH
can you tell the time,GET_TIME
time right now,GET_TIME
ace open project_notes.txt,OPEN_FILE
mute yourself,MUTE
what do you know about space,GENERAL_CONVERSATION
show me vacation_photos.zip,OPEN_FILE
how are you,GENERAL_CONVERSATION
unmute yourself,UNMUTE
how do you feel,GENERAL_CONVERSATION
show me AI research papers,WEB_SEARCH
launch contract.docx,OPEN_FILE
time right now,GET_TIME
show me coding bootcamps,WEB_SEARCH
ace open script.js,OPEN_FILE
launch homework.docx,OPEN_FILE
let’s chat,GENERAL_CONVERSATION
voice on,UNMUTE
search for football match schedule,WEB_SEARCH
voice on,UNMUTE
google macbook prices,WEB_SEARCH
check time please,GET_TIME
open telegram,OPEN_APP
open tax_report.docx,OPEN_FILE
any news ace,GENERAL_CONVERSATION
ace open profile_pic.jpg,OPEN_FILE
be silent,MUTE
stop talking,MUTE
tell me about tech,GENERAL_CONVERSATION
ace open financials.xlsx,OPEN_FILE
how are you,GENERAL_CONVERSATION
stop talking,MUTE
what's your opinion on movies,GENERAL_CONVERSATION
what time is it,GET_TIME
how’s it going,GENERAL_CONVERSATION
what’s the clock say,GET_TIME
let’s chat,GENERAL_CONVERSATION
start itunes,OPEN_APP
launch netflix,OPEN_APP
look for nearby movie theaters,WEB_SEARCH
unmute yourself,UNMUTE
find nearby gyms,WEB_SEARCH
unmute yourself,UNMUTE
can you tell the time,GET_TIME
current time please,GET_TIME
time right now,GET_TIME
ace open timetable.xlsx,OPEN_FILE
check time please,GET_TIME
run task manager,OPEN_APP
say hi,GENERAL_CONVERSATION
be silent,MUTE
ace mute,MUTE
current time please,GET_TIME
shut up,MUTE
show me nearby movie theaters,WEB_SEARCH
what's the meaning of life,GENERAL_CONVERSATION
look up memes on reddit,WEB_SEARCH
can we talk,GENERAL_CONVERSATION
find java documentation,WEB_SEARCH
launch contacts,OPEN_APP
google best smartphones 2025,WEB_SEARCH
show me app.js,OPEN_FILE
google nearest coffee shop,WEB_SEARCH
stop talking,MUTE
shut up,MUTE
start after effects,OPEN_APP
ace open todo_list.txt,OPEN_FILE
any news ace,GENERAL_CONVERSATION
search for meaning of AI,WEB_SEARCH
current time please,GET_TIME
unmute yourself,UNMUTE
search for cricket world cup score,WEB_SEARCH
what’s the clock say,GET_TIME
show me design.png,OPEN_FILE
find chicken curry recipes,WEB_SEARCH
ace open reminders,OPEN_APP
launch profile_pic.jpg,OPEN_FILE
show me research.pdf,OPEN_FILE
find nearby movie theaters,WEB_SEARCH
let’s chat,GENERAL_CONVERSATION
show me how to cook pasta,WEB_SEARCH
voice on,UNMUTE
start powerpoint,OPEN_APP
unmute yourself,UNMUTE
tell me something interesting,GENERAL_CONVERSATION
unmute yourself,UNMUTE
how are you,GENERAL_CONVERSATION
launch terminal,OPEN_APP
shut up,MUTE
look for coding bootcamps,WEB_SEARCH
launch terminal,OPEN_APP
ace open expenses.xlsx,OPEN_FILE
unmute yourself,UNMUTE
start music player,OPEN_APP
find AI research papers,WEB_SEARCH
look for python tutorials,WEB_SEARCH
time right now,GET_TIME
start talking again,UNMUTE
run accessibility,OPEN_APP
tell me the time,GET_TIME
start maps app,OPEN_APP
start terminal pro,OPEN_APP
tell me the time,GET_TIME
current time please,GET_TIME
start telegram,OPEN_APP
voice on,UNMUTE
unmute yourself,UNMUTE
run reminders,OPEN_APP
look up meaning of AI,WEB_SEARCH
run files app,OPEN_APP
open project_code.py,OPEN_FILE
any news ace,GENERAL_CONVERSATION
show me python tutorials,WEB_SEARCH
show me data_analysis.py,OPEN_FILE
ace open invoice_2025.pdf,OPEN_FILE
let's talk,GENERAL_CONVERSATION
let’s chat,GENERAL_CONVERSATION
open safari,OPEN_APP
stop talking,MUTE
show me space exploration,WEB_SEARCH
be silent,MUTE
stop talking,MUTE
what's the meaning of life,GENERAL_CONVERSATION
ace unmute,UNMUTE
voice on,UNMUTE
ace open facetime,OPEN_APP
how’s it going,GENERAL_CONVERSATION
show me macbook prices,WEB_SEARCH
what's your opinion on movies,GENERAL_CONVERSATION
check time please,GET_TIME
check time please,GET_TIME
open diagram.svg,OPEN_FILE
open meeting_minutes.doc,OPEN_FILE
mute yourself,MUTE
what can you do,GENERAL_CONVERSATION
unmute yourself,UNMUTE
ace unmute,UNMUTE
start android studio,OPEN_APP
find info on tesla cars,WEB_SEARCH
show me report file,OPEN_FILE
ace mute,MUTE
current time please,GET_TIME
what’s the clock say,GET_TIME
show me presentation_final.pptx,OPEN_FILE
tell me a fun fact,GENERAL_CONVERSATION
what’s the clock say,GET_TIME
ace search for space exploration,WEB_SEARCH
resume speaking,UNMUTE
unmute yourself,UNMUTE
start talking again,UNMUTE
tell me the time,GET_TIME
tell me a fun fact,GENERAL_CONVERSATION
unmute yourself,UNMUTE
ace search for news headlines,WEB_SEARCH
tell me something interesting,GENERAL_CONVERSATION
let's talk,GENERAL_CONVERSATION
can you tell the time,GET_TIME
share something random,GENERAL_CONVERSATION
look for free online courses,WEB_SEARCH
start talking again,UNMUTE
check time please,GET_TIME
google Elon Musk,WEB_SEARCH
ace unmute,UNMUTE
tell me about nature,GENERAL_CONVERSATION
search for chicken curry recipes,WEB_SEARCH
ace open presentation.pptx,OPEN_FILE
let's talk,GENERAL_CONVERSATION
what's the meaning of life,GENERAL_CONVERSATION
ace open dictionary app,OPEN_APP
run steam,OPEN_APP
launch presentation_final.pptx,OPEN_FILE
google cricket world cup score,WEB_SEARCH
tell me a joke,GENERAL_CONVERSATION
ace unmute,UNMUTE
say something funny,GENERAL_CONVERSATION
check time please,GET_TIME
hey ace,GENERAL_CONVERSATION
time right now,GET_TIME
mute yourself,MUTE
how are you,GENERAL_CONVERSATION
tell me about science,GENERAL_CONVERSATION
show me tax_report.docx,OPEN_FILE
show me report file,OPEN_FILE
ace mute,MUTE
tell me something interesting,GENERAL_CONVERSATION
run kindle,OPEN_APP
let's talk,GENERAL_CONVERSATION
be silent,MUTE
can you tell the time,GET_TIME
be silent,MUTE
tell me about yourself,GENERAL_CONVERSATION
open netflix,OPEN_APP
ace open audio.mp3,OPEN_FILE
ace search for travel tips for Japan,WEB_SEARCH
launch homework.docx,OPEN_FILE
ace unmute,UNMUTE
start photos app,OPEN_APP
show me article.txt,OPEN_FILE
how are you,GENERAL_CONVERSATION
search for latest gadgets,WEB_SEARCH
unmute yourself,UNMUTE
what's up,GENERAL_CONVERSATION
launch mockup.ai,OPEN_FILE
look up best smartphones 2025,WEB_SEARCH
be silent,MUTE
show me sunset images,WEB_SEARCH
voice on,UNMUTE
time right now,GET_TIME
launch steam,OPEN_APP
find cricket world cup score,WEB_SEARCH
resume speaking,UNMUTE
ace mute,MUTE
tell me the time,GET_TIME
chat with me,GENERAL_CONVERSATION
be silent,MUTE
hey ace,GENERAL_CONVERSATION
voice on,UNMUTE
voice on,UNMUTE
shut up,MUTE
ace open project_code.py,OPEN_FILE
what’s the clock say,GET_TIME
ace search for twitter trends,WEB_SEARCH
ace search for pizza recipe,WEB_SEARCH
ace unmute,UNMUTE
open vacation_photos.zip,OPEN_FILE
show me project_code.py,OPEN_FILE
ace open document sales.xlsx,OPEN_FILE
show me latest technology updates,WEB_SEARCH
what's the meaning of life,GENERAL_CONVERSATION
google nearest coffee shop,WEB_SEARCH
ace unmute,UNMUTE
what can you do,GENERAL_CONVERSATION
ace search for stock price of Apple,WEB_SEARCH
show me brochure.pdf,OPEN_FILE
time right now,GET_TIME
launch powerpoint,OPEN_APP
start talking again,UNMUTE
mute yourself,MUTE
ace open tax_report.docx,OPEN_FILE
current time please,GET_TIME
look up macbook prices,WEB_SEARCH
ace open word,OPEN_APP
open database.sql,OPEN_FILE
start bluetooth settings,OPEN_APP
tell me the time,GET_TIME
launch timetable.xlsx,OPEN_FILE
open settings,OPEN_APP
look for coding bootcamps,WEB_SEARCH
can you tell the time,GET_TIME
start talking again,UNMUTE
let's talk,GENERAL_CONVERSATION
stop talking,MUTE
tell me about science,GENERAL_CONVERSATION
what can you do,GENERAL_CONVERSATION
start obs studio,OPEN_APP
tell me the time,GET_TIME
show me project_code.py,OPEN_FILE
what do you think about AI,GENERAL_CONVERSATION
start talking again,UNMUTE
launch screenshot.png,OPEN_FILE
show me chicken curry recipes,WEB_SEARCH
unmute yourself,UNMUTE
show me python tutorials,WEB_SEARCH
show me index.html,OPEN_FILE
launch brochure.pdf,OPEN_FILE
start blender,OPEN_APP
open reminders,OPEN_APP
ace unmute,UNMUTE
time right now,GET_TIME
open contract.docx,OPEN_FILE
ace open audio.mp3,OPEN_FILE
stop talking,MUTE
tell me a fun fact,GENERAL_CONVERSATION
hey ace,GENERAL_CONVERSATION
open sound preferences,OPEN_APP
give me trivia,GENERAL_CONVERSATION
resume speaking,UNMUTE
google climate change,WEB_SEARCH
find Elon Musk,WEB_SEARCH
run settings,OPEN_APP
start talking again,UNMUTE
open steam,OPEN_APP
ace open article.txt,OPEN_FILE
google football match schedule,WEB_SEARCH
shut up,MUTE
what do you think about AI,GENERAL_CONVERSATION
what's up,GENERAL_CONVERSATION
show me memes on reddit,WEB_SEARCH
ace open index.html,OPEN_FILE
launch database.sql,OPEN_FILE
time right now,GET_TIME
show me system_logs.txt,OPEN_FILE
be silent,MUTE
shut up,MUTE
tell me a joke,GENERAL_CONVERSATION
what’s your thought,GENERAL_CONVERSATION
what time is it,GET_TIME
stop talking,MUTE
run app store,OPEN_APP
look for healthy diet plan,WEB_SEARCH
tell me about nature,GENERAL_CONVERSATION
how's your day going,GENERAL_CONVERSATION
open checklist.csv,OPEN_FILE
look for stock market today,WEB_SEARCH
shut up,MUTE
mute yourself,MUTE
stop talking,MUTE
how do you feel,GENERAL_CONVERSATION
time right now,GET_TIME
mute yourself,MUTE
mute yourself,MUTE
run calculator plus,OPEN_APP
be silent,MUTE
voice on,UNMUTE
voice on,UNMUTE
what's your opinion on movies,GENERAL_CONVERSATION
share something random,GENERAL_CONVERSATION
ace mute,MUTE
current time please,GET_TIME
tell me about nature,GENERAL_CONVERSATION
run task manager,OPEN_APP
launch excel,OPEN_APP
stop talking,MUTE
current time please,GET_TIME
stop talking,MUTE
what’s the clock say,GET_TIME
open budget.csv,OPEN_FILE
shut up,MUTE
tell me a joke,GENERAL_CONVERSATION
ace search for sunset images,WEB_SEARCH
launch resume.pdf,OPEN_FILE
launch contract.docx,OPEN_FILE
check time please,GET_TIME
voice on,UNMUTE
time right now,GET_TIME
ace mute,MUTE
mute yourself,MUTE
launch design.png,OPEN_FILE
shut up,MUTE
tell me something interesting,GENERAL_CONVERSATION
check time please,GET_TIME
what’s the clock say,GET_TIME
can you tell the time,GET_TIME
start talking again,UNMUTE
open invoice_2025.pdf,OPEN_FILE
tell me about yourself,GENERAL_CONVERSATION
stop talking,MUTE
unmute yourself,UNMUTE
tell me about nature,GENERAL_CONVERSATION
stop talking,MUTE
open research.pdf,OPEN_FILE
ace unmute,UNMUTE
what time is it,GET_TIME
be silent,MUTE
tell me the time,GET_TIME
find NASA news,WEB_SEARCH
time right now,GET_TIME
voice on,UNMUTE
mute yourself,MUTE
search for healthy diet plan,WEB_SEARCH
open research.pdf,OPEN_FILE
show me notes_draft.txt,OPEN_FILE
how's your day going,GENERAL_CONVERSATION
resume speaking,UNMUTE
find how to cook pasta,WEB_SEARCH
voice on,UNMUTE
ace open mockup.ai,OPEN_FILE
launch vacation_photos.zip,OPEN_FILE
look for football match schedule,WEB_SEARCH
resume speaking,UNMUTE
show me youtube trending videos,WEB_SEARCH
google climate change,WEB_SEARCH
run photos app,OPEN_APP
ace open report file,OPEN_FILE
open app.js,OPEN_FILE
start talking again,UNMUTE
be silent,MUTE
show me system_logs.txt,OPEN_FILE
start talking again,UNMUTE
run dictionary app,OPEN_APP
unmute yourself,UNMUTE
ace unmute,UNMUTE
be silent,MUTE
launch zoom,OPEN_APP
unmute yourself,UNMUTE
resume speaking,UNMUTE
mute yourself,MUTE
be silent,MUTE
ace search for football match schedule,WEB_SEARCH
ace unmute,UNMUTE
time right now,GET_TIME
show me tax_report.docx,OPEN_FILE
ace open word,OPEN_APP
what time is it,GET_TIME
search for cheapest flight tickets,WEB_SEARCH
can you tell the time,GET_TIME
unmute yourself,UNMUTE
google pizza recipe,WEB_SEARCH
ace unmute,UNMUTE
start system monitor,OPEN_APP
check time please,GET_TIME
show me weekly_report.pdf,OPEN_FILE
ace mute,MUTE
look for meaning of AI,WEB_SEARCH
what can you do,GENERAL_CONVERSATION
search for free online courses,WEB_SEARCH
how’s it going,GENERAL_CONVERSATION
start after effects,OPEN_APP
ace open movie.mp4,OPEN_FILE
give me trivia,GENERAL_CONVERSATION
check time please,GET_TIME
ace open design.png,OPEN_FILE
open report file,OPEN_FILE
what do you think about AI,GENERAL_CONVERSATION
tell me the time,GET_TIME
share something random,GENERAL_CONVERSATION
current time please,GET_TIME
check time please,GET_TIME
open screenshot.png,OPEN_FILE
current time please,GET_TIME
what time is it,GET_TIME
can you tell the time,GET_TIME
be silent,MUTE
search for climate change,WEB_SEARCH
tell me a fun fact,GENERAL_CONVERSATION
tell me a joke,GENERAL_CONVERSATION
launch mail app,OPEN_APP
what's your opinion on movies,GENERAL_CONVERSATION
be silent,MUTE
run vscode,OPEN_APP
any news ace,GENERAL_CONVERSATION
what’s the clock say,GET_TIME
check time please,GET_TIME
start talking again,UNMUTE
find healthy diet plan,WEB_SEARCH
stop talking,MUTE
launch terminal pro,OPEN_APP
open after effects,OPEN_APP
find java documentation,WEB_SEARCH
search for stock market today,WEB_SEARCH
open spotify,OPEN_APP
look for stock market today,WEB_SEARCH
shut up,MUTE
unmute yourself,UNMUTE
stop talking,MUTE
check time please,GET_TIME
run instagram,OPEN_APP
tell me a fun fact,GENERAL_CONVERSATION
start talking again,UNMUTE
how's your day going,GENERAL_CONVERSATION
find travel tips for Japan,WEB_SEARCH
launch notes_draft.txt,OPEN_FILE
start talking again,UNMUTE
open screenshot.png,OPEN_FILE
what time is it,GET_TIME
resume speaking,UNMUTE
time right now,GET_TIME
look for climate change,WEB_SEARCH
ace open discord,OPEN_APP
time right now,GET_TIME
stop talking,MUTE
be silent,MUTE
look up news headlines,WEB_SEARCH
ace mute,MUTE
ace open files app,OPEN_APP
ace mute,MUTE
shut up,MUTE
shut up,MUTE
tell me the time,GET_TIME
show me travel tips for Japan,WEB_SEARCH
what’s the clock say,GET_TIME
what's up,GENERAL_CONVERSATION
say something cool,GENERAL_CONVERSATION
what’s the clock say,GET_TIME
can you tell the time,GET_TIME
run zoom,OPEN_APP
show me app.js,OPEN_FILE
run bluetooth settings,OPEN_APP
what time is it,GET_TIME
ace open kindle,OPEN_APP
what’s the clock say,GET_TIME
hey ace,GENERAL_CONVERSATION
stop talking,MUTE
voice on,UNMUTE
shut up,MUTE
run maps app,OPEN_APP
can we talk,GENERAL_CONVERSATION
ace search for java documentation,WEB_SEARCH
voice on,UNMUTE
what’s the clock say,GET_TIME
ace unmute,UNMUTE
be silent,MUTE
be silent,MUTE
time right now,GET_TIME
ace search for latest gadgets,WEB_SEARCH
look up pizza recipe,WEB_SEARCH
open summary.doc,OPEN_FILE
unmute yourself,UNMUTE
launch reminders,OPEN_APP
look for free online courses,WEB_SEARCH
stop talking,MUTE
show me research.pdf,OPEN_FILE
unmute yourself,UNMUTE
look for nearby gyms,WEB_SEARCH
mute yourself,MUTE
look up stock price of Apple,WEB_SEARCH
show me climate change,WEB_SEARCH
launch audible,OPEN_APP
be silent,MUTE
ace search for cricket world cup score,WEB_SEARCH
ace open profile_pic.jpg,OPEN_FILE
be silent,MUTE
ace open bluetooth settings,OPEN_APP
run instagram,OPEN_APP
be silent,MUTE
show me database.sql,OPEN_FILE
unmute yourself,UNMUTE
mute yourself,MUTE
unmute yourself,UNMUTE
what time is it,GET_TIME
time right now,GET_TIME
mute yourself,MUTE
find Elon Musk,WEB_SEARCH
shut up,MUTE
any news ace,GENERAL_CONVERSATION
show me weather in Bahadurgarh,WEB_SEARCH
open reminders,OPEN_APP
current time please,GET_TIME
ace open bluetooth settings,OPEN_APP
voice on,UNMUTE
search for news about elections,WEB_SEARCH
start xcode,OPEN_APP
ace open word,OPEN_APP
ace open contract.docx,OPEN_FILE
stop talking,MUTE
mute yourself,MUTE
run blender,OPEN_APP
launch app store,OPEN_APP
search for travel tips for Japan,WEB_SEARCH
ace open bluetooth settings,OPEN_APP
be silent,MUTE
ace mute,MUTE
open logo.png,OPEN_FILE
search for cricket world cup score,WEB_SEARCH
open itunes,OPEN_APP
current time please,GET_TIME
show me diagram.svg,OPEN_FILE
time right now,GET_TIME
unmute yourself,UNMUTE
tell me about tech,GENERAL_CONVERSATION
look for space exploration,WEB_SEARCH
stop talking,MUTE
tell me about nature,GENERAL_CONVERSATION
mute yourself,MUTE
run accessibility,OPEN_APP
can you tell the time,GET_TIME
search for healthy diet plan,WEB_SEARCH
voice on,UNMUTE
launch steam,OPEN_APP
tell me about yourself,GENERAL_CONVERSATION
launch contract.docx,OPEN_FILE
run notes app,OPEN_APP
start talking again,UNMUTE
unmute yourself,UNMUTE
show me financials.xlsx,OPEN_FILE
ace open system_logs.txt,OPEN_FILE
show me financials.xlsx,OPEN_FILE
ace open presentation_final.pptx,OPEN_FILE
mute yourself,MUTE
start maps app,OPEN_APP
ace mute,MUTE
can we talk,GENERAL_CONVERSATION
launch research.pdf,OPEN_FILE
ace mute,MUTE
ace unmute,UNMUTE
current time please,GET_TIME
ace unmute,UNMUTE
show me report file,OPEN_FILE
resume speaking,UNMUTE
current time please,GET_TIME
tell me the time,GET_TIME
launch document sales.xlsx,OPEN_FILE
shut up,MUTE
how's your day going,GENERAL_CONVERSATION
ace search for how to cook pasta,WEB_SEARCH
tell me the time,GET_TIME
mute yourself,MUTE
open vacation_photos.zip,OPEN_FILE
run obs studio,OPEN_APP
how’s it going,GENERAL_CONVERSATION
voice on,UNMUTE
voice on,UNMUTE
launch after effects,OPEN_APP
what's up,GENERAL_CONVERSATION
time right now,GET_TIME
can you tell the time,GET_TIME
ace open app store,OPEN_APP
open notes_draft.txt,OPEN_FILE
ace unmute,UNMUTE
launch contacts,OPEN_APP
find best smartphones 2025,WEB_SEARCH
unmute yourself,UNMUTE
mute yourself,MUTE
ace unmute,UNMUTE
what's your opinion on movies,GENERAL_CONVERSATION
ace mute,MUTE
run twitter,OPEN_APP
be silent,MUTE
open excel,OPEN_APP
look for youtube music,WEB_SEARCH
show me nearby movie theaters,WEB_SEARCH
mute yourself,MUTE
start excel,OPEN_APP
how’s it going,GENERAL_CONVERSATION
hey ace,GENERAL_CONVERSATION
mute yourself,MUTE
run task manager,OPEN_APP
resume speaking,UNMUTE
run photos app,OPEN_APP
unmute yourself,UNMUTE
time right now,GET_TIME
can you tell the time,GET_TIME
shut up,MUTE
launch profile_pic.jpg,OPEN_FILE
show me youtube trending videos,WEB_SEARCH
ace unmute,UNMUTE
show me system_logs.txt,OPEN_FILE
look up meaning of AI,WEB_SEARCH
hey ace,GENERAL_CONVERSATION
tell me about yourself,GENERAL_CONVERSATION
open system_logs.txt,OPEN_FILE
shut up,MUTE
how’s it going,GENERAL_CONVERSATION
be silent,MUTE
launch report file,OPEN_FILE
any news ace,GENERAL_CONVERSATION
find weather in Bahadurgarh,WEB_SEARCH
look for twitter trends,WEB_SEARCH
ace unmute,UNMUTE
open finder,OPEN_APP
current time please,GET_TIME
let's talk,GENERAL_CONVERSATION
ace open sound preferences,OPEN_APP
show me weekly_report.pdf,OPEN_FILE
tell me about nature,GENERAL_CONVERSATION
ace open timetable.xlsx,OPEN_FILE
ace search for best smartphones 2025,WEB_SEARCH
what's your opinion on movies,GENERAL_CONVERSATION
show me stock market today,WEB_SEARCH
what’s the clock say,GET_TIME
stop talking,MUTE
ace unmute,UNMUTE
ace open design.png,OPEN_FILE
look for java documentation,WEB_SEARCH
tell me the time,GET_TIME
unmute yourself,UNMUTE
ace open brochure.pdf,OPEN_FILE
stop talking,MUTE
start calendar,OPEN_APP
launch contacts,OPEN_APP
resume speaking,UNMUTE
say something funny,GENERAL_CONVERSATION
tell me the time,GET_TIME
ace search for NASA news,WEB_SEARCH
open vscode,OPEN_APP
shut up,MUTE
what can you do,GENERAL_CONVERSATION
ace open unity,OPEN_APP
stop talking,MUTE
tell me the time,GET_TIME
shut up,MUTE
tell me the time,GET_TIME
share something random,GENERAL_CONVERSATION
look up java documentation,WEB_SEARCH
search for best smartphones 2025,WEB_SEARCH
launch index.html,OPEN_FILE
show me todo_list.txt,OPEN_FILE
run unity,OPEN_APP
ace unmute,UNMUTE
resume speaking,UNMUTE
unmute yourself,UNMUTE
can you tell the time,GET_TIME
tell me about tech,GENERAL_CONVERSATION
ace unmute,UNMUTE
resume speaking,UNMUTE
search for python tutorials,WEB_SEARCH
check time please,GET_TIME
current time please,GET_TIME
current time please,GET_TIME
open google chrome,OPEN_APP
hey ace,GENERAL_CONVERSATION
can you tell the time,GET_TIME
show me profile_pic.jpg,OPEN_FILE
can you tell the time,GET_TIME
stop talking,MUTE
mute yourself,MUTE
tell me about tech,GENERAL_CONVERSATION
time right now,GET_TIME
launch twitter,OPEN_APP
resume speaking,UNMUTE
open terminal,OPEN_APP
open photos app,OPEN_APP
show me presentation_demo.pptx,OPEN_FILE
look up info on tesla cars,WEB_SEARCH
open model.pkl,OPEN_FILE
google nearby gyms,WEB_SEARCH
stop talking,MUTE
shut up,MUTE
show me project_notes.txt,OPEN_FILE
launch instagram,OPEN_APP
what's up,GENERAL_CONVERSATION
voice on,UNMUTE
ace mute,MUTE
give me trivia,GENERAL_CONVERSATION
start youtube app,OPEN_APP
shut up,MUTE
mute yourself,MUTE
launch poster.png,OPEN_FILE
google coding bootcamps,WEB_SEARCH
resume speaking,UNMUTE
ace open presentation_final.pptx,OPEN_FILE
show me data_analysis.py,OPEN_FILE
open document sales.xlsx,OPEN_FILE
show me data_analysis.py,OPEN_FILE
look for stock market today,WEB_SEARCH
what do you know about space,GENERAL_CONVERSATION
google weather in Bahadurgarh,WEB_SEARCH
current time please,GET_TIME
unmute yourself,UNMUTE
launch accessibility,OPEN_APP
ace mute,MUTE
shut up,MUTE
tell me something interesting,GENERAL_CONVERSATION
voice on,UNMUTE
tell me the time,GET_TIME
open document sales.xlsx,OPEN_FILE
look up youtube trending videos,WEB_SEARCH
ace mute,MUTE
look for latest gadgets,WEB_SEARCH
how do you feel,GENERAL_CONVERSATION
ace open styles.css,OPEN_FILE
start vscode,OPEN_APP
shut up,MUTE
shut up,MUTE
say something cool,GENERAL_CONVERSATION
ace open finder,OPEN_APP
current time please,GET_TIME
voice on,UNMUTE
what's up,GENERAL_CONVERSATION
ace unmute,UNMUTE
resume speaking,UNMUTE
shut up,MUTE
stop talking,MUTE
look for cricket world cup score,WEB_SEARCH
search for meaning of AI,WEB_SEARCH
say something funny,GENERAL_CONVERSATION
resume speaking,UNMUTE
open files app,OPEN_APP
current time please,GET_TIME
what time is it,GET_TIME
ace unmute,UNMUTE
how do you feel,GENERAL_CONVERSATION
current time please,GET_TIME
look for youtube music,WEB_SEARCH
show me healthy diet plan,WEB_SEARCH
show me project_code.py,OPEN_FILE
show me app.js,OPEN_FILE
tell me about tech,GENERAL_CONVERSATION
ace mute,MUTE
how are you,GENERAL_CONVERSATION
can you tell the time,GET_TIME
launch financials.xlsx,OPEN_FILE
check time please,GET_TIME
ace open data_analysis.py,OPEN_FILE
what’s the clock say,GET_TIME
google nearby gyms,WEB_SEARCH
start talking again,UNMUTE
ace search for nearby movie theaters,WEB_SEARCH
tell me a joke,GENERAL_CONVERSATION
voice on,UNMUTE
mute yourself,MUTE
what time is it,GET_TIME
resume speaking,UNMUTE
what’s the clock say,GET_TIME
start talking again,UNMUTE
google latest technology updates,WEB_SEARCH
tell me about tech,GENERAL_CONVERSATION
stop talking,MUTE
stop talking,MUTE
run whatsapp,OPEN_APP
what's up,GENERAL_CONVERSATION
ace mute,MUTE
ace unmute,UNMUTE
open safari,OPEN_APP
ace open zoom,OPEN_APP
voice on,UNMUTE
be silent,MUTE
look up latest gadgets,WEB_SEARCH
launch mail app,OPEN_APP
search for memes on reddit,WEB_SEARCH
voice on,UNMUTE
what time is it,GET_TIME
launch styles.css,OPEN_FILE
look for meaning of AI,WEB_SEARCH
stop talking,MUTE
what’s the clock say,GET_TIME
voice on,UNMUTE
show me index.html,OPEN_FILE
start talking again,UNMUTE
ace open mail app,OPEN_APP
launch youtube app,OPEN_APP
ace open zoom,OPEN_APP
run steam,OPEN_APP
tell me a joke,GENERAL_CONVERSATION
look for java documentation,WEB_SEARCH
voice on,UNMUTE
mute yourself,MUTE
search for football match schedule,WEB_SEARCH
run maps app,OPEN_APP
show me research.pdf,OPEN_FILE
stop talking,MUTE
check time please,GET_TIME
launch index.html,OPEN_FILE
what time is it,GET_TIME
give me trivia,GENERAL_CONVERSATION
open report file,OPEN_FILE
chat with me,GENERAL_CONVERSATION
ace open terminal pro,OPEN_APP
ace mute,MUTE
find latest gadgets,WEB_SEARCH
mute yourself,MUTE
stop talking,MUTE
voice on,UNMUTE
can we talk,GENERAL_CONVERSATION
voice on,UNMUTE
unmute yourself,UNMUTE
ace open invoice_2025.pdf,OPEN_FILE
tell me about yourself,GENERAL_CONVERSATION
start accessibility,OPEN_APP
launch system_logs.txt,OPEN_FILE
current time please,GET_TIME
resume speaking,UNMUTE
run whatsapp,OPEN_APP
shut up,MUTE
search for pizza recipe,WEB_SEARCH
start unity,OPEN_APP
ace unmute,UNMUTE
ace open design.png,OPEN_FILE
launch illustrator,OPEN_APP
resume speaking,UNMUTE
what do you know about space,GENERAL_CONVERSATION
what’s the clock say,GET_TIME
ace open design.png,OPEN_FILE
open report file,OPEN_FILE
what do you think about AI,GENERAL_CONVERSATION
what’s the clock say,GET_TIME
be silent,MUTE
look for football match schedule,WEB_SEARCH
do you like music,GENERAL_CONVERSATION
time right now,GET_TIME
ace unmute,UNMUTE
launch slack,OPEN_APP
resume speaking,UNMUTE
ace search for weather in Bahadurgarh,WEB_SEARCH
ace unmute,UNMUTE
ace mute,MUTE
unmute yourself,UNMUTE
show me latest technology updates,WEB_SEARCH
what's up,GENERAL_CONVERSATION
voice on,UNMUTE
launch netflix,OPEN_APP
stop talking,MUTE
what time is it,GET_TIME
open word,OPEN_APP
launch app.js,OPEN_FILE
be silent,MUTE
tell me a joke,GENERAL_CONVERSATION
be silent,MUTE
unmute yourself,UNMUTE
launch youtube app,OPEN_APP
what do you think about AI,GENERAL_CONVERSATION
search for nearest coffee shop,WEB_SEARCH
launch tax_report.docx,OPEN_FILE
time right now,GET_TIME
ace search for climate change,WEB_SEARCH
tell me the time,GET_TIME
what can you do,GENERAL_CONVERSATION
voice on,UNMUTE
show me news headlines,WEB_SEARCH
run itunes,OPEN_APP
google info on tesla cars,WEB_SEARCH
look up sunset images,WEB_SEARCH
ace open financials.xlsx,OPEN_FILE
ace open telegram,OPEN_APP
say something cool,GENERAL_CONVERSATION
open safari,OPEN_APP
show me AI research papers,WEB_SEARCH
ace open movie.mp4,OPEN_FILE
search for latest technology updates,WEB_SEARCH
voice on,UNMUTE
open system_logs.txt,OPEN_FILE
current time please,GET_TIME
unmute yourself,UNMUTE
voice on,UNMUTE
ace unmute,UNMUTE
open calculator plus,OPEN_APP
check time please,GET_TIME
let's talk,GENERAL_CONVERSATION
what’s your thought,GENERAL_CONVERSATION
resume speaking,UNMUTE
ace unmute,UNMUTE
start safari,OPEN_APP
run kindle,OPEN_APP
ace open project_notes.txt,OPEN_FILE
what's your opinion on movies,GENERAL_CONVERSATION
be silent,MUTE
start talking again,UNMUTE
launch contacts,OPEN_APP
tell me the time,GET_TIME
launch document sales.xlsx,OPEN_FILE
be silent,MUTE
what time is it,GET_TIME
check time please,GET_TIME
voice on,UNMUTE
start reminders,OPEN_APP
mute yourself,MUTE
run reminders,OPEN_APP
stop talking,MUTE
any news ace,GENERAL_CONVERSATION
launch twitter,OPEN_APP
tell me about science,GENERAL_CONVERSATION
run music player,OPEN_APP
voice on,UNMUTE
show me memes on reddit,WEB_SEARCH
launch screenshot.png,OPEN_FILE
how are you,GENERAL_CONVERSATION
start contacts,OPEN_APP
start talking again,UNMUTE
show me AI research papers,WEB_SEARCH
open slack,OPEN_APP
start notes app,OPEN_APP
be silent,MUTE
stop talking,MUTE
open discord,OPEN_APP
start obs studio,OPEN_APP
mute yourself,MUTE
ace open mail app,OPEN_APP
current time please,GET_TIME
check time please,GET_TIME
start talking again,UNMUTE
be silent,MUTE
ace search for macbook prices,WEB_SEARCH
shut up,MUTE
open archive.zip,OPEN_FILE
tell me the time,GET_TIME
be silent,MUTE
show me archive.zip,OPEN_FILE
find nearest coffee shop,WEB_SEARCH
open project_code.py,OPEN_FILE
ace open kindle,OPEN_APP
ace mute,MUTE
ace mute,MUTE
current time please,GET_TIME
start terminal,OPEN_APP
start talking again,UNMUTE
let's talk,GENERAL_CONVERSATION
stop talking,MUTE
how's your day going,GENERAL_CONVERSATION
run itunes,OPEN_APP
start xcode,OPEN_APP
launch profile_pic.jpg,OPEN_FILE
ace open database.sql,OPEN_FILE
start talking again,UNMUTE
shut up,MUTE
show me poster.png,OPEN_FILE
search for news headlines,WEB_SEARCH
launch files app,OPEN_APP
what time is it,GET_TIME
ace mute,MUTE
what's your opinion on movies,GENERAL_CONVERSATION
show me syllabus.pdf,OPEN_FILE
unmute yourself,UNMUTE
any news ace,GENERAL_CONVERSATION
start google chrome,OPEN_APP
ace unmute,UNMUTE
check time please,GET_TIME
tell me the time,GET_TIME
mute yourself,MUTE
start reminders,OPEN_APP
ace open steam,OPEN_APP
mute yourself,MUTE
resume speaking,UNMUTE
unmute yourself,UNMUTE
find free online courses,WEB_SEARCH
be silent,MUTE
what time is it,GET_TIME
tell me the time,GET_TIME
be silent,MUTE
start talking again,UNMUTE
tell me about tech,GENERAL_CONVERSATION
start calendar,OPEN_APP
check time please,GET_TIME
resume speaking,UNMUTE
open data_analysis.py,OPEN_FILE
start accessibility,OPEN_APP
mute yourself,MUTE
look for python tutorials,WEB_SEARCH
ace open obs studio,OPEN_APP
find nearby gyms,WEB_SEARCH
show me latest gadgets,WEB_SEARCH
show me meaning of AI,WEB_SEARCH
give me trivia,GENERAL_CONVERSATION
can we talk,GENERAL_CONVERSATION
ace open weekly_report.pdf,OPEN_FILE
voice on,UNMUTE
how's your day going,GENERAL_CONVERSATION
show me archive.zip,OPEN_FILE
what’s the clock say,GET_TIME
launch system_logs.txt,OPEN_FILE
shut up,MUTE
ace open app.js,OPEN_FILE
resume speaking,UNMUTE
start talking again,UNMUTE
tell me a fun fact,GENERAL_CONVERSATION
unmute yourself,UNMUTE
can you tell the time,GET_TIME
tell me about tech,GENERAL_CONVERSATION
resume speaking,UNMUTE
say something funny,GENERAL_CONVERSATION
current time please,GET_TIME
start steam,OPEN_APP
what time is it,GET_TIME
check time please,GET_TIME
find Elon Musk,WEB_SEARCH
open kindle,OPEN_APP
find meaning of AI,WEB_SEARCH
ace open financials.xlsx,OPEN_FILE
be silent,MUTE
resume speaking,UNMUTE
stop talking,MUTE
ace open calendar,OPEN_APP
ace open downloads folder,OPEN_FILE
check time please,GET_TIME
tell me about tech,GENERAL_CONVERSATION
search for AI research papers,WEB_SEARCH
open financials.xlsx,OPEN_FILE
what’s the clock say,GET_TIME
stop talking,MUTE
unmute yourself,UNMUTE
run audible,OPEN_APP
resume speaking,UNMUTE
ace open safari reader,OPEN_APP
show me data_analysis.py,OPEN_FILE
start talking again,UNMUTE
shut up,MUTE
look for healthy diet plan,WEB_SEARCH
tell me the time,GET_TIME
time right now,GET_TIME
say something cool,GENERAL_CONVERSATION
current time please,GET_TIME
show me presentation_demo.pptx,OPEN_FILE
ace open poster.png,OPEN_FILE
look up healthy diet plan,WEB_SEARCH
open discord,OPEN_APP
can you tell the time,GET_TIME
what’s your thought,GENERAL_CONVERSATION
look up best smartphones 2025,WEB_SEARCH
show me Elon Musk,WEB_SEARCH
voice on,UNMUTE
launch preview,OPEN_APP
mute yourself,MUTE
start talking again,UNMUTE
ace open thesis.pdf,OPEN_FILE
start discord,OPEN_APP
check time please,GET_TIME
can you tell the time,GET_TIME
mute yourself,MUTE
say something cool,GENERAL_CONVERSATION
stop talking,MUTE
stop talking,MUTE
ace mute,MUTE
do you like music,GENERAL_CONVERSATION
launch model.pkl,OPEN_FILE
what time is it,GET_TIME
resume speaking,UNMUTE
show me archive.zip,OPEN_FILE
ace open terminal pro,OPEN_APP
show me brochure.pdf,OPEN_FILE
can you tell the time,GET_TIME
what time is it,GET_TIME
tell me the time,GET_TIME
look up twitter trends,WEB_SEARCH
chat with me,GENERAL_CONVERSATION
mute yourself,MUTE
open homework.docx,OPEN_FILE
open contacts,OPEN_APP
show me timetable.xlsx,OPEN_FILE
what's the meaning of life,GENERAL_CONVERSATION
shut up,MUTE
what time is it,GET_TIME
launch mockup.ai,OPEN_FILE
voice on,UNMUTE
tell me about nature,GENERAL_CONVERSATION
ace open diagram.svg,OPEN_FILE
be silent,MUTE
launch app store,OPEN_APP
unmute yourself,UNMUTE
unmute yourself,UNMUTE
tell me about science,GENERAL_CONVERSATION
start talking again,UNMUTE
what’s the clock say,GET_TIME
tell me a fun fact,GENERAL_CONVERSATION
how are you,GENERAL_CONVERSATION
unmute yourself,UNMUTE
launch index.html,OPEN_FILE
launch photos app,OPEN_APP
current time please,GET_TIME
resume speaking,UNMUTE
tell me a fun fact,GENERAL_CONVERSATION
mute yourself,MUTE
show me pizza recipe,WEB_SEARCH
can you tell the time,GET_TIME
run maps app,OPEN_APP
be silent,MUTE
be silent,MUTE
ace mute,MUTE
open system_logs.txt,OPEN_FILE
start talking again,UNMUTE
start talking again,UNMUTE
ace open project_notes.txt,OPEN_FILE
ace search for weather in Bahadurgarh,WEB_SEARCH
let's talk,GENERAL_CONVERSATION
ace open audible,OPEN_APP
ace open app.js,OPEN_FILE
shut up,MUTE
resume speaking,UNMUTE
unmute yourself,UNMUTE
launch movie.mp4,OPEN_FILE
tell me the time,GET_TIME
check time please,GET_TIME
look for twitter trends,WEB_SEARCH
tell me something interesting,GENERAL_CONVERSATION
start talking again,UNMUTE
run finder,OPEN_APP
look for sunset images,WEB_SEARCH
check time please,GET_TIME
ace open presentation_final.pptx,OPEN_FILE
shut up,MUTE
what’s your thought,GENERAL_CONVERSATION
ace open homework.docx,OPEN_FILE
show me contract.docx,OPEN_FILE
look for python tutorials,WEB_SEARCH
unmute yourself,UNMUTE
look up chicken curry recipes,WEB_SEARCH
what do you know about space,GENERAL_CONVERSATION
start calculator plus,OPEN_APP
tell me the time,GET_TIME
launch checklist.csv,OPEN_FILE
check time please,GET_TIME
show me youtube trending videos,WEB_SEARCH
ace open bluetooth settings,OPEN_APP
mute yourself,MUTE
tell me the time,GET_TIME
be silent,MUTE
open netflix,OPEN_APP
find climate change,WEB_SEARCH
ace open contract2025.docx,OPEN_FILE
time right now,GET_TIME
google AI research papers,WEB_SEARCH
shut up,MUTE
open audio.mp3,OPEN_FILE
voice on,UNMUTE
ace unmute,UNMUTE
launch invoice_2025.pdf,OPEN_FILE
start settings panel,OPEN_APP
what can you do,GENERAL_CONVERSATION
ace open downloads folder,OPEN_FILE
launch summary.doc,OPEN_FILE
show me youtube trending videos,WEB_SEARCH
look up cheapest flight tickets,WEB_SEARCH
open vs community,OPEN_APP
start talking again,UNMUTE
tell me about science,GENERAL_CONVERSATION
look for weather in Bahadurgarh,WEB_SEARCH
shut up,MUTE
resume speaking,UNMUTE
start steam,OPEN_APP
google football match schedule,WEB_SEARCH
ace unmute,UNMUTE
launch movie.mp4,OPEN_FILE
find travel tips for Japan,WEB_SEARCH
stop talking,MUTE
what time is it,GET_TIME
ace open contract2025.docx,OPEN_FILE
google python tutorials,WEB_SEARCH
look up sunset images,WEB_SEARCH
ace unmute,UNMUTE
tell me something interesting,GENERAL_CONVERSATION
ace unmute,UNMUTE
resume speaking,UNMUTE
stop talking,MUTE
check time please,GET_TIME
start talking again,UNMUTE
open unity,OPEN_APP
chat with me,GENERAL_CONVERSATION
current time please,GET_TIME
open music player,OPEN_APP
can you tell the time,GET_TIME
ace open bluetooth settings,OPEN_APP
tell me about yourself,GENERAL_CONVERSATION
look up latest gadgets,WEB_SEARCH
tell me the time,GET_TIME
do you like music,GENERAL_CONVERSATION
launch profile_pic.jpg,OPEN_FILE
unmute yourself,UNMUTE
what’s the clock say,GET_TIME
tell me about nature,GENERAL_CONVERSATION
ace search for youtube music,WEB_SEARCH
launch powerpoint,OPEN_APP
chat with me,GENERAL_CONVERSATION
check time please,GET_TIME
stop talking,MUTE
how are you,GENERAL_CONVERSATION
show me brochure.pdf,OPEN_FILE
be silent,MUTE
be silent,MUTE
tell me the time,GET_TIME
show me project_notes.txt,OPEN_FILE
start talking again,UNMUTE
show me app.js,OPEN_FILE
ace unmute,UNMUTE
tell me the time,GET_TIME
chat with me,GENERAL_CONVERSATION
look for youtube music,WEB_SEARCH
resume speaking,UNMUTE
how’s it going,GENERAL_CONVERSATION
launch index.html,OPEN_FILE
search for AI research papers,WEB_SEARCH
time right now,GET_TIME
be silent,MUTE
be silent,MUTE
what’s your thought,GENERAL_CONVERSATION
open financials.xlsx,OPEN_FILE
what’s the clock say,GET_TIME
ace open slack,OPEN_APP
google nearby gyms,WEB_SEARCH
shut up,MUTE
ace unmute,UNMUTE
give me trivia,GENERAL_CONVERSATION
start accessibility,OPEN_APP
look up how to cook pasta,WEB_SEARCH
search for chicken curry recipes,WEB_SEARCH
how are you,GENERAL_CONVERSATION
ace unmute,UNMUTE
tell me about nature,GENERAL_CONVERSATION
launch task manager,OPEN_APP
time right now,GET_TIME
what do you think about AI,GENERAL_CONVERSATION
voice on,UNMUTE
voice on,UNMUTE
current time please,GET_TIME
find cricket world cup score,WEB_SEARCH
say hi,GENERAL_CONVERSATION
ace open calendar,OPEN_APP
start blender,OPEN_APP
launch safari,OPEN_APP
tell me about science,GENERAL_CONVERSATION
check time please,GET_TIME
stop talking,MUTE
do you like music,GENERAL_CONVERSATION
show me archive.zip,OPEN_FILE
show me weekly_report.pdf,OPEN_FILE
time right now,GET_TIME
launch presentation_demo.pptx,OPEN_FILE
open invoice_2025.pdf,OPEN_FILE
what can you do,GENERAL_CONVERSATION
tell me the time,GET_TIME
start talking again,UNMUTE
ace search for java documentation,WEB_SEARCH
can you tell the time,GET_TIME
open project_notes.txt,OPEN_FILE
check time please,GET_TIME
current time please,GET_TIME
how's your day going,GENERAL_CONVERSATION
show me research.pdf,OPEN_FILE
start google chrome,OPEN_APP
ace search for AI research papers,WEB_SEARCH
voice on,UNMUTE
current time please,GET_TIME
show me java documentation,WEB_SEARCH
launch android studio,OPEN_APP
any news ace,GENERAL_CONVERSATION
launch obs studio,OPEN_APP
shut up,MUTE
ace unmute,UNMUTE
unmute yourself,UNMUTE
stop talking,MUTE
mute yourself,MUTE
open zoom,OPEN_APP
chat with me,GENERAL_CONVERSATION
start talking again,UNMUTE
check time please,GET_TIME
launch brochure.pdf,OPEN_FILE
google stock price of Apple,WEB_SEARCH
unmute yourself,UNMUTE
launch presentation_final.pptx,OPEN_FILE
check time please,GET_TIME
ace mute,MUTE
open contract.docx,OPEN_FILE
voice on,UNMUTE
ace mute,MUTE
what's your opinion on movies,GENERAL_CONVERSATION
let’s chat,GENERAL_CONVERSATION
search for cheapest flight tickets,WEB_SEARCH
look for info on tesla cars,WEB_SEARCH
ace unmute,UNMUTE
be silent,MUTE
check time please,GET_TIME
unmute yourself,UNMUTE
shut up,MUTE
look up twitter trends,WEB_SEARCH
start talking again,UNMUTE
stop talking,MUTE
can you tell the time,GET_TIME
say hi,GENERAL_CONVERSATION
open google chrome,OPEN_APP
resume speaking,UNMUTE
how’s it going,GENERAL_CONVERSATION
launch settings panel,OPEN_APP
ace mute,MUTE
shut up,MUTE
tell me the time,GET_TIME
start talking again,UNMUTE
find best smartphones 2025,WEB_SEARCH
open design.png,OPEN_FILE
open model.pkl,OPEN_FILE
launch terminal,OPEN_APP
share something random,GENERAL_CONVERSATION
show me expenses.xlsx,OPEN_FILE
show me data_analysis.py,OPEN_FILE
what’s the clock say,GET_TIME
stop talking,MUTE
show me timetable.xlsx,OPEN_FILE
be silent,MUTE
unmute yourself,UNMUTE
look for youtube music,WEB_SEARCH
open summary.doc,OPEN_FILE
what do you know about space,GENERAL_CONVERSATION
stop talking,MUTE
mute yourself,MUTE
tell me the time,GET_TIME
run premiere pro,OPEN_APP
check time please,GET_TIME
what's up,GENERAL_CONVERSATION
how's your day going,GENERAL_CONVERSATION
let’s chat,GENERAL_CONVERSATION
can you tell the time,GET_TIME
be silent,MUTE
google news about elections,WEB_SEARCH
let's talk,GENERAL_CONVERSATION
open archive.zip,OPEN_FILE
resume speaking,UNMUTE
show me database.sql,OPEN_FILE
ace search for travel tips for Japan,WEB_SEARCH
launch calculator plus,OPEN_APP
what’s your thought,GENERAL_CONVERSATION
ace mute,MUTE
voice on,UNMUTE
open excel,OPEN_APP
ace mute,MUTE
what’s the clock say,GET_TIME
start talking again,UNMUTE
what’s the clock say,GET_TIME
can you tell the time,GET_TIME
shut up,MUTE
ace mute,MUTE
what’s the clock say,GET_TIME
find stock price of Apple,WEB_SEARCH
be silent,MUTE
how’s it going,GENERAL_CONVERSATION
ace search for twitter trends,WEB_SEARCH
what’s the clock say,GET_TIME
show me cricket world cup score,WEB_SEARCH
resume speaking,UNMUTE
stop talking,MUTE
show me research.pdf,OPEN_FILE
look up python tutorials,WEB_SEARCH
google chicken curry recipes,WEB_SEARCH
show me downloads folder,OPEN_FILE
show me profile_pic.jpg,OPEN_FILE
voice on,UNMUTE
launch slack,OPEN_APP
open youtube app,OPEN_APP
current time please,GET_TIME
resume speaking,UNMUTE
launch logo.png,OPEN_FILE
ace unmute,UNMUTE
search for best smartphones 2025,WEB_SEARCH
resume speaking,UNMUTE
what time is it,GET_TIME
launch calculator plus,OPEN_APP
ace unmute,UNMUTE
